solid OpenSCAD_Model
  facet normal -1 0 0
    outer loop
      vertex -7.49309354949895 -6 -0.21976681835259818
      vertex -7.49309354949895 -6 0.21976681835259818
      vertex -7.49309354949895 0 -0.21976681835259818
    endloop
  endfacet
  facet normal -0.9921147013144778 0 -0.12533323356430498
    outer loop
      vertex -7.49309354949895 -6 -0.21976681835259818
      vertex -7.49309354949895 0 -0.21976681835259818
      vertex -7.43800537755041 0 -0.6558346010500369
    endloop
  endfacet
  facet normal 0 -1 0
    outer loop
      vertex -7.49309354949895 -6 -0.21976681835259818
      vertex -7.43800537755041 -6 -0.6558346010500369
      vertex 7.493093549498951 -6 -0.21976681835259648
    endloop
  endfacet
  facet normal -0.9921147013144778 0 -0.12533323356430498
    outer loop
      vertex -7.49309354949895 -6 -0.21976681835259818
      vertex -7.43800537755041 0 -0.6558346010500369
      vertex -7.43800537755041 -6 -0.6558346010500369
    endloop
  endfacet
  facet normal 0 -1 0
    outer loop
      vertex -7.49309354949895 -6 -0.21976681835259818
      vertex 7.493093549498951 -6 -0.21976681835259648
      vertex 7.493093549498951 -6 0.21976681835259648
    endloop
  endfacet
  facet normal 0 -1 0
    outer loop
      vertex -7.49309354949895 -6 -0.21976681835259818
      vertex 7.493093549498951 -6 0.21976681835259648
      vertex -7.49309354949895 -6 0.21976681835259818
    endloop
  endfacet
  facet normal -1 0 0
    outer loop
      vertex -7.49309354949895 -6 0.21976681835259818
      vertex -7.49309354949895 0 0.21976681835259818
      vertex -7.49309354949895 0 -0.21976681835259818
    endloop
  endfacet
  facet normal -0.9921147013144778 0 0.12533323356430498
    outer loop
      vertex -7.49309354949895 -6 0.21976681835259818
      vertex -7.43800537755041 -6 0.6558346010500369
      vertex -7.49309354949895 0 0.21976681835259818
    endloop
  endfacet
  facet normal 0 -1 0
    outer loop
      vertex -7.49309354949895 -6 0.21976681835259818
      vertex 7.438005377550411 -6 0.655834601050036
      vertex -7.43800537755041 -6 0.6558346010500369
    endloop
  endfacet
  facet normal 0 -1 0
    outer loop
      vertex -7.49309354949895 -6 0.21976681835259818
      vertex 7.493093549498951 -6 0.21976681835259648
      vertex 7.438005377550411 -6 0.655834601050036
    endloop
  endfacet
  facet normal 0 1 0
    outer loop
      vertex -7.49309354949895 0 -0.21976681835259818
      vertex -7.49309354949895 0 0.21976681835259818
      vertex -4 0 0
    endloop
  endfacet
  facet normal 0 1 0
    outer loop
      vertex -7.49309354949895 0 -0.21976681835259818
      vertex -4 0 0
      vertex -7.43800537755041 0 -0.6558346010500369
    endloop
  endfacet
  facet normal -0.9921147013144778 0 0.12533323356430498
    outer loop
      vertex -7.49309354949895 0 0.21976681835259818
      vertex -7.43800537755041 -6 0.6558346010500369
      vertex -7.43800537755041 0 0.6558346010500369
    endloop
  endfacet
  facet normal 0 1 0
    outer loop
      vertex -7.49309354949895 0 0.21976681835259818
      vertex -7.43800537755041 0 0.6558346010500369
      vertex -3.9125904029352228 0 0.8316467632710374
    endloop
  endfacet
  facet normal 0 1 0
    outer loop
      vertex -7.49309354949895 0 0.21976681835259818
      vertex -3.9125904029352228 0 0.8316467632710374
      vertex -4 0 0
    endloop
  endfacet
  facet normal -0.9685831611286313 0 -0.2486898871648539
    outer loop
      vertex -7.43800537755041 -6 -0.6558346010500369
      vertex -7.43800537755041 0 -0.6558346010500369
      vertex -7.328697807033038 0 -1.0815594803123159
    endloop
  endfacet
  facet normal 0 -1 0
    outer loop
      vertex -7.43800537755041 -6 -0.6558346010500369
      vertex -7.328697807033038 -6 -1.0815594803123159
      vertex 7.438005377550411 -6 -0.655834601050036
    endloop
  endfacet
  facet normal -0.9685831611286313 0 -0.2486898871648539
    outer loop
      vertex -7.43800537755041 -6 -0.6558346010500369
      vertex -7.328697807033038 0 -1.0815594803123159
      vertex -7.328697807033038 -6 -1.0815594803123159
    endloop
  endfacet
  facet normal 0 -1 0
    outer loop
      vertex -7.43800537755041 -6 -0.6558346010500369
      vertex 7.438005377550411 -6 -0.655834601050036
      vertex 7.493093549498951 -6 -0.21976681835259648
    endloop
  endfacet
  facet normal -0.9685831611286313 0 0.2486898871648539
    outer loop
      vertex -7.43800537755041 -6 0.6558346010500369
      vertex -7.328697807033038 -6 1.0815594803123159
      vertex -7.43800537755041 0 0.6558346010500369
    endloop
  endfacet
  facet normal 0 -1 0
    outer loop
      vertex -7.43800537755041 -6 0.6558346010500369
      vertex 7.328697807033038 -6 1.0815594803123159
      vertex -7.328697807033038 -6 1.0815594803123159
    endloop
  endfacet
  facet normal 0 -1 0
    outer loop
      vertex -7.43800537755041 -6 0.6558346010500369
      vertex 7.438005377550411 -6 0.655834601050036
      vertex 7.328697807033038 -6 1.0815594803123159
    endloop
  endfacet
  facet normal 0 1 0
    outer loop
      vertex -7.43800537755041 0 -0.6558346010500369
      vertex -4 0 0
      vertex -7.328697807033038 0 -1.0815594803123159
    endloop
  endfacet
  facet normal -0.9685831611286313 0 0.2486898871648539
    outer loop
      vertex -7.43800537755041 0 0.6558346010500369
      vertex -7.328697807033038 -6 1.0815594803123159
      vertex -7.328697807033038 0 1.0815594803123159
    endloop
  endfacet
  facet normal 0 1 0
    outer loop
      vertex -7.43800537755041 0 0.6558346010500369
      vertex -7.328697807033038 0 1.0815594803123159
      vertex -3.9125904029352228 0 0.8316467632710374
    endloop
  endfacet
  facet normal -0.9297764858882509 0 -0.36812455268467903
    outer loop
      vertex -7.328697807033038 -6 -1.0815594803123159
      vertex -7.328697807033038 0 -1.0815594803123159
      vertex -7.166894683631068 0 -1.4902275204777535
    endloop
  endfacet
  facet normal 0 -1 0
    outer loop
      vertex -7.328697807033038 -6 -1.0815594803123159
      vertex -7.166894683631068 -6 -1.4902275204777535
      vertex 7.328697807033038 -6 -1.0815594803123159
    endloop
  endfacet
  facet normal -0.9297764858882509 0 -0.36812455268467903
    outer loop
      vertex -7.328697807033038 -6 -1.0815594803123159
      vertex -7.166894683631068 0 -1.4902275204777535
      vertex -7.166894683631068 -6 -1.4902275204777535
    endloop
  endfacet
  facet normal 0 -1 0
    outer loop
      vertex -7.328697807033038 -6 -1.0815594803123159
      vertex 7.328697807033038 -6 -1.0815594803123159
      vertex 7.438005377550411 -6 -0.655834601050036
    endloop
  endfacet
  facet normal -0.9297764858882509 0 0.36812455268467903
    outer loop
      vertex -7.328697807033038 -6 1.0815594803123159
      vertex -7.166894683631068 -6 1.4902275204777535
      vertex -7.328697807033038 0 1.0815594803123159
    endloop
  endfacet
  facet normal 0 -1 0
    outer loop
      vertex -7.328697807033038 -6 1.0815594803123159
      vertex 7.166894683631067 -6 1.4902275204777544
      vertex -7.166894683631068 -6 1.4902275204777535
    endloop
  endfacet
  facet normal 0 -1 0
    outer loop
      vertex -7.328697807033038 -6 1.0815594803123159
      vertex 7.328697807033038 -6 1.0815594803123159
      vertex 7.166894683631067 -6 1.4902275204777544
    endloop
  endfacet
  facet normal 0 1 0
    outer loop
      vertex -7.328697807033038 0 -1.0815594803123159
      vertex -4 0 0
      vertex -3.9125904029352228 0 -0.8316467632710374
    endloop
  endfacet
  facet normal 0 1 0
    outer loop
      vertex -7.328697807033038 0 -1.0815594803123159
      vertex -3.9125904029352228 0 -0.8316467632710374
      vertex -7.166894683631068 0 -1.4902275204777535
    endloop
  endfacet
  facet normal -0.9297764858882509 0 0.36812455268467903
    outer loop
      vertex -7.328697807033038 0 1.0815594803123159
      vertex -7.166894683631068 -6 1.4902275204777535
      vertex -7.166894683631068 0 1.4902275204777535
    endloop
  endfacet
  facet normal 0 1 0
    outer loop
      vertex -7.328697807033038 0 1.0815594803123159
      vertex -7.166894683631068 0 1.4902275204777535
      vertex -3.6541818305704035 0 1.6269465723032008
    endloop
  endfacet
  facet normal 0 1 0
    outer loop
      vertex -7.328697807033038 0 1.0815594803123159
      vertex -3.6541818305704035 0 1.6269465723032008
      vertex -3.9125904029352228 0 0.8316467632710374
    endloop
  endfacet
  facet normal -0.8763066800438646 0 -0.4817536741017137
    outer loop
      vertex -7.166894683631068 -6 -1.4902275204777535
      vertex -7.166894683631068 0 -1.4902275204777535
      vertex -6.955147739257054 0 -1.8753937824264868
    endloop
  endfacet
  facet normal 0 -1 0
    outer loop
      vertex -7.166894683631068 -6 -1.4902275204777535
      vertex -6.955147739257054 -6 -1.8753937824264868
      vertex 7.166894683631067 -6 -1.4902275204777544
    endloop
  endfacet
  facet normal -0.8763066800438646 0 -0.4817536741017137
    outer loop
      vertex -7.166894683631068 -6 -1.4902275204777535
      vertex -6.955147739257054 0 -1.8753937824264868
      vertex -6.955147739257054 -6 -1.8753937824264868
    endloop
  endfacet
  facet normal 0 -1 0
    outer loop
      vertex -7.166894683631068 -6 -1.4902275204777535
      vertex 7.166894683631067 -6 -1.4902275204777544
      vertex 7.328697807033038 -6 -1.0815594803123159
    endloop
  endfacet
  facet normal -0.8763066800438638 0 0.4817536741017148
    outer loop
      vertex -7.166894683631068 -6 1.4902275204777535
      vertex -6.955147739257052 -6 1.8753937824264888
      vertex -7.166894683631068 0 1.4902275204777535
    endloop
  endfacet
  facet normal 0 -1 0
    outer loop
      vertex -7.166894683631068 -6 1.4902275204777535
      vertex 6.955147739257052 -6 1.8753937824264888
      vertex -6.955147739257052 -6 1.8753937824264888
    endloop
  endfacet
  facet normal 0 -1 0
    outer loop
      vertex -7.166894683631068 -6 1.4902275204777535
      vertex 7.166894683631067 -6 1.4902275204777544
      vertex 6.955147739257052 -6 1.8753937824264888
    endloop
  endfacet
  facet normal 0 1 0
    outer loop
      vertex -7.166894683631068 0 -1.4902275204777535
      vertex -3.9125904029352228 0 -0.8316467632710374
      vertex -6.955147739257054 0 -1.8753937824264868
    endloop
  endfacet
  facet normal -0.8763066800438638 0 0.4817536741017148
    outer loop
      vertex -7.166894683631068 0 1.4902275204777535
      vertex -6.955147739257052 -6 1.8753937824264888
      vertex -6.955147739257052 0 1.8753937824264888
    endloop
  endfacet
  facet normal 0 1 0
    outer loop
      vertex -7.166894683631068 0 1.4902275204777535
      vertex -6.955147739257052 0 1.8753937824264888
      vertex -3.6541818305704035 0 1.6269465723032008
    endloop
  endfacet
  facet normal -0.8090169943749476 0 -0.587785252292473
    outer loop
      vertex -6.955147739257054 -6 -1.8753937824264868
      vertex -6.955147739257054 0 -1.8753937824264868
      vertex -6.696796349715262 0 -2.2309839641204148
    endloop
  endfacet
  facet normal 0 -1 0
    outer loop
      vertex -6.955147739257054 -6 -1.8753937824264868
      vertex -6.696796349715262 -6 -2.2309839641204148
      vertex 6.955147739257052 -6 -1.8753937824264884
    endloop
  endfacet
  facet normal -0.8090169943749476 0 -0.587785252292473
    outer loop
      vertex -6.955147739257054 -6 -1.8753937824264868
      vertex -6.696796349715262 0 -2.2309839641204148
      vertex -6.696796349715262 -6 -2.2309839641204148
    endloop
  endfacet
  facet normal 0 -1 0
    outer loop
      vertex -6.955147739257054 -6 -1.8753937824264868
      vertex 6.955147739257052 -6 -1.8753937824264884
      vertex 7.166894683631067 -6 -1.4902275204777544
    endloop
  endfacet
  facet normal 0 1 0
    outer loop
      vertex -6.955147739257054 0 -1.8753937824264868
      vertex -3.9125904029352228 0 -0.8316467632710374
      vertex -3.6541818305704035 0 -1.6269465723032008
    endloop
  endfacet
  facet normal 0 1 0
    outer loop
      vertex -6.955147739257054 0 -1.8753937824264868
      vertex -3.6541818305704035 0 -1.6269465723032008
      vertex -6.696796349715262 0 -2.2309839641204148
    endloop
  endfacet
  facet normal -0.8090169943749481 0 0.5877852522924721
    outer loop
      vertex -6.955147739257052 -6 1.8753937824264888
      vertex -6.696796349715263 -6 2.230983964120414
      vertex -6.955147739257052 0 1.8753937824264888
    endloop
  endfacet
  facet normal 0 -1 0
    outer loop
      vertex -6.955147739257052 -6 1.8753937824264888
      vertex 6.696796349715264 -6 2.230983964120414
      vertex -6.696796349715263 -6 2.230983964120414
    endloop
  endfacet
  facet normal 0 -1 0
    outer loop
      vertex -6.955147739257052 -6 1.8753937824264888
      vertex 6.955147739257052 -6 1.8753937824264888
      vertex 6.696796349715264 -6 2.230983964120414
    endloop
  endfacet
  facet normal -0.8090169943749481 0 0.5877852522924721
    outer loop
      vertex -6.955147739257052 0 1.8753937824264888
      vertex -6.696796349715263 -6 2.230983964120414
      vertex -6.696796349715263 0 2.230983964120414
    endloop
  endfacet
  facet normal 0 1 0
    outer loop
      vertex -6.955147739257052 0 1.8753937824264888
      vertex -6.696796349715263 0 2.230983964120414
      vertex -3.23606797749979 0 2.3511410091698925
    endloop
  endfacet
  facet normal 0 1 0
    outer loop
      vertex -6.955147739257052 0 1.8753937824264888
      vertex -3.23606797749979 0 2.3511410091698925
      vertex -3.6541818305704035 0 1.6269465723032008
    endloop
  endfacet
  facet normal -0.7289686274214108 0 0.6845471059286894
    outer loop
      vertex -6.696796349715263 -6 2.230983964120414
      vertex -6.39591487075041 -6 2.5513901959749408
      vertex -6.696796349715263 0 2.230983964120414
    endloop
  endfacet
  facet normal 0 -1 0
    outer loop
      vertex -6.696796349715263 -6 2.230983964120414
      vertex 6.39591487075041 -6 2.5513901959749408
      vertex -6.39591487075041 -6 2.5513901959749408
    endloop
  endfacet
  facet normal 0 -1 0
    outer loop
      vertex -6.696796349715263 -6 2.230983964120414
      vertex 6.696796349715264 -6 2.230983964120414
      vertex 6.39591487075041 -6 2.5513901959749408
    endloop
  endfacet
  facet normal -0.7289686274214108 0 0.6845471059286894
    outer loop
      vertex -6.696796349715263 0 2.230983964120414
      vertex -6.39591487075041 -6 2.5513901959749408
      vertex -6.39591487075041 0 2.5513901959749408
    endloop
  endfacet
  facet normal 0 1 0
    outer loop
      vertex -6.696796349715263 0 2.230983964120414
      vertex -6.39591487075041 0 2.5513901959749408
      vertex -3.23606797749979 0 2.3511410091698925
    endloop
  endfacet
  facet normal -0.7289686274214109 0 -0.6845471059286893
    outer loop
      vertex -6.696796349715262 -6 -2.2309839641204148
      vertex -6.696796349715262 0 -2.2309839641204148
      vertex -6.39591487075041 0 -2.5513901959749408
    endloop
  endfacet
  facet normal 0 -1 0
    outer loop
      vertex -6.696796349715262 -6 -2.2309839641204148
      vertex -6.39591487075041 -6 -2.5513901959749408
      vertex 6.696796349715262 -6 -2.230983964120414
    endloop
  endfacet
  facet normal -0.7289686274214109 0 -0.6845471059286893
    outer loop
      vertex -6.696796349715262 -6 -2.2309839641204148
      vertex -6.39591487075041 0 -2.5513901959749408
      vertex -6.39591487075041 -6 -2.5513901959749408
    endloop
  endfacet
  facet normal 0 -1 0
    outer loop
      vertex -6.696796349715262 -6 -2.2309839641204148
      vertex 6.696796349715262 -6 -2.230983964120414
      vertex 6.955147739257052 -6 -1.8753937824264884
    endloop
  endfacet
  facet normal 0 1 0
    outer loop
      vertex -6.696796349715262 0 -2.2309839641204148
      vertex -3.6541818305704035 0 -1.6269465723032008
      vertex -6.39591487075041 0 -2.5513901959749408
    endloop
  endfacet
  facet normal -0.6374239897486896 0 -0.7705132427757893
    outer loop
      vertex -6.39591487075041 -6 -2.5513901959749408
      vertex -6.39591487075041 0 -2.5513901959749408
      vertex -6.057248383023656 0 -2.831559480312316
    endloop
  endfacet
  facet normal 0 -1 0
    outer loop
      vertex -6.39591487075041 -6 -2.5513901959749408
      vertex -6.057248383023656 -6 -2.831559480312316
      vertex 6.39591487075041 -6 -2.5513901959749403
    endloop
  endfacet
  facet normal -0.6374239897486896 0 -0.7705132427757893
    outer loop
      vertex -6.39591487075041 -6 -2.5513901959749408
      vertex -6.057248383023656 0 -2.831559480312316
      vertex -6.057248383023656 -6 -2.831559480312316
    endloop
  endfacet
  facet normal 0 -1 0
    outer loop
      vertex -6.39591487075041 -6 -2.5513901959749408
      vertex 6.39591487075041 -6 -2.5513901959749403
      vertex 6.696796349715262 -6 -2.230983964120414
    endloop
  endfacet
  facet normal -0.6374239897486896 0 0.7705132427757893
    outer loop
      vertex -6.39591487075041 -6 2.5513901959749408
      vertex -6.057248383023656 -6 2.831559480312316
      vertex -6.39591487075041 0 2.5513901959749408
    endloop
  endfacet
  facet normal 0 -1 0
    outer loop
      vertex -6.39591487075041 -6 2.5513901959749408
      vertex 6.057248383023655 -6 2.831559480312316
      vertex -6.057248383023656 -6 2.831559480312316
    endloop
  endfacet
  facet normal 0 -1 0
    outer loop
      vertex -6.39591487075041 -6 2.5513901959749408
      vertex 6.39591487075041 -6 2.5513901959749408
      vertex 6.057248383023655 -6 2.831559480312316
    endloop
  endfacet
  facet normal 0 1 0
    outer loop
      vertex -6.39591487075041 0 -2.5513901959749408
      vertex -3.6541818305704035 0 -1.6269465723032008
      vertex -3.23606797749979 0 -2.3511410091698925
    endloop
  endfacet
  facet normal 0 1 0
    outer loop
      vertex -6.39591487075041 0 -2.5513901959749408
      vertex -3.23606797749979 0 -2.3511410091698925
      vertex -6.057248383023656 0 -2.831559480312316
    endloop
  endfacet
  facet normal -0.6374239897486896 0 0.7705132427757893
    outer loop
      vertex -6.39591487075041 0 2.5513901959749408
      vertex -6.057248383023656 -6 2.831559480312316
      vertex -6.057248383023656 0 2.831559480312316
    endloop
  endfacet
  facet normal 0 1 0
    outer loop
      vertex -6.39591487075041 0 2.5513901959749408
      vertex -6.057248383023656 0 2.831559480312316
      vertex -2.676522425435433 0 2.972579301909577
    endloop
  endfacet
  facet normal 0 1 0
    outer loop
      vertex -6.39591487075041 0 2.5513901959749408
      vertex -2.676522425435433 0 2.972579301909577
      vertex -3.23606797749979 0 2.3511410091698925
    endloop
  endfacet
  facet normal -0.5358267949789961 0 -0.8443279255020154
    outer loop
      vertex -6.057248383023656 -6 -2.831559480312316
      vertex -6.057248383023656 0 -2.831559480312316
      vertex -5.686137859356004 0 -3.067073380153522
    endloop
  endfacet
  facet normal 0 -1 0
    outer loop
      vertex -6.057248383023656 -6 -2.831559480312316
      vertex -5.686137859356004 -6 -3.067073380153522
      vertex 6.057248383023655 -6 -2.831559480312316
    endloop
  endfacet
  facet normal -0.5358267949789961 0 -0.8443279255020154
    outer loop
      vertex -6.057248383023656 -6 -2.831559480312316
      vertex -5.686137859356004 0 -3.067073380153522
      vertex -5.686137859356004 -6 -3.067073380153522
    endloop
  endfacet
  facet normal 0 -1 0
    outer loop
      vertex -6.057248383023656 -6 -2.831559480312316
      vertex 6.057248383023655 -6 -2.831559480312316
      vertex 6.39591487075041 -6 -2.5513901959749403
    endloop
  endfacet
  facet normal -0.5358267949789961 0 0.8443279255020154
    outer loop
      vertex -6.057248383023656 -6 2.831559480312316
      vertex -5.686137859356004 -6 3.067073380153522
      vertex -6.057248383023656 0 2.831559480312316
    endloop
  endfacet
  facet normal 0 -1 0
    outer loop
      vertex -6.057248383023656 -6 2.831559480312316
      vertex 5.686137859356004 -6 3.067073380153522
      vertex -5.686137859356004 -6 3.067073380153522
    endloop
  endfacet
  facet normal 0 -1 0
    outer loop
      vertex -6.057248383023656 -6 2.831559480312316
      vertex 6.057248383023655 -6 2.831559480312316
      vertex 5.686137859356004 -6 3.067073380153522
    endloop
  endfacet
  facet normal 0 1 0
    outer loop
      vertex -6.057248383023656 0 -2.831559480312316
      vertex -3.23606797749979 0 -2.3511410091698925
      vertex -5.686137859356004 0 -3.067073380153522
    endloop
  endfacet
  facet normal -0.5358267949789961 0 0.8443279255020154
    outer loop
      vertex -6.057248383023656 0 2.831559480312316
      vertex -5.686137859356004 -6 3.067073380153522
      vertex -5.686137859356004 0 3.067073380153522
    endloop
  endfacet
  facet normal 0 1 0
    outer loop
      vertex -6.057248383023656 0 2.831559480312316
      vertex -5.686137859356004 0 3.067073380153522
      vertex -2.676522425435433 0 2.972579301909577
    endloop
  endfacet
  facet normal -0.42577929156507366 0 -0.9048270524660191
    outer loop
      vertex -5.686137859356004 -6 -3.067073380153522
      vertex -5.686137859356004 0 -3.067073380153522
      vertex -5.288435934396374 0 -3.2542177006088795
    endloop
  endfacet
  facet normal 0 -1 0
    outer loop
      vertex -5.686137859356004 -6 -3.067073380153522
      vertex -5.288435934396374 -6 -3.2542177006088795
      vertex 5.686137859356004 -6 -3.0670733801535226
    endloop
  endfacet
  facet normal -0.42577929156507366 0 -0.9048270524660191
    outer loop
      vertex -5.686137859356004 -6 -3.067073380153522
      vertex -5.288435934396374 0 -3.2542177006088795
      vertex -5.288435934396374 -6 -3.2542177006088795
    endloop
  endfacet
  facet normal 0 -1 0
    outer loop
      vertex -5.686137859356004 -6 -3.067073380153522
      vertex 5.686137859356004 -6 -3.0670733801535226
      vertex 6.057248383023655 -6 -2.831559480312316
    endloop
  endfacet
  facet normal -0.4257792915650729 0 0.9048270524660194
    outer loop
      vertex -5.686137859356004 -6 3.067073380153522
      vertex -5.2884359343963725 -6 3.25421770060888
      vertex -5.686137859356004 0 3.067073380153522
    endloop
  endfacet
  facet normal 0 -1 0
    outer loop
      vertex -5.686137859356004 -6 3.067073380153522
      vertex 5.288435934396372 -6 3.25421770060888
      vertex -5.2884359343963725 -6 3.25421770060888
    endloop
  endfacet
  facet normal 0 -1 0
    outer loop
      vertex -5.686137859356004 -6 3.067073380153522
      vertex 5.686137859356004 -6 3.067073380153522
      vertex 5.288435934396372 -6 3.25421770060888
    endloop
  endfacet
  facet normal 0 1 0
    outer loop
      vertex -5.686137859356004 0 -3.067073380153522
      vertex -3.23606797749979 0 -2.3511410091698925
      vertex -2.676522425435433 0 -2.972579301909577
    endloop
  endfacet
  facet normal 0 1 0
    outer loop
      vertex -5.686137859356004 0 -3.067073380153522
      vertex -2.676522425435433 0 -2.972579301909577
      vertex -5.288435934396374 0 -3.2542177006088795
    endloop
  endfacet
  facet normal -0.4257792915650729 0 0.9048270524660194
    outer loop
      vertex -5.686137859356004 0 3.067073380153522
      vertex -5.2884359343963725 -6 3.25421770060888
      vertex -5.2884359343963725 0 3.25421770060888
    endloop
  endfacet
  facet normal 0 1 0
    outer loop
      vertex -5.686137859356004 0 3.067073380153522
      vertex -5.2884359343963725 0 3.25421770060888
      vertex -2 0 3.4641016151377544
    endloop
  endfacet
  facet normal 0 1 0
    outer loop
      vertex -5.686137859356004 0 3.067073380153522
      vertex -2 0 3.4641016151377544
      vertex -2.676522425435433 0 2.972579301909577
    endloop
  endfacet
  facet normal -0.3090169943749471 0 -0.9510565162951536
    outer loop
      vertex -5.288435934396374 -6 -3.2542177006088795
      vertex -5.288435934396374 0 -3.2542177006088795
      vertex -4.8704146050769905 0 -3.390041063950209
    endloop
  endfacet
  facet normal 0 -1 0
    outer loop
      vertex -5.288435934396374 -6 -3.2542177006088795
      vertex -4.8704146050769905 -6 -3.390041063950209
      vertex 5.288435934396373 -6 -3.25421770060888
    endloop
  endfacet
  facet normal -0.3090169943749471 0 -0.9510565162951536
    outer loop
      vertex -5.288435934396374 -6 -3.2542177006088795
      vertex -4.8704146050769905 0 -3.390041063950209
      vertex -4.8704146050769905 -6 -3.390041063950209
    endloop
  endfacet
  facet normal 0 -1 0
    outer loop
      vertex -5.288435934396374 -6 -3.2542177006088795
      vertex 5.288435934396373 -6 -3.25421770060888
      vertex 5.686137859356004 -6 -3.0670733801535226
    endloop
  endfacet
  facet normal 0 1 0
    outer loop
      vertex -5.288435934396374 0 -3.2542177006088795
      vertex -2.676522425435433 0 -2.972579301909577
      vertex -4.8704146050769905 0 -3.390041063950209
    endloop
  endfacet
  facet normal -0.3090169943749477 0 0.9510565162951535
    outer loop
      vertex -5.2884359343963725 -6 3.25421770060888
      vertex -4.870414605076992 -6 3.3900410639502088
      vertex -5.2884359343963725 0 3.25421770060888
    endloop
  endfacet
  facet normal 0 -1 0
    outer loop
      vertex -5.2884359343963725 -6 3.25421770060888
      vertex 4.870414605076991 -6 3.3900410639502088
      vertex -4.870414605076992 -6 3.3900410639502088
    endloop
  endfacet
  facet normal 0 -1 0
    outer loop
      vertex -5.2884359343963725 -6 3.25421770060888
      vertex 5.288435934396372 -6 3.25421770060888
      vertex 4.870414605076991 -6 3.3900410639502088
    endloop
  endfacet
  facet normal -0.3090169943749477 0 0.9510565162951535
    outer loop
      vertex -5.2884359343963725 0 3.25421770060888
      vertex -4.870414605076992 -6 3.3900410639502088
      vertex -4.870414605076992 0 3.3900410639502088
    endloop
  endfacet
  facet normal 0 1 0
    outer loop
      vertex -5.2884359343963725 0 3.25421770060888
      vertex -4.870414605076992 0 3.3900410639502088
      vertex -2 0 3.4641016151377544
    endloop
  endfacet
  facet normal -0.18738131458572527 0 0.9822872507286885
    outer loop
      vertex -4.870414605076992 -6 3.3900410639502088
      vertex -4.4386663174750645 -6 3.4724014546006727
      vertex -4.870414605076992 0 3.3900410639502088
    endloop
  endfacet
  facet normal 0 -1 0
    outer loop
      vertex -4.870414605076992 -6 3.3900410639502088
      vertex 4.4386663174750645 -6 3.4724014546006727
      vertex -4.4386663174750645 -6 3.4724014546006727
    endloop
  endfacet
  facet normal 0 -1 0
    outer loop
      vertex -4.870414605076992 -6 3.3900410639502088
      vertex 4.870414605076991 -6 3.3900410639502088
      vertex 4.4386663174750645 -6 3.4724014546006727
    endloop
  endfacet
  facet normal -0.18738131458572527 0 0.9822872507286885
    outer loop
      vertex -4.870414605076992 0 3.3900410639502088
      vertex -4.4386663174750645 -6 3.4724014546006727
      vertex -4.4386663174750645 0 3.4724014546006727
    endloop
  endfacet
  facet normal 0 1 0
    outer loop
      vertex -4.870414605076992 0 3.3900410639502088
      vertex -4.4386663174750645 0 3.4724014546006727
      vertex -2 0 3.4641016151377544
    endloop
  endfacet
  facet normal -0.18738131458572505 0 -0.9822872507286886
    outer loop
      vertex -4.8704146050769905 -6 -3.390041063950209
      vertex -4.8704146050769905 0 -3.390041063950209
      vertex -4.4386663174750645 0 -3.4724014546006727
    endloop
  endfacet
  facet normal 0 -1 0
    outer loop
      vertex -4.8704146050769905 -6 -3.390041063950209
      vertex -4.4386663174750645 -6 -3.4724014546006727
      vertex 4.870414605076991 -6 -3.3900410639502088
    endloop
  endfacet
  facet normal -0.18738131458572505 0 -0.9822872507286886
    outer loop
      vertex -4.8704146050769905 -6 -3.390041063950209
      vertex -4.4386663174750645 0 -3.4724014546006727
      vertex -4.4386663174750645 -6 -3.4724014546006727
    endloop
  endfacet
  facet normal 0 -1 0
    outer loop
      vertex -4.8704146050769905 -6 -3.390041063950209
      vertex 4.870414605076991 -6 -3.3900410639502088
      vertex 5.288435934396373 -6 -3.25421770060888
    endloop
  endfacet
  facet normal 0 1 0
    outer loop
      vertex -4.8704146050769905 0 -3.390041063950209
      vertex -2.676522425435433 0 -2.972579301909577
      vertex -4.4386663174750645 0 -3.4724014546006727
    endloop
  endfacet
  facet normal -0.9945218953682733 0 -0.10452846326765321
    outer loop
      vertex -4.5 7.75 0
      vertex -4.5 8.5 0
      vertex -4.401664203302126 8.5 -0.9356026086799171
    endloop
  endfacet
  facet normal -0.8288867290812315 -0.5525911527208209 -0.08711950578195057
    outer loop
      vertex -4.5 7.75 0
      vertex -4.401664203302126 7.75 -0.9356026086799171
      vertex -3.9125904029352228 7 -0.8316467632710374
    endloop
  endfacet
  facet normal -0.9945218953682733 0 0.10452846326765321
    outer loop
      vertex -4.5 7.75 0
      vertex -4.401664203302126 7.75 0.9356026086799171
      vertex -4.5 8.5 0
    endloop
  endfacet
  facet normal -0.9945218953682733 0 -0.10452846326765321
    outer loop
      vertex -4.5 7.75 0
      vertex -4.401664203302126 8.5 -0.9356026086799171
      vertex -4.401664203302126 7.75 -0.9356026086799171
    endloop
  endfacet
  facet normal -0.8288867290812314 -0.552591152720821 0.08711950578195057
    outer loop
      vertex -4.5 7.75 0
      vertex -4 7 0
      vertex -3.9125904029352228 7 0.8316467632710374
    endloop
  endfacet
  facet normal -0.8288867290812314 -0.552591152720821 -0.08711950578195057
    outer loop
      vertex -4.5 7.75 0
      vertex -3.9125904029352228 7 -0.8316467632710374
      vertex -4 7 0
    endloop
  endfacet
  facet normal -0.8288867290812315 -0.5525911527208209 0.08711950578195057
    outer loop
      vertex -4.5 7.75 0
      vertex -3.9125904029352228 7 0.8316467632710374
      vertex -4.401664203302126 7.75 0.9356026086799171
    endloop
  endfacet
  facet normal -0.9945218953682733 0 0.10452846326765321
    outer loop
      vertex -4.5 8.5 0
      vertex -4.401664203302126 7.75 0.9356026086799171
      vertex -4.401664203302126 8.5 0.9356026086799171
    endloop
  endfacet
  facet normal -0.8288867290812315 0.5525911527208209 0.08711950578195057
    outer loop
      vertex -4.5 8.5 0
      vertex -4.401664203302126 8.5 0.9356026086799171
      vertex -3.42351660256832 10 0.7276909178621577
    endloop
  endfacet
  facet normal -0.8288867290812315 0.552591152720821 -0.08711950578195059
    outer loop
      vertex -4.5 8.5 0
      vertex -3.5 10 0
      vertex -3.42351660256832 10 -0.7276909178621577
    endloop
  endfacet
  facet normal -0.8288867290812315 0.5525911527208209 -0.08711950578195057
    outer loop
      vertex -4.5 8.5 0
      vertex -3.42351660256832 10 -0.7276909178621577
      vertex -4.401664203302126 8.5 -0.9356026086799171
    endloop
  endfacet
  facet normal -0.8288867290812315 0.552591152720821 0.08711950578195059
    outer loop
      vertex -4.5 8.5 0
      vertex -3.42351660256832 10 0.7276909178621577
      vertex -3.5 10 0
    endloop
  endfacet
  facet normal -0.06279051952931271 0 -0.9980267284282717
    outer loop
      vertex -4.4386663174750645 -6 -3.4724014546006727
      vertex -4.4386663174750645 0 -3.4724014546006727
      vertex -4 0 -3.5
    endloop
  endfacet
  facet normal 0 -1 0
    outer loop
      vertex -4.4386663174750645 -6 -3.4724014546006727
      vertex -4 -6 -3.5
      vertex 4.4386663174750645 -6 -3.4724014546006727
    endloop
  endfacet
  facet normal -0.06279051952931271 0 -0.9980267284282717
    outer loop
      vertex -4.4386663174750645 -6 -3.4724014546006727
      vertex -4 0 -3.5
      vertex -4 -6 -3.5
    endloop
  endfacet
  facet normal 0 -1 0
    outer loop
      vertex -4.4386663174750645 -6 -3.4724014546006727
      vertex 4.4386663174750645 -6 -3.4724014546006727
      vertex 4.870414605076991 -6 -3.3900410639502088
    endloop
  endfacet
  facet normal -0.06279051952931271 0 0.9980267284282717
    outer loop
      vertex -4.4386663174750645 -6 3.4724014546006727
      vertex -4 -6 3.5
      vertex -4.4386663174750645 0 3.4724014546006727
    endloop
  endfacet
  facet normal 0 -1 0
    outer loop
      vertex -4.4386663174750645 -6 3.4724014546006727
      vertex 4 -6 3.5
      vertex -4 -6 3.5
    endloop
  endfacet
  facet normal 0 -1 0
    outer loop
      vertex -4.4386663174750645 -6 3.4724014546006727
      vertex 4.4386663174750645 -6 3.4724014546006727
      vertex 4 -6 3.5
    endloop
  endfacet
  facet normal 0 1 0
    outer loop
      vertex -4.4386663174750645 0 -3.4724014546006727
      vertex -2.676522425435433 0 -2.972579301909577
      vertex -2 0 -3.4641016151377544
    endloop
  endfacet
  facet normal 0 1 0
    outer loop
      vertex -4.4386663174750645 0 -3.4724014546006727
      vertex -2 0 -3.4641016151377544
      vertex -4 0 -3.5
    endloop
  endfacet
  facet normal -0.06279051952931271 0 0.9980267284282717
    outer loop
      vertex -4.4386663174750645 0 3.4724014546006727
      vertex -4 -6 3.5
      vertex -4 0 3.5
    endloop
  endfacet
  facet normal 0 1 0
    outer loop
      vertex -4.4386663174750645 0 3.4724014546006727
      vertex -4 0 3.5
      vertex -1.91937090747563 0 3.5
    endloop
  endfacet
  facet normal 0 1 0
    outer loop
      vertex -4.4386663174750645 0 3.4724014546006727
      vertex -1.91937090747563 0 3.5
      vertex -2 0 3.4641016151377544
    endloop
  endfacet
  facet normal -0.9510565162951535 0 -0.3090169943749476
    outer loop
      vertex -4.401664203302126 7.75 -0.9356026086799171
      vertex -4.401664203302126 8.5 -0.9356026086799171
      vertex -4.110954559391704 8.5 -1.830314893841101
    endloop
  endfacet
  facet normal -0.7926604015805655 -0.552591152720821 -0.2575509768974111
    outer loop
      vertex -4.401664203302126 7.75 -0.9356026086799171
      vertex -4.110954559391704 7.75 -1.830314893841101
      vertex -3.6541818305704035 7 -1.6269465723032008
    endloop
  endfacet
  facet normal -0.9510565162951535 0 -0.3090169943749476
    outer loop
      vertex -4.401664203302126 7.75 -0.9356026086799171
      vertex -4.110954559391704 8.5 -1.830314893841101
      vertex -4.110954559391704 7.75 -1.830314893841101
    endloop
  endfacet
  facet normal -0.7926604015805655 -0.552591152720821 -0.25755097689741124
    outer loop
      vertex -4.401664203302126 7.75 -0.9356026086799171
      vertex -3.6541818305704035 7 -1.6269465723032008
      vertex -3.9125904029352228 7 -0.8316467632710374
    endloop
  endfacet
  facet normal -0.9510565162951535 0 0.3090169943749476
    outer loop
      vertex -4.401664203302126 7.75 0.9356026086799171
      vertex -4.110954559391704 7.75 1.830314893841101
      vertex -4.401664203302126 8.5 0.9356026086799171
    endloop
  endfacet
  facet normal -0.7926604015805655 -0.552591152720821 0.25755097689741124
    outer loop
      vertex -4.401664203302126 7.75 0.9356026086799171
      vertex -3.9125904029352228 7 0.8316467632710374
      vertex -3.6541818305704035 7 1.6269465723032008
    endloop
  endfacet
  facet normal -0.7926604015805655 -0.552591152720821 0.2575509768974111
    outer loop
      vertex -4.401664203302126 7.75 0.9356026086799171
      vertex -3.6541818305704035 7 1.6269465723032008
      vertex -4.110954559391704 7.75 1.830314893841101
    endloop
  endfacet
  facet normal -0.7926604015805655 0.5525911527208209 -0.2575509768974113
    outer loop
      vertex -4.401664203302126 8.5 -0.9356026086799171
      vertex -3.42351660256832 10 -0.7276909178621577
      vertex -3.197409101749103 10 -1.4235782507653008
    endloop
  endfacet
  facet normal -0.7926604015805655 0.5525911527208213 -0.2575509768974111
    outer loop
      vertex -4.401664203302126 8.5 -0.9356026086799171
      vertex -3.197409101749103 10 -1.4235782507653008
      vertex -4.110954559391704 8.5 -1.830314893841101
    endloop
  endfacet
  facet normal -0.9510565162951535 0 0.3090169943749476
    outer loop
      vertex -4.401664203302126 8.5 0.9356026086799171
      vertex -4.110954559391704 7.75 1.830314893841101
      vertex -4.110954559391704 8.5 1.830314893841101
    endloop
  endfacet
  facet normal -0.7926604015805655 0.5525911527208213 0.2575509768974111
    outer loop
      vertex -4.401664203302126 8.5 0.9356026086799171
      vertex -4.110954559391704 8.5 1.830314893841101
      vertex -3.197409101749103 10 1.4235782507653008
    endloop
  endfacet
  facet normal -0.7926604015805655 0.5525911527208209 0.2575509768974113
    outer loop
      vertex -4.401664203302126 8.5 0.9356026086799171
      vertex -3.197409101749103 10 1.4235782507653008
      vertex -3.42351660256832 10 0.7276909178621577
    endloop
  endfacet
  facet normal -0.8660254037844388 0 -0.49999999999999983
    outer loop
      vertex -4.110954559391704 7.75 -1.830314893841101
      vertex -4.110954559391704 8.5 -1.830314893841101
      vertex -3.6405764746872635 8.5 -2.6450336353161292
    endloop
  endfacet
  facet normal -0.7217910109242188 -0.552591152720821 -0.4167262344557497
    outer loop
      vertex -4.110954559391704 7.75 -1.830314893841101
      vertex -3.6405764746872635 7.75 -2.6450336353161292
      vertex -3.23606797749979 7 -2.3511410091698925
    endloop
  endfacet
  facet normal -0.8660254037844388 0 -0.49999999999999983
    outer loop
      vertex -4.110954559391704 7.75 -1.830314893841101
      vertex -3.6405764746872635 8.5 -2.6450336353161292
      vertex -3.6405764746872635 7.75 -2.6450336353161292
    endloop
  endfacet
  facet normal -0.7217910109242188 -0.5525911527208212 -0.41672623445574963
    outer loop
      vertex -4.110954559391704 7.75 -1.830314893841101
      vertex -3.23606797749979 7 -2.3511410091698925
      vertex -3.6541818305704035 7 -1.6269465723032008
    endloop
  endfacet
  facet normal -0.7217910109242188 -0.5525911527208212 0.41672623445574963
    outer loop
      vertex -4.110954559391704 7.75 1.830314893841101
      vertex -3.6541818305704035 7 1.6269465723032008
      vertex -3.23606797749979 7 2.3511410091698925
    endloop
  endfacet
  facet normal -0.8660254037844388 0 0.49999999999999983
    outer loop
      vertex -4.110954559391704 7.75 1.830314893841101
      vertex -3.6405764746872635 7.75 2.6450336353161292
      vertex -4.110954559391704 8.5 1.830314893841101
    endloop
  endfacet
  facet normal -0.7217910109242188 -0.552591152720821 0.4167262344557497
    outer loop
      vertex -4.110954559391704 7.75 1.830314893841101
      vertex -3.23606797749979 7 2.3511410091698925
      vertex -3.6405764746872635 7.75 2.6450336353161292
    endloop
  endfacet
  facet normal -0.7217910109242188 0.5525911527208212 -0.4167262344557495
    outer loop
      vertex -4.110954559391704 8.5 -1.830314893841101
      vertex -3.197409101749103 10 -1.4235782507653008
      vertex -2.831559480312316 10 -2.057248383023656
    endloop
  endfacet
  facet normal -0.7217910109242188 0.552591152720821 -0.4167262344557497
    outer loop
      vertex -4.110954559391704 8.5 -1.830314893841101
      vertex -2.831559480312316 10 -2.057248383023656
      vertex -3.6405764746872635 8.5 -2.6450336353161292
    endloop
  endfacet
  facet normal -0.8660254037844388 0 0.49999999999999983
    outer loop
      vertex -4.110954559391704 8.5 1.830314893841101
      vertex -3.6405764746872635 7.75 2.6450336353161292
      vertex -3.6405764746872635 8.5 2.6450336353161292
    endloop
  endfacet
  facet normal -0.7217910109242188 0.552591152720821 0.4167262344557497
    outer loop
      vertex -4.110954559391704 8.5 1.830314893841101
      vertex -3.6405764746872635 8.5 2.6450336353161292
      vertex -2.831559480312316 10 2.057248383023656
    endloop
  endfacet
  facet normal -0.7217910109242188 0.5525911527208212 0.4167262344557495
    outer loop
      vertex -4.110954559391704 8.5 1.830314893841101
      vertex -2.831559480312316 10 2.057248383023656
      vertex -3.197409101749103 10 1.4235782507653008
    endloop
  endfacet
  facet normal 0 0 -1
    outer loop
      vertex -4 -6 -3.5
      vertex -4 0 -3.5
      vertex -1.9645745014573772 -3.3747626291714496 -3.5
    endloop
  endfacet
  facet normal 0 0 -1
    outer loop
      vertex -4 -6 -3.5
      vertex -1.9645745014573772 -3.3747626291714496 -3.5
      vertex -1.9021130325903073 -3.618033988749895 -3.5
    endloop
  endfacet
  facet normal 0 0 -1
    outer loop
      vertex -4 -6 -3.5
      vertex -1.9021130325903073 -3.618033988749895 -3.5
      vertex -1.8096541049320392 -3.851558583130145 -3.5
    endloop
  endfacet
  facet normal 0 0 -1
    outer loop
      vertex -4 -6 -3.5
      vertex -1.8096541049320392 -3.851558583130145 -3.5
      vertex -1.6886558510040297 -4.071653589957993 -3.5
    endloop
  endfacet
  facet normal 0 0 -1
    outer loop
      vertex -4 -6 -3.5
      vertex -1.6886558510040297 -4.071653589957993 -3.5
      vertex -1.541026485551579 -4.2748479794973795 -3.5
    endloop
  endfacet
  facet normal 0 0 -1
    outer loop
      vertex -4 -6 -3.5
      vertex -1.541026485551579 -4.2748479794973795 -3.5
      vertex -1.369094211857377 -4.4579372548428235 -3.5
    endloop
  endfacet
  facet normal 0 0 -1
    outer loop
      vertex -4 -6 -3.5
      vertex -1.369094211857377 -4.4579372548428235 -3.5
      vertex -1.1755705045849463 -4.618033988749895 -3.5
    endloop
  endfacet
  facet normal 0 0 -1
    outer loop
      vertex -4 -6 -3.5
      vertex -1.1755705045849463 -4.618033988749895 -3.5
      vertex -0.9635073482034309 -4.752613360087727 -3.5
    endloop
  endfacet
  facet normal 0 0 -1
    outer loop
      vertex -4 -6 -3.5
      vertex -0.9635073482034309 -4.752613360087727 -3.5
      vertex -0.7362491053693558 -4.859552971776503 -3.5
    endloop
  endfacet
  facet normal 0 0 -1
    outer loop
      vertex -4 -6 -3.5
      vertex -0.7362491053693558 -4.859552971776503 -3.5
      vertex -0.4973797743297097 -4.937166322257262 -3.5
    endloop
  endfacet
  facet normal 0 0 -1
    outer loop
      vertex -4 -6 -3.5
      vertex -0.4973797743297097 -4.937166322257262 -3.5
      vertex 4 -6 -3.5
    endloop
  endfacet
  facet normal 0 -1 0
    outer loop
      vertex -4 -6 -3.5
      vertex 4 -6 -3.5
      vertex 4.4386663174750645 -6 -3.4724014546006727
    endloop
  endfacet
  facet normal 0 0 1
    outer loop
      vertex -4 -6 3.5
      vertex -1.9960534568565431 -3.1255810390586274 3.5
      vertex -1.9960534568565431 -2.8744189609413726 3.5
    endloop
  endfacet
  facet normal 0 0 1
    outer loop
      vertex -4 -6 3.5
      vertex -1.9960534568565431 -2.8744189609413726 3.5
      vertex -1.9645745014573772 -2.6252373708285504 3.5
    endloop
  endfacet
  facet normal 0 0 1
    outer loop
      vertex -4 -6 3.5
      vertex -1.9645745014573772 -3.3747626291714496 3.5
      vertex -1.9960534568565431 -3.1255810390586274 3.5
    endloop
  endfacet
  facet normal 0 0 1
    outer loop
      vertex -4 -6 3.5
      vertex -1.9645745014573772 -2.6252373708285504 3.5
      vertex -4 0 3.5
    endloop
  endfacet
  facet normal 0 0 1
    outer loop
      vertex -4 -6 3.5
      vertex -1.9021130325903073 -3.618033988749895 3.5
      vertex -1.9645745014573772 -3.3747626291714496 3.5
    endloop
  endfacet
  facet normal 0 0 1
    outer loop
      vertex -4 -6 3.5
      vertex -1.8096541049320392 -3.851558583130145 3.5
      vertex -1.9021130325903073 -3.618033988749895 3.5
    endloop
  endfacet
  facet normal 0 0 1
    outer loop
      vertex -4 -6 3.5
      vertex -1.6886558510040297 -4.071653589957993 3.5
      vertex -1.8096541049320392 -3.851558583130145 3.5
    endloop
  endfacet
  facet normal 0 0 1
    outer loop
      vertex -4 -6 3.5
      vertex -1.541026485551579 -4.2748479794973795 3.5
      vertex -1.6886558510040297 -4.071653589957993 3.5
    endloop
  endfacet
  facet normal 0 0 1
    outer loop
      vertex -4 -6 3.5
      vertex -1.369094211857377 -4.4579372548428235 3.5
      vertex -1.541026485551579 -4.2748479794973795 3.5
    endloop
  endfacet
  facet normal 0 0 1
    outer loop
      vertex -4 -6 3.5
      vertex -1.1755705045849463 -4.618033988749895 3.5
      vertex -1.369094211857377 -4.4579372548428235 3.5
    endloop
  endfacet
  facet normal 0 0 1
    outer loop
      vertex -4 -6 3.5
      vertex -0.9635073482034309 -4.752613360087727 3.5
      vertex -1.1755705045849463 -4.618033988749895 3.5
    endloop
  endfacet
  facet normal 0 0 1
    outer loop
      vertex -4 -6 3.5
      vertex -0.7362491053693558 -4.859552971776503 3.5
      vertex -0.9635073482034309 -4.752613360087727 3.5
    endloop
  endfacet
  facet normal 0 0 1
    outer loop
      vertex -4 -6 3.5
      vertex -0.4973797743297097 -4.937166322257262 3.5
      vertex -0.7362491053693558 -4.859552971776503 3.5
    endloop
  endfacet
  facet normal 0 0 1
    outer loop
      vertex -4 -6 3.5
      vertex -0.2506664671286081 -4.984229402628956 3.5
      vertex -0.4973797743297097 -4.937166322257262 3.5
    endloop
  endfacet
  facet normal 0 0 1
    outer loop
      vertex -4 -6 3.5
      vertex 0 -5 3.5
      vertex -0.2506664671286081 -4.984229402628956 3.5
    endloop
  endfacet
  facet normal 0 0 1
    outer loop
      vertex -4 -6 3.5
      vertex 0.2506664671286085 -4.984229402628956 3.5
      vertex 0 -5 3.5
    endloop
  endfacet
  facet normal 0 0 1
    outer loop
      vertex -4 -6 3.5
      vertex 0.49737977432971014 -4.937166322257262 3.5
      vertex 0.2506664671286085 -4.984229402628956 3.5
    endloop
  endfacet
  facet normal 0 0 1
    outer loop
      vertex -4 -6 3.5
      vertex 4 -6 3.5
      vertex 0.49737977432971014 -4.937166322257262 3.5
    endloop
  endfacet
  facet normal 0 1 0
    outer loop
      vertex -4 0 -3.5
      vertex -2 0 -3.4641016151377544
      vertex -1.91937090747563 0 -3.5
    endloop
  endfacet
  facet normal 0 0 -1
    outer loop
      vertex -4 0 -3.5
      vertex -1.9960534568565431 -3.1255810390586274 -3.5
      vertex -1.9645745014573772 -3.3747626291714496 -3.5
    endloop
  endfacet
  facet normal 0 0 -1
    outer loop
      vertex -4 0 -3.5
      vertex -1.9960534568565431 -2.8744189609413726 -3.5
      vertex -1.9960534568565431 -3.1255810390586274 -3.5
    endloop
  endfacet
  facet normal 0 0 -1
    outer loop
      vertex -4 0 -3.5
      vertex -1.9645745014573772 -2.6252373708285504 -3.5
      vertex -1.9960534568565431 -2.8744189609413726 -3.5
    endloop
  endfacet
  facet normal 0 0 -1
    outer loop
      vertex -4 0 -3.5
      vertex -1.91937090747563 0 -3.5
      vertex 0.49737977432970926 -1.0628336777427378 -3.5
    endloop
  endfacet
  facet normal 0 0 -1
    outer loop
      vertex -4 0 -3.5
      vertex -1.9021130325903073 -2.381966011250105 -3.5
      vertex -1.9645745014573772 -2.6252373708285504 -3.5
    endloop
  endfacet
  facet normal 0 0 -1
    outer loop
      vertex -4 0 -3.5
      vertex -1.8096541049320392 -2.148441416869855 -3.5
      vertex -1.9021130325903073 -2.381966011250105 -3.5
    endloop
  endfacet
  facet normal 0 0 -1
    outer loop
      vertex -4 0 -3.5
      vertex -1.6886558510040306 -1.9283464100420076 -3.5
      vertex -1.8096541049320392 -2.148441416869855 -3.5
    endloop
  endfacet
  facet normal 0 0 -1
    outer loop
      vertex -4 0 -3.5
      vertex -1.541026485551578 -1.72515202050262 -3.5
      vertex -1.6886558510040306 -1.9283464100420076 -3.5
    endloop
  endfacet
  facet normal 0 0 -1
    outer loop
      vertex -4 0 -3.5
      vertex -1.369094211857377 -1.5420627451571767 -3.5
      vertex -1.541026485551578 -1.72515202050262 -3.5
    endloop
  endfacet
  facet normal 0 0 -1
    outer loop
      vertex -4 0 -3.5
      vertex -1.1755705045849463 -1.381966011250105 -3.5
      vertex -1.369094211857377 -1.5420627451571767 -3.5
    endloop
  endfacet
  facet normal 0 0 -1
    outer loop
      vertex -4 0 -3.5
      vertex -0.9635073482034309 -1.247386639912273 -3.5
      vertex -1.1755705045849463 -1.381966011250105 -3.5
    endloop
  endfacet
  facet normal 0 0 -1
    outer loop
      vertex -4 0 -3.5
      vertex -0.7362491053693567 -1.1404470282234975 -3.5
      vertex -0.9635073482034309 -1.247386639912273 -3.5
    endloop
  endfacet
  facet normal 0 0 -1
    outer loop
      vertex -4 0 -3.5
      vertex -0.4973797743297088 -1.0628336777427376 -3.5
      vertex -0.7362491053693567 -1.1404470282234975 -3.5
    endloop
  endfacet
  facet normal 0 0 -1
    outer loop
      vertex -4 0 -3.5
      vertex -0.2506664671286081 -1.0157705973710442 -3.5
      vertex -0.4973797743297088 -1.0628336777427376 -3.5
    endloop
  endfacet
  facet normal 0 0 -1
    outer loop
      vertex -4 0 -3.5
      vertex 0 -1 -3.5
      vertex -0.2506664671286081 -1.0157705973710442 -3.5
    endloop
  endfacet
  facet normal 0 0 -1
    outer loop
      vertex -4 0 -3.5
      vertex 0.2506664671286085 -1.0157705973710442 -3.5
      vertex 0 -1 -3.5
    endloop
  endfacet
  facet normal 0 0 -1
    outer loop
      vertex -4 0 -3.5
      vertex 0.49737977432970926 -1.0628336777427378 -3.5
      vertex 0.2506664671286085 -1.0157705973710442 -3.5
    endloop
  endfacet
  facet normal -0.9945218953682734 0 -0.10452846326765323
    outer loop
      vertex -4 0 0
      vertex -4 7 0
      vertex -3.9125904029352228 7 -0.8316467632710374
    endloop
  endfacet
  facet normal -0.9945218953682734 0 0.10452846326765323
    outer loop
      vertex -4 0 0
      vertex -3.9125904029352228 0 0.8316467632710374
      vertex -4 7 0
    endloop
  endfacet
  facet normal -0.9945218953682734 0 -0.10452846326765323
    outer loop
      vertex -4 0 0
      vertex -3.9125904029352228 7 -0.8316467632710374
      vertex -3.9125904029352228 0 -0.8316467632710374
    endloop
  endfacet
  facet normal 0 0 1
    outer loop
      vertex -4 0 3.5
      vertex -1.9645745014573772 -2.6252373708285504 3.5
      vertex -1.9021130325903073 -2.381966011250105 3.5
    endloop
  endfacet
  facet normal 0 0 1
    outer loop
      vertex -4 0 3.5
      vertex -1.9021130325903073 -2.381966011250105 3.5
      vertex -1.8096541049320392 -2.148441416869855 3.5
    endloop
  endfacet
  facet normal 0 0 1
    outer loop
      vertex -4 0 3.5
      vertex -1.8096541049320392 -2.148441416869855 3.5
      vertex -1.6886558510040306 -1.9283464100420076 3.5
    endloop
  endfacet
  facet normal 0 0 1
    outer loop
      vertex -4 0 3.5
      vertex -1.6886558510040306 -1.9283464100420076 3.5
      vertex -1.541026485551578 -1.72515202050262 3.5
    endloop
  endfacet
  facet normal 0 0 1
    outer loop
      vertex -4 0 3.5
      vertex -1.541026485551578 -1.72515202050262 3.5
      vertex -1.369094211857377 -1.5420627451571767 3.5
    endloop
  endfacet
  facet normal 0 0 1
    outer loop
      vertex -4 0 3.5
      vertex -1.369094211857377 -1.5420627451571767 3.5
      vertex -1.1755705045849463 -1.381966011250105 3.5
    endloop
  endfacet
  facet normal 0 0 1
    outer loop
      vertex -4 0 3.5
      vertex -1.1755705045849463 -1.381966011250105 3.5
      vertex -0.9635073482034309 -1.247386639912273 3.5
    endloop
  endfacet
  facet normal 0 0 1
    outer loop
      vertex -4 0 3.5
      vertex -0.9635073482034309 -1.247386639912273 3.5
      vertex -0.7362491053693567 -1.1404470282234975 3.5
    endloop
  endfacet
  facet normal 0 0 1
    outer loop
      vertex -4 0 3.5
      vertex -0.7362491053693567 -1.1404470282234975 3.5
      vertex -0.4973797743297088 -1.0628336777427376 3.5
    endloop
  endfacet
  facet normal 0 0 1
    outer loop
      vertex -4 0 3.5
      vertex -0.4973797743297088 -1.0628336777427376 3.5
      vertex -1.91937090747563 0 3.5
    endloop
  endfacet
  facet normal -0.9945218953682734 0 0.10452846326765323
    outer loop
      vertex -4 7 0
      vertex -3.9125904029352228 0 0.8316467632710374
      vertex -3.9125904029352228 7 0.8316467632710374
    endloop
  endfacet
  facet normal -0.9510565162951534 0 -0.3090169943749478
    outer loop
      vertex -3.9125904029352228 0 -0.8316467632710374
      vertex -3.9125904029352228 7 -0.8316467632710374
      vertex -3.6541818305704035 7 -1.6269465723032008
    endloop
  endfacet
  facet normal -0.9510565162951534 0 -0.3090169943749478
    outer loop
      vertex -3.9125904029352228 0 -0.8316467632710374
      vertex -3.6541818305704035 7 -1.6269465723032008
      vertex -3.6541818305704035 0 -1.6269465723032008
    endloop
  endfacet
  facet normal -0.9510565162951534 0 0.3090169943749478
    outer loop
      vertex -3.9125904029352228 0 0.8316467632710374
      vertex -3.6541818305704035 0 1.6269465723032008
      vertex -3.9125904029352228 7 0.8316467632710374
    endloop
  endfacet
  facet normal -0.9510565162951534 0 0.3090169943749478
    outer loop
      vertex -3.9125904029352228 7 0.8316467632710374
      vertex -3.6541818305704035 0 1.6269465723032008
      vertex -3.6541818305704035 7 1.6269465723032008
    endloop
  endfacet
  facet normal -0.8660254037844387 0 -0.4999999999999998
    outer loop
      vertex -3.6541818305704035 0 -1.6269465723032008
      vertex -3.6541818305704035 7 -1.6269465723032008
      vertex -3.23606797749979 7 -2.3511410091698925
    endloop
  endfacet
  facet normal -0.8660254037844387 0 -0.4999999999999998
    outer loop
      vertex -3.6541818305704035 0 -1.6269465723032008
      vertex -3.23606797749979 7 -2.3511410091698925
      vertex -3.23606797749979 0 -2.3511410091698925
    endloop
  endfacet
  facet normal -0.8660254037844387 0 0.4999999999999998
    outer loop
      vertex -3.6541818305704035 0 1.6269465723032008
      vertex -3.23606797749979 0 2.3511410091698925
      vertex -3.6541818305704035 7 1.6269465723032008
    endloop
  endfacet
  facet normal -0.8660254037844387 0 0.4999999999999998
    outer loop
      vertex -3.6541818305704035 7 1.6269465723032008
      vertex -3.23606797749979 0 2.3511410091698925
      vertex -3.23606797749979 7 2.3511410091698925
    endloop
  endfacet
  facet normal -0.7431448254773941 0 -0.6691306063588583
    outer loop
      vertex -3.6405764746872635 7.75 -2.6450336353161292
      vertex -3.6405764746872635 8.5 -2.6450336353161292
      vertex -3.011087728614862 8.5 -3.344151714648274
    endloop
  endfacet
  facet normal -0.6193758895529397 -0.5525911527208209 -0.5576885558940393
    outer loop
      vertex -3.6405764746872635 7.75 -2.6450336353161292
      vertex -3.011087728614862 7.75 -3.344151714648274
      vertex -2.676522425435433 7 -2.972579301909577
    endloop
  endfacet
  facet normal -0.7431448254773941 0 -0.6691306063588583
    outer loop
      vertex -3.6405764746872635 7.75 -2.6450336353161292
      vertex -3.011087728614862 8.5 -3.344151714648274
      vertex -3.011087728614862 7.75 -3.344151714648274
    endloop
  endfacet
  facet normal -0.6193758895529397 -0.5525911527208212 -0.5576885558940391
    outer loop
      vertex -3.6405764746872635 7.75 -2.6450336353161292
      vertex -2.676522425435433 7 -2.972579301909577
      vertex -3.23606797749979 7 -2.3511410091698925
    endloop
  endfacet
  facet normal -0.6193758895529397 -0.5525911527208212 0.5576885558940391
    outer loop
      vertex -3.6405764746872635 7.75 2.6450336353161292
      vertex -3.23606797749979 7 2.3511410091698925
      vertex -2.676522425435433 7 2.972579301909577
    endloop
  endfacet
  facet normal -0.7431448254773941 0 0.6691306063588583
    outer loop
      vertex -3.6405764746872635 7.75 2.6450336353161292
      vertex -3.011087728614862 7.75 3.344151714648274
      vertex -3.6405764746872635 8.5 2.6450336353161292
    endloop
  endfacet
  facet normal -0.6193758895529397 -0.5525911527208209 0.5576885558940393
    outer loop
      vertex -3.6405764746872635 7.75 2.6450336353161292
      vertex -2.676522425435433 7 2.972579301909577
      vertex -3.011087728614862 7.75 3.344151714648274
    endloop
  endfacet
  facet normal -0.6193758895529399 0.5525911527208212 -0.5576885558940391
    outer loop
      vertex -3.6405764746872635 8.5 -2.6450336353161292
      vertex -2.831559480312316 10 -2.057248383023656
      vertex -2.341957122256004 10 -2.60100688917088
    endloop
  endfacet
  facet normal -0.6193758895529397 0.5525911527208209 -0.5576885558940393
    outer loop
      vertex -3.6405764746872635 8.5 -2.6450336353161292
      vertex -2.341957122256004 10 -2.60100688917088
      vertex -3.011087728614862 8.5 -3.344151714648274
    endloop
  endfacet
  facet normal -0.7431448254773941 0 0.6691306063588583
    outer loop
      vertex -3.6405764746872635 8.5 2.6450336353161292
      vertex -3.011087728614862 7.75 3.344151714648274
      vertex -3.011087728614862 8.5 3.344151714648274
    endloop
  endfacet
  facet normal -0.6193758895529397 0.5525911527208209 0.5576885558940393
    outer loop
      vertex -3.6405764746872635 8.5 2.6450336353161292
      vertex -3.011087728614862 8.5 3.344151714648274
      vertex -2.341957122256004 10 2.60100688917088
    endloop
  endfacet
  facet normal -0.6193758895529399 0.5525911527208212 0.5576885558940391
    outer loop
      vertex -3.6405764746872635 8.5 2.6450336353161292
      vertex -2.341957122256004 10 2.60100688917088
      vertex -2.831559480312316 10 2.057248383023656
    endloop
  endfacet
  facet normal 0 1 0
    outer loop
      vertex -3.5 10 0
      vertex -3.42351660256832 10 0.7276909178621577
      vertex -3.42351660256832 10 -0.7276909178621577
    endloop
  endfacet
  facet normal 0 1 0
    outer loop
      vertex -3.42351660256832 10 -0.7276909178621577
      vertex -3.42351660256832 10 0.7276909178621577
      vertex -3.197409101749103 10 1.4235782507653008
    endloop
  endfacet
  facet normal 0 1 0
    outer loop
      vertex -3.42351660256832 10 -0.7276909178621577
      vertex -3.197409101749103 10 1.4235782507653008
      vertex -3.197409101749103 10 -1.4235782507653008
    endloop
  endfacet
  facet normal -0.7431448254773941 0 -0.6691306063588582
    outer loop
      vertex -3.23606797749979 0 -2.3511410091698925
      vertex -3.23606797749979 7 -2.3511410091698925
      vertex -2.676522425435433 7 -2.972579301909577
    endloop
  endfacet
  facet normal -0.7431448254773941 0 -0.6691306063588582
    outer loop
      vertex -3.23606797749979 0 -2.3511410091698925
      vertex -2.676522425435433 7 -2.972579301909577
      vertex -2.676522425435433 0 -2.972579301909577
    endloop
  endfacet
  facet normal -0.7431448254773941 0 0.6691306063588582
    outer loop
      vertex -3.23606797749979 0 2.3511410091698925
      vertex -2.676522425435433 0 2.972579301909577
      vertex -3.23606797749979 7 2.3511410091698925
    endloop
  endfacet
  facet normal -0.7431448254773941 0 0.6691306063588582
    outer loop
      vertex -3.23606797749979 7 2.3511410091698925
      vertex -2.676522425435433 0 2.972579301909577
      vertex -2.676522425435433 7 2.972579301909577
    endloop
  endfacet
  facet normal 0 1 0
    outer loop
      vertex -3.197409101749103 10 -1.4235782507653008
      vertex -3.197409101749103 10 1.4235782507653008
      vertex -2.831559480312316 10 2.057248383023656
    endloop
  endfacet
  facet normal 0 1 0
    outer loop
      vertex -3.197409101749103 10 -1.4235782507653008
      vertex -2.831559480312316 10 2.057248383023656
      vertex -2.831559480312316 10 -2.057248383023656
    endloop
  endfacet
  facet normal -0.5877852522924725 0 -0.8090169943749478
    outer loop
      vertex -3.011087728614862 7.75 -3.344151714648274
      vertex -3.011087728614862 8.5 -3.344151714648274
      vertex -2.7965809663203136 7.75 -3.5
    endloop
  endfacet
  facet normal -0.48989106971293006 -0.5525911527208208 -0.6742772113531613
    outer loop
      vertex -3.011087728614862 7.75 -3.344151714648274
      vertex -2.7965809663203136 7.75 -3.5
      vertex -2.0207259421636903 7.062177826491071 -3.5
    endloop
  endfacet
  facet normal -0.48989106971293 -0.5525911527208209 -0.674277211353161
    outer loop
      vertex -3.011087728614862 7.75 -3.344151714648274
      vertex -2.0207259421636903 7.062177826491071 -3.5
      vertex -2.676522425435433 7 -2.972579301909577
    endloop
  endfacet
  facet normal -0.5877852522924725 0 0.8090169943749478
    outer loop
      vertex -3.011087728614862 7.75 3.344151714648274
      vertex -2.7965809663203136 7.75 3.5
      vertex -2.7965809663203136 8.5 3.5
    endloop
  endfacet
  facet normal -0.5877852522924725 0 0.8090169943749478
    outer loop
      vertex -3.011087728614862 7.75 3.344151714648274
      vertex -2.7965809663203136 8.5 3.5
      vertex -3.011087728614862 8.5 3.344151714648274
    endloop
  endfacet
  facet normal -0.48989106971292995 -0.5525911527208209 0.6742772113531612
    outer loop
      vertex -3.011087728614862 7.75 3.344151714648274
      vertex -2.676522425435433 7 2.972579301909577
      vertex -2.7965809663203136 7.75 3.5
    endloop
  endfacet
  facet normal -0.5877852522924725 0 -0.8090169943749478
    outer loop
      vertex -3.011087728614862 8.5 -3.344151714648274
      vertex -2.7965809663203136 8.5 -3.5
      vertex -2.7965809663203136 7.75 -3.5
    endloop
  endfacet
  facet normal -0.48989106971292995 0.5525911527208209 -0.6742772113531612
    outer loop
      vertex -3.011087728614862 8.5 -3.344151714648274
      vertex -2.341957122256004 10 -2.60100688917088
      vertex -2.7965809663203136 8.5 -3.5
    endloop
  endfacet
  facet normal -0.48989106971293006 0.5525911527208208 0.6742772113531613
    outer loop
      vertex -3.011087728614862 8.5 3.344151714648274
      vertex -2.7965809663203136 8.5 3.5
      vertex -2.0207259421636903 9.187822173508929 3.5
    endloop
  endfacet
  facet normal -0.48989106971293 0.5525911527208209 0.674277211353161
    outer loop
      vertex -3.011087728614862 8.5 3.344151714648274
      vertex -2.0207259421636903 9.187822173508929 3.5
      vertex -2.341957122256004 10 2.60100688917088
    endloop
  endfacet
  facet normal 0 1 0
    outer loop
      vertex -2.831559480312316 10 -2.057248383023656
      vertex -2.831559480312316 10 2.057248383023656
      vertex -2.341957122256004 10 2.60100688917088
    endloop
  endfacet
  facet normal 0 1 0
    outer loop
      vertex -2.831559480312316 10 -2.057248383023656
      vertex -2.341957122256004 10 2.60100688917088
      vertex -2.341957122256004 10 -2.60100688917088
    endloop
  endfacet
  facet normal 0 0 -1
    outer loop
      vertex -2.7965809663203136 7.75 -3.5
      vertex -2.7965809663203136 8.5 -3.5
      vertex -2.0207259421636903 9.187822173508929 -3.5
    endloop
  endfacet
  facet normal 0 0 -1
    outer loop
      vertex -2.7965809663203136 7.75 -3.5
      vertex -2.0207259421636903 9.187822173508929 -3.5
      vertex -2.0207259421636903 7.062177826491071 -3.5
    endloop
  endfacet
  facet normal -0.4898910697129303 -0.5525911527208208 0.674277211353161
    outer loop
      vertex -2.7965809663203136 7.75 3.5
      vertex -2.676522425435433 7 2.972579301909577
      vertex -2 7 3.4641016151377544
    endloop
  endfacet
  facet normal 0 0 1
    outer loop
      vertex -2.7965809663203136 7.75 3.5
      vertex -2.0207259421636903 7.062177826491071 3.5
      vertex -2.0207259421636903 9.187822173508929 3.5
    endloop
  endfacet
  facet normal 0 0 1
    outer loop
      vertex -2.7965809663203136 7.75 3.5
      vertex -2.0207259421636903 9.187822173508929 3.5
      vertex -2.7965809663203136 8.5 3.5
    endloop
  endfacet
  facet normal -0.48989106971292795 -0.5525911527208186 0.6742772113531647
    outer loop
      vertex -2.7965809663203136 7.75 3.5
      vertex -2 7 3.4641016151377544
      vertex -2.0207259421636903 7.062177826491071 3.5
    endloop
  endfacet
  facet normal -0.4898910697129301 0.552591152720821 -0.6742772113531611
    outer loop
      vertex -2.7965809663203136 8.5 -3.5
      vertex -2.341957122256004 10 -2.60100688917088
      vertex -2.0207259421636903 9.187822173508929 -3.5
    endloop
  endfacet
  facet normal -0.5877852522924729 0 -0.8090169943749476
    outer loop
      vertex -2.676522425435433 0 -2.972579301909577
      vertex -2.676522425435433 7 -2.972579301909577
      vertex -2 0 -3.4641016151377544
    endloop
  endfacet
  facet normal -0.5877852522924729 0 0.8090169943749476
    outer loop
      vertex -2.676522425435433 0 2.972579301909577
      vertex -2 0 3.4641016151377544
      vertex -2 7 3.4641016151377544
    endloop
  endfacet
  facet normal -0.5877852522924729 0 0.8090169943749476
    outer loop
      vertex -2.676522425435433 0 2.972579301909577
      vertex -2 7 3.4641016151377544
      vertex -2.676522425435433 7 2.972579301909577
    endloop
  endfacet
  facet normal -0.4898910697129312 -0.5525911527208183 -0.6742772113531622
    outer loop
      vertex -2.676522425435433 7 -2.972579301909577
      vertex -2.0207259421636903 7.062177826491071 -3.5
      vertex -2 7 -3.4641016151377544
    endloop
  endfacet
  facet normal -0.5877852522924729 0 -0.8090169943749476
    outer loop
      vertex -2.676522425435433 7 -2.972579301909577
      vertex -2 7 -3.4641016151377544
      vertex -2 0 -3.4641016151377544
    endloop
  endfacet
  facet normal 0 1 0
    outer loop
      vertex -2.341957122256004 10 -2.60100688917088
      vertex -2.341957122256004 10 2.60100688917088
      vertex -1.75 10 3.031088913245535
    endloop
  endfacet
  facet normal -0.48989106971293034 0.5525911527208208 -0.6742772113531611
    outer loop
      vertex -2.341957122256004 10 -2.60100688917088
      vertex -1.75 10 -3.031088913245535
      vertex -2.0207259421636903 9.187822173508929 -3.5
    endloop
  endfacet
  facet normal 0 1 0
    outer loop
      vertex -2.341957122256004 10 -2.60100688917088
      vertex -1.75 10 3.031088913245535
      vertex -1.75 10 -3.031088913245535
    endloop
  endfacet
  facet normal -0.48989106971293034 0.5525911527208208 0.6742772113531611
    outer loop
      vertex -2.341957122256004 10 2.60100688917088
      vertex -2.0207259421636903 9.187822173508929 3.5
      vertex -1.75 10 3.031088913245535
    endloop
  endfacet
  facet normal 0 0 -1
    outer loop
      vertex -2.0207259421636903 7.062177826491071 -3.5
      vertex -2.0207259421636903 9.187822173508929 -3.5
      vertex -1.91937090747563 7 -3.5
    endloop
  endfacet
  facet normal -0.33899565936830206 -0.5525911527208185 -0.7613967171351129
    outer loop
      vertex -2.0207259421636903 7.062177826491071 -3.5
      vertex -1.91937090747563 7 -3.5
      vertex -2 7 -3.4641016151377544
    endloop
  endfacet
  facet normal -0.33899565936830206 -0.5525911527208185 0.7613967171351129
    outer loop
      vertex -2.0207259421636903 7.062177826491071 3.5
      vertex -2 7 3.4641016151377544
      vertex -1.91937090747563 7 3.5
    endloop
  endfacet
  facet normal 0 0 1
    outer loop
      vertex -2.0207259421636903 7.062177826491071 3.5
      vertex -1.91937090747563 7 3.5
      vertex -1.1372189368151722 9.729823322749096 3.5
    endloop
  endfacet
  facet normal 0 0 1
    outer loop
      vertex -2.0207259421636903 7.062177826491071 3.5
      vertex -1.1372189368151722 9.729823322749096 3.5
      vertex -2.0207259421636903 9.187822173508929 3.5
    endloop
  endfacet
  facet normal -0.338995659368301 0.5525911527208206 -0.7613967171351118
    outer loop
      vertex -2.0207259421636903 9.187822173508929 -3.5
      vertex -1.75 10 -3.031088913245535
      vertex -1.0815594803123159 10 -3.3286978070330373
    endloop
  endfacet
  facet normal 0 0 -1
    outer loop
      vertex -2.0207259421636903 9.187822173508929 -3.5
      vertex -1.1372189368151722 9.729823322749096 -3.5
      vertex -1.91937090747563 7 -3.5
    endloop
  endfacet
  facet normal -0.3389956593683009 0.5525911527208207 -0.7613967171351119
    outer loop
      vertex -2.0207259421636903 9.187822173508929 -3.5
      vertex -1.0815594803123159 10 -3.3286978070330373
      vertex -1.1372189368151722 9.729823322749096 -3.5
    endloop
  endfacet
  facet normal -0.3389956593683009 0.5525911527208208 0.7613967171351118
    outer loop
      vertex -2.0207259421636903 9.187822173508929 3.5
      vertex -1.1372189368151722 9.729823322749096 3.5
      vertex -1.75 10 3.031088913245535
    endloop
  endfacet
  facet normal -0.4067366430758005 0 -0.9135454576426006
    outer loop
      vertex -2 0 -3.4641016151377544
      vertex -2 7 -3.4641016151377544
      vertex -1.91937090747563 0 -3.5
    endloop
  endfacet
  facet normal -0.4067366430758005 0 0.9135454576426006
    outer loop
      vertex -2 0 3.4641016151377544
      vertex -1.91937090747563 0 3.5
      vertex -1.91937090747563 7 3.5
    endloop
  endfacet
  facet normal -0.4067366430758005 0 0.9135454576426006
    outer loop
      vertex -2 0 3.4641016151377544
      vertex -1.91937090747563 7 3.5
      vertex -2 7 3.4641016151377544
    endloop
  endfacet
  facet normal -0.4067366430758005 0 -0.9135454576426006
    outer loop
      vertex -2 7 -3.4641016151377544
      vertex -1.91937090747563 7 -3.5
      vertex -1.91937090747563 0 -3.5
    endloop
  endfacet
  facet normal 0.9921147013144778 0.1253332335643049 0
    outer loop
      vertex -1.9960534568565431 -3.1255810390586274 -3.5
      vertex -1.9960534568565431 -3.1255810390586274 3.5
      vertex -1.9645745014573772 -3.3747626291714496 -3.5
    endloop
  endfacet
  facet normal 1 0 0
    outer loop
      vertex -1.9960534568565431 -3.1255810390586274 -3.5
      vertex -1.9960534568565431 -2.8744189609413726 -3.5
      vertex -1.9960534568565431 -2.8744189609413726 3.5
    endloop
  endfacet
  facet normal 1 0 0
    outer loop
      vertex -1.9960534568565431 -3.1255810390586274 -3.5
      vertex -1.9960534568565431 -2.8744189609413726 3.5
      vertex -1.9960534568565431 -3.1255810390586274 3.5
    endloop
  endfacet
  facet normal 0.9921147013144778 0.1253332335643049 0
    outer loop
      vertex -1.9960534568565431 -3.1255810390586274 3.5
      vertex -1.9645745014573772 -3.3747626291714496 3.5
      vertex -1.9645745014573772 -3.3747626291714496 -3.5
    endloop
  endfacet
  facet normal 0.9921147013144778 -0.1253332335643049 0
    outer loop
      vertex -1.9960534568565431 -2.8744189609413726 -3.5
      vertex -1.9645745014573772 -2.6252373708285504 -3.5
      vertex -1.9645745014573772 -2.6252373708285504 3.5
    endloop
  endfacet
  facet normal 0.9921147013144778 -0.1253332335643049 0
    outer loop
      vertex -1.9960534568565431 -2.8744189609413726 -3.5
      vertex -1.9645745014573772 -2.6252373708285504 3.5
      vertex -1.9960534568565431 -2.8744189609413726 3.5
    endloop
  endfacet
  facet normal 0.9685831611286313 0.24868988716485405 0
    outer loop
      vertex -1.9645745014573772 -3.3747626291714496 -3.5
      vertex -1.9645745014573772 -3.3747626291714496 3.5
      vertex -1.9021130325903073 -3.618033988749895 -3.5
    endloop
  endfacet
  facet normal 0.9685831611286313 0.24868988716485405 0
    outer loop
      vertex -1.9645745014573772 -3.3747626291714496 3.5
      vertex -1.9021130325903073 -3.618033988749895 3.5
      vertex -1.9021130325903073 -3.618033988749895 -3.5
    endloop
  endfacet
  facet normal 0.9685831611286313 -0.24868988716485405 0
    outer loop
      vertex -1.9645745014573772 -2.6252373708285504 -3.5
      vertex -1.9021130325903073 -2.381966011250105 -3.5
      vertex -1.9021130325903073 -2.381966011250105 3.5
    endloop
  endfacet
  facet normal 0.9685831611286313 -0.24868988716485405 0
    outer loop
      vertex -1.9645745014573772 -2.6252373708285504 -3.5
      vertex -1.9021130325903073 -2.381966011250105 3.5
      vertex -1.9645745014573772 -2.6252373708285504 3.5
    endloop
  endfacet
  facet normal 0 0 -1
    outer loop
      vertex -1.91937090747563 0 -3.5
      vertex -1.91937090747563 7 -3.5
      vertex -1 9.77285317653863 -3.5
    endloop
  endfacet
  facet normal 0 0 -1
    outer loop
      vertex -1.91937090747563 0 -3.5
      vertex -1 2.5 -3.5
      vertex 1.91937090747563 0 -3.5
    endloop
  endfacet
  facet normal 0 0 -1
    outer loop
      vertex -1.91937090747563 0 -3.5
      vertex -1 9.77285317653863 -3.5
      vertex -1 2.5 -3.5
    endloop
  endfacet
  facet normal 0 0 -1
    outer loop
      vertex -1.91937090747563 0 -3.5
      vertex 1.91937090747563 0 -3.5
      vertex 0.49737977432970926 -1.0628336777427378 -3.5
    endloop
  endfacet
  facet normal 0 0 1
    outer loop
      vertex -1.91937090747563 0 3.5
      vertex -1 2.5 3.5
      vertex -1.91937090747563 7 3.5
    endloop
  endfacet
  facet normal 0 0 1
    outer loop
      vertex -1.91937090747563 0 3.5
      vertex -0.4973797743297088 -1.0628336777427376 3.5
      vertex 1.91937090747563 0 3.5
    endloop
  endfacet
  facet normal 0 0 1
    outer loop
      vertex -1.91937090747563 0 3.5
      vertex 1 2.5 3.5
      vertex -1 2.5 3.5
    endloop
  endfacet
  facet normal 0 0 1
    outer loop
      vertex -1.91937090747563 0 3.5
      vertex 1.91937090747563 0 3.5
      vertex 1 2.5 3.5
    endloop
  endfacet
  facet normal 0 0 -1
    outer loop
      vertex -1.91937090747563 7 -3.5
      vertex -1.1372189368151722 9.729823322749096 -3.5
      vertex -1 9.77285317653863 -3.5
    endloop
  endfacet
  facet normal 0 0 1
    outer loop
      vertex -1.91937090747563 7 3.5
      vertex -1 2.5 3.5
      vertex -1 9.77285317653863 3.5
    endloop
  endfacet
  facet normal 0 0 1
    outer loop
      vertex -1.91937090747563 7 3.5
      vertex -1 9.77285317653863 3.5
      vertex -1.1372189368151722 9.729823322749096 3.5
    endloop
  endfacet
  facet normal 0.929776485888251 0.36812455268467875 0
    outer loop
      vertex -1.9021130325903073 -3.618033988749895 -3.5
      vertex -1.9021130325903073 -3.618033988749895 3.5
      vertex -1.8096541049320392 -3.851558583130145 -3.5
    endloop
  endfacet
  facet normal 0.929776485888251 0.36812455268467875 0
    outer loop
      vertex -1.9021130325903073 -3.618033988749895 3.5
      vertex -1.8096541049320392 -3.851558583130145 3.5
      vertex -1.8096541049320392 -3.851558583130145 -3.5
    endloop
  endfacet
  facet normal 0.929776485888251 -0.36812455268467875 0
    outer loop
      vertex -1.9021130325903073 -2.381966011250105 -3.5
      vertex -1.8096541049320392 -2.148441416869855 -3.5
      vertex -1.8096541049320392 -2.148441416869855 3.5
    endloop
  endfacet
  facet normal 0.929776485888251 -0.36812455268467875 0
    outer loop
      vertex -1.9021130325903073 -2.381966011250105 -3.5
      vertex -1.8096541049320392 -2.148441416869855 3.5
      vertex -1.9021130325903073 -2.381966011250105 3.5
    endloop
  endfacet
  facet normal 0.8763066800438629 0.4817536741017165 0
    outer loop
      vertex -1.8096541049320392 -3.851558583130145 -3.5
      vertex -1.8096541049320392 -3.851558583130145 3.5
      vertex -1.6886558510040297 -4.071653589957993 -3.5
    endloop
  endfacet
  facet normal 0.8763066800438629 0.4817536741017165 0
    outer loop
      vertex -1.8096541049320392 -3.851558583130145 3.5
      vertex -1.6886558510040297 -4.071653589957993 3.5
      vertex -1.6886558510040297 -4.071653589957993 -3.5
    endloop
  endfacet
  facet normal 0.8763066800438638 -0.4817536741017149 0
    outer loop
      vertex -1.8096541049320392 -2.148441416869855 -3.5
      vertex -1.6886558510040306 -1.9283464100420076 -3.5
      vertex -1.6886558510040306 -1.9283464100420076 3.5
    endloop
  endfacet
  facet normal 0.8763066800438638 -0.4817536741017149 0
    outer loop
      vertex -1.8096541049320392 -2.148441416869855 -3.5
      vertex -1.6886558510040306 -1.9283464100420076 3.5
      vertex -1.8096541049320392 -2.148441416869855 3.5
    endloop
  endfacet
  facet normal 0 1 0
    outer loop
      vertex -1.75 10 -3.031088913245535
      vertex -1.75 10 3.031088913245535
      vertex -1.6 10 0
    endloop
  endfacet
  facet normal 0 1 0
    outer loop
      vertex -1.75 10 -3.031088913245535
      vertex -1.6 10 0
      vertex -1.5216904260722457 10 -0.49442719099991583
    endloop
  endfacet
  facet normal 0 1 0
    outer loop
      vertex -1.75 10 -3.031088913245535
      vertex -1.5216904260722457 10 -0.49442719099991583
      vertex -1.294427190999916 10 -0.940456403667957
    endloop
  endfacet
  facet normal 0 1 0
    outer loop
      vertex -1.75 10 -3.031088913245535
      vertex -1.294427190999916 10 -0.940456403667957
      vertex -1 10 -1.2348835946678731
    endloop
  endfacet
  facet normal 0 1 0
    outer loop
      vertex -1.75 10 -3.031088913245535
      vertex -1 10 -1.2348835946678731
      vertex -1.0815594803123159 10 -3.3286978070330373
    endloop
  endfacet
  facet normal 0 1 0
    outer loop
      vertex -1.75 10 3.031088913245535
      vertex -1.5216904260722457 10 0.49442719099991583
      vertex -1.6 10 0
    endloop
  endfacet
  facet normal -0.338995659368301 0.5525911527208207 0.7613967171351119
    outer loop
      vertex -1.75 10 3.031088913245535
      vertex -1.1372189368151722 9.729823322749096 3.5
      vertex -1.0815594803123159 10 3.3286978070330373
    endloop
  endfacet
  facet normal 0 1 0
    outer loop
      vertex -1.75 10 3.031088913245535
      vertex -1.0815594803123159 10 3.3286978070330373
      vertex -1.5216904260722457 10 0.49442719099991583
    endloop
  endfacet
  facet normal 0.8090169943749477 -0.5877852522924728 0
    outer loop
      vertex -1.6886558510040306 -1.9283464100420076 -3.5
      vertex -1.541026485551578 -1.72515202050262 -3.5
      vertex -1.541026485551578 -1.72515202050262 3.5
    endloop
  endfacet
  facet normal 0.8090169943749477 -0.5877852522924728 0
    outer loop
      vertex -1.6886558510040306 -1.9283464100420076 -3.5
      vertex -1.541026485551578 -1.72515202050262 3.5
      vertex -1.6886558510040306 -1.9283464100420076 3.5
    endloop
  endfacet
  facet normal 0.8090169943749496 0.5877852522924703 0
    outer loop
      vertex -1.6886558510040297 -4.071653589957993 -3.5
      vertex -1.6886558510040297 -4.071653589957993 3.5
      vertex -1.541026485551579 -4.2748479794973795 -3.5
    endloop
  endfacet
  facet normal 0.8090169943749496 0.5877852522924703 0
    outer loop
      vertex -1.6886558510040297 -4.071653589957993 3.5
      vertex -1.541026485551579 -4.2748479794973795 3.5
      vertex -1.541026485551579 -4.2748479794973795 -3.5
    endloop
  endfacet
  facet normal 0.9876883405951377 0 -0.1564344650402311
    outer loop
      vertex -1.6 2.5 0
      vertex -1.6 10 0
      vertex -1.5216904260722457 2.5 0.49442719099991583
    endloop
  endfacet
  facet normal 0.9876883405951377 0 0.1564344650402311
    outer loop
      vertex -1.6 2.5 0
      vertex -1.5216904260722457 2.5 -0.49442719099991583
      vertex -1.5216904260722457 10 -0.49442719099991583
    endloop
  endfacet
  facet normal 0 1 0
    outer loop
      vertex -1.6 2.5 0
      vertex -1.5216904260722457 2.5 0.49442719099991583
      vertex -1.5216904260722457 2.5 -0.49442719099991583
    endloop
  endfacet
  facet normal 0.9876883405951377 0 0.1564344650402311
    outer loop
      vertex -1.6 2.5 0
      vertex -1.5216904260722457 10 -0.49442719099991583
      vertex -1.6 10 0
    endloop
  endfacet
  facet normal 0.9876883405951377 0 -0.1564344650402311
    outer loop
      vertex -1.6 10 0
      vertex -1.5216904260722457 10 0.49442719099991583
      vertex -1.5216904260722457 2.5 0.49442719099991583
    endloop
  endfacet
  facet normal 0.7289686274214107 0.6845471059286895 0
    outer loop
      vertex -1.541026485551579 -4.2748479794973795 -3.5
      vertex -1.541026485551579 -4.2748479794973795 3.5
      vertex -1.369094211857377 -4.4579372548428235 -3.5
    endloop
  endfacet
  facet normal 0.7289686274214107 0.6845471059286895 0
    outer loop
      vertex -1.541026485551579 -4.2748479794973795 3.5
      vertex -1.369094211857377 -4.4579372548428235 3.5
      vertex -1.369094211857377 -4.4579372548428235 -3.5
    endloop
  endfacet
  facet normal 0.7289686274214112 -0.6845471059286891 0
    outer loop
      vertex -1.541026485551578 -1.72515202050262 -3.5
      vertex -1.369094211857377 -1.5420627451571767 -3.5
      vertex -1.369094211857377 -1.5420627451571767 3.5
    endloop
  endfacet
  facet normal 0.7289686274214112 -0.6845471059286891 0
    outer loop
      vertex -1.541026485551578 -1.72515202050262 -3.5
      vertex -1.369094211857377 -1.5420627451571767 3.5
      vertex -1.541026485551578 -1.72515202050262 3.5
    endloop
  endfacet
  facet normal 0 1 0
    outer loop
      vertex -1.5216904260722457 2.5 -0.49442719099991583
      vertex -1.5216904260722457 2.5 0.49442719099991583
      vertex -1.294427190999916 2.5 -0.940456403667957
    endloop
  endfacet
  facet normal 0.8910065241883681 0 0.45399049973954636
    outer loop
      vertex -1.5216904260722457 2.5 -0.49442719099991583
      vertex -1.294427190999916 2.5 -0.940456403667957
      vertex -1.294427190999916 10 -0.940456403667957
    endloop
  endfacet
  facet normal 0.8910065241883681 0 0.45399049973954636
    outer loop
      vertex -1.5216904260722457 2.5 -0.49442719099991583
      vertex -1.294427190999916 10 -0.940456403667957
      vertex -1.5216904260722457 10 -0.49442719099991583
    endloop
  endfacet
  facet normal 0.8910065241883681 0 -0.45399049973954636
    outer loop
      vertex -1.5216904260722457 2.5 0.49442719099991583
      vertex -1.5216904260722457 10 0.49442719099991583
      vertex -1.294427190999916 2.5 0.940456403667957
    endloop
  endfacet
  facet normal 0 1 0
    outer loop
      vertex -1.5216904260722457 2.5 0.49442719099991583
      vertex -1.294427190999916 2.5 0.940456403667957
      vertex -1.294427190999916 2.5 -0.940456403667957
    endloop
  endfacet
  facet normal 0.8910065241883681 0 -0.45399049973954636
    outer loop
      vertex -1.5216904260722457 10 0.49442719099991583
      vertex -1.294427190999916 10 0.940456403667957
      vertex -1.294427190999916 2.5 0.940456403667957
    endloop
  endfacet
  facet normal 0 1 0
    outer loop
      vertex -1.5216904260722457 10 0.49442719099991583
      vertex -1.0815594803123159 10 3.3286978070330373
      vertex -1.294427190999916 10 0.940456403667957
    endloop
  endfacet
  facet normal 0.6374239897486894 0.7705132427757896 0
    outer loop
      vertex -1.369094211857377 -4.4579372548428235 -3.5
      vertex -1.369094211857377 -4.4579372548428235 3.5
      vertex -1.1755705045849463 -4.618033988749895 -3.5
    endloop
  endfacet
  facet normal 0.6374239897486894 0.7705132427757896 0
    outer loop
      vertex -1.369094211857377 -4.4579372548428235 3.5
      vertex -1.1755705045849463 -4.618033988749895 3.5
      vertex -1.1755705045849463 -4.618033988749895 -3.5
    endloop
  endfacet
  facet normal 0.6374239897486899 -0.770513242775789 0
    outer loop
      vertex -1.369094211857377 -1.5420627451571767 -3.5
      vertex -1.1755705045849463 -1.381966011250105 -3.5
      vertex -1.1755705045849463 -1.381966011250105 3.5
    endloop
  endfacet
  facet normal 0.6374239897486899 -0.770513242775789 0
    outer loop
      vertex -1.369094211857377 -1.5420627451571767 -3.5
      vertex -1.1755705045849463 -1.381966011250105 3.5
      vertex -1.369094211857377 -1.5420627451571767 3.5
    endloop
  endfacet
  facet normal 0 1 0
    outer loop
      vertex -1.294427190999916 2.5 -0.940456403667957
      vertex -1.294427190999916 2.5 0.940456403667957
      vertex -1 2.5 -0.9184837194692805
    endloop
  endfacet
  facet normal 0.7071067811865475 0 0.7071067811865475
    outer loop
      vertex -1.294427190999916 2.5 -0.940456403667957
      vertex -1 2.5 -1.2348835946678731
      vertex -1 10 -1.2348835946678731
    endloop
  endfacet
  facet normal 0 1 0
    outer loop
      vertex -1.294427190999916 2.5 -0.940456403667957
      vertex -1 2.5 -0.9184837194692805
      vertex -1 2.5 -1.2348835946678731
    endloop
  endfacet
  facet normal 0.7071067811865475 0 0.7071067811865475
    outer loop
      vertex -1.294427190999916 2.5 -0.940456403667957
      vertex -1 10 -1.2348835946678731
      vertex -1.294427190999916 10 -0.940456403667957
    endloop
  endfacet
  facet normal 0.7071067811865475 0 -0.7071067811865475
    outer loop
      vertex -1.294427190999916 2.5 0.940456403667957
      vertex -1.294427190999916 10 0.940456403667957
      vertex -1 2.5 1.2348835946678731
    endloop
  endfacet
  facet normal 0 1 0
    outer loop
      vertex -1.294427190999916 2.5 0.940456403667957
      vertex -1 2.5 1.2348835946678731
      vertex -1 2.5 -0.9184837194692805
    endloop
  endfacet
  facet normal 0 1 0
    outer loop
      vertex -1.294427190999916 10 0.940456403667957
      vertex -1.0815594803123159 10 3.3286978070330373
      vertex -1 10 1.2348835946678731
    endloop
  endfacet
  facet normal 0.7071067811865475 0 -0.7071067811865475
    outer loop
      vertex -1.294427190999916 10 0.940456403667957
      vertex -1 10 1.2348835946678731
      vertex -1 2.5 1.2348835946678731
    endloop
  endfacet
  facet normal 0.5358267949789963 0.8443279255020153 0
    outer loop
      vertex -1.1755705045849463 -4.618033988749895 -3.5
      vertex -1.1755705045849463 -4.618033988749895 3.5
      vertex -0.9635073482034309 -4.752613360087727 -3.5
    endloop
  endfacet
  facet normal 0.5358267949789963 0.8443279255020153 0
    outer loop
      vertex -1.1755705045849463 -4.618033988749895 3.5
      vertex -0.9635073482034309 -4.752613360087727 3.5
      vertex -0.9635073482034309 -4.752613360087727 -3.5
    endloop
  endfacet
  facet normal 0.5358267949789963 -0.8443279255020153 0
    outer loop
      vertex -1.1755705045849463 -1.381966011250105 -3.5
      vertex -0.9635073482034309 -1.247386639912273 -3.5
      vertex -0.9635073482034309 -1.247386639912273 3.5
    endloop
  endfacet
  facet normal 0.5358267949789963 -0.8443279255020153 0
    outer loop
      vertex -1.1755705045849463 -1.381966011250105 -3.5
      vertex -0.9635073482034309 -1.247386639912273 3.5
      vertex -1.1755705045849463 -1.381966011250105 3.5
    endloop
  endfacet
  facet normal -0.17328451202762732 0.5525911527208206 -0.8152395327914501
    outer loop
      vertex -1.1372189368151722 9.729823322749096 -3.5
      vertex -1.0815594803123159 10 -3.3286978070330373
      vertex -1 9.77285317653863 -3.5
    endloop
  endfacet
  facet normal -0.17328451202762724 0.5525911527208204 0.8152395327914502
    outer loop
      vertex -1.1372189368151722 9.729823322749096 3.5
      vertex -1 9.77285317653863 3.5
      vertex -1 10 3.3460338097398172
    endloop
  endfacet
  facet normal -0.17328451202762804 0.5525911527208207 0.81523953279145
    outer loop
      vertex -1.1372189368151722 9.729823322749096 3.5
      vertex -1 10 3.3460338097398172
      vertex -1.0815594803123159 10 3.3286978070330373
    endloop
  endfacet
  facet normal -0.17328451202762798 0.5525911527208205 -0.8152395327914501
    outer loop
      vertex -1.0815594803123159 10 -3.3286978070330373
      vertex -1 10 -3.3460338097398172
      vertex -1 9.77285317653863 -3.5
    endloop
  endfacet
  facet normal 0 1 0
    outer loop
      vertex -1.0815594803123159 10 -3.3286978070330373
      vertex -1 10 -1.2348835946678731
      vertex -1 10 -3.3460338097398172
    endloop
  endfacet
  facet normal 0 1 0
    outer loop
      vertex -1.0815594803123159 10 3.3286978070330373
      vertex -1 10 3.3460338097398172
      vertex -1 10 1.2348835946678731
    endloop
  endfacet
  facet normal 0 1 0
    outer loop
      vertex -1 2.5 -3.5
      vertex -1 2.5 -1.2348835946678731
      vertex 1 2.5 3.5
    endloop
  endfacet
  facet normal 1 0 0
    outer loop
      vertex -1 2.5 -3.5
      vertex -1 9.77285317653863 -3.5
      vertex -1 2.5 -1.2348835946678731
    endloop
  endfacet
  facet normal 0 0 -1
    outer loop
      vertex -1 2.5 -3.5
      vertex 1 2.5 -3.5
      vertex 1.91937090747563 0 -3.5
    endloop
  endfacet
  facet normal 0 1 0
    outer loop
      vertex -1 2.5 -3.5
      vertex 1 2.5 -1.2348835946678731
      vertex 1 2.5 -3.5
    endloop
  endfacet
  facet normal 0 1 0
    outer loop
      vertex -1 2.5 -3.5
      vertex 1 2.5 0.9184837194692805
      vertex 1 2.5 -1.2348835946678731
    endloop
  endfacet
  facet normal 0 1 0
    outer loop
      vertex -1 2.5 -3.5
      vertex 1 2.5 1.2348835946678731
      vertex 1 2.5 0.9184837194692805
    endloop
  endfacet
  facet normal 0 1 0
    outer loop
      vertex -1 2.5 -3.5
      vertex 1 2.5 3.5
      vertex 1 2.5 1.2348835946678731
    endloop
  endfacet
  facet normal 0 1 0
    outer loop
      vertex -1 2.5 -1.2348835946678731
      vertex -1 2.5 -0.9184837194692805
      vertex 1 2.5 3.5
    endloop
  endfacet
  facet normal 1 0 0
    outer loop
      vertex -1 2.5 -1.2348835946678731
      vertex -1 9.77285317653863 -3.5
      vertex -1 10 -3.3460338097398172
    endloop
  endfacet
  facet normal 1 0 0
    outer loop
      vertex -1 2.5 -1.2348835946678731
      vertex -1 10 -3.3460338097398172
      vertex -1 10 -1.2348835946678731
    endloop
  endfacet
  facet normal 0 1 0
    outer loop
      vertex -1 2.5 -0.9184837194692805
      vertex -1 2.5 1.2348835946678731
      vertex 1 2.5 3.5
    endloop
  endfacet
  facet normal 0 1 0
    outer loop
      vertex -1 2.5 1.2348835946678731
      vertex -1 2.5 3.5
      vertex 1 2.5 3.5
    endloop
  endfacet
  facet normal 1 0 0
    outer loop
      vertex -1 2.5 1.2348835946678731
      vertex -1 10 1.2348835946678731
      vertex -1 2.5 3.5
    endloop
  endfacet
  facet normal 1 0 0
    outer loop
      vertex -1 2.5 3.5
      vertex -1 10 1.2348835946678731
      vertex -1 10 3.3460338097398172
    endloop
  endfacet
  facet normal 1 0 0
    outer loop
      vertex -1 2.5 3.5
      vertex -1 10 3.3460338097398172
      vertex -1 9.77285317653863 3.5
    endloop
  endfacet
  facet normal 0.42577929156507244 0.9048270524660197 0
    outer loop
      vertex -0.9635073482034309 -4.752613360087727 -3.5
      vertex -0.9635073482034309 -4.752613360087727 3.5
      vertex -0.7362491053693558 -4.859552971776503 -3.5
    endloop
  endfacet
  facet normal 0.42577929156507244 0.9048270524660197 0
    outer loop
      vertex -0.9635073482034309 -4.752613360087727 3.5
      vertex -0.7362491053693558 -4.859552971776503 3.5
      vertex -0.7362491053693558 -4.859552971776503 -3.5
    endloop
  endfacet
  facet normal 0.4257792915650731 -0.9048270524660195 0
    outer loop
      vertex -0.9635073482034309 -1.247386639912273 -3.5
      vertex -0.7362491053693567 -1.1404470282234975 -3.5
      vertex -0.7362491053693567 -1.1404470282234975 3.5
    endloop
  endfacet
  facet normal 0.4257792915650731 -0.9048270524660195 0
    outer loop
      vertex -0.9635073482034309 -1.247386639912273 -3.5
      vertex -0.7362491053693567 -1.1404470282234975 3.5
      vertex -0.9635073482034309 -1.247386639912273 3.5
    endloop
  endfacet
  facet normal 0.3090169943749473 -0.9510565162951536 0
    outer loop
      vertex -0.7362491053693567 -1.1404470282234975 -3.5
      vertex -0.4973797743297088 -1.0628336777427376 -3.5
      vertex -0.4973797743297088 -1.0628336777427376 3.5
    endloop
  endfacet
  facet normal 0.3090169943749473 -0.9510565162951536 0
    outer loop
      vertex -0.7362491053693567 -1.1404470282234975 -3.5
      vertex -0.4973797743297088 -1.0628336777427376 3.5
      vertex -0.7362491053693567 -1.1404470282234975 3.5
    endloop
  endfacet
  facet normal 0.3090169943749478 0.9510565162951535 0
    outer loop
      vertex -0.7362491053693558 -4.859552971776503 -3.5
      vertex -0.7362491053693558 -4.859552971776503 3.5
      vertex -0.4973797743297097 -4.937166322257262 -3.5
    endloop
  endfacet
  facet normal 0.3090169943749478 0.9510565162951535 0
    outer loop
      vertex -0.7362491053693558 -4.859552971776503 3.5
      vertex -0.4973797743297097 -4.937166322257262 3.5
      vertex -0.4973797743297097 -4.937166322257262 -3.5
    endloop
  endfacet
  facet normal 0.18738131458572577 0.9822872507286885 0
    outer loop
      vertex -0.4973797743297097 -4.937166322257262 -3.5
      vertex -0.4973797743297097 -4.937166322257262 3.5
      vertex -0.2506664671286081 -4.984229402628956 -3.5
    endloop
  endfacet
  facet normal 0 0 -1
    outer loop
      vertex -0.4973797743297097 -4.937166322257262 -3.5
      vertex -0.2506664671286081 -4.984229402628956 -3.5
      vertex 4 -6 -3.5
    endloop
  endfacet
  facet normal 0.18738131458572577 0.9822872507286885 0
    outer loop
      vertex -0.4973797743297097 -4.937166322257262 3.5
      vertex -0.2506664671286081 -4.984229402628956 3.5
      vertex -0.2506664671286081 -4.984229402628956 -3.5
    endloop
  endfacet
  facet normal 0.1873813145857247 -0.9822872507286887 0
    outer loop
      vertex -0.4973797743297088 -1.0628336777427376 -3.5
      vertex -0.2506664671286081 -1.0157705973710442 -3.5
      vertex -0.2506664671286081 -1.0157705973710442 3.5
    endloop
  endfacet
  facet normal 0.1873813145857247 -0.9822872507286887 0
    outer loop
      vertex -0.4973797743297088 -1.0628336777427376 -3.5
      vertex -0.2506664671286081 -1.0157705973710442 3.5
      vertex -0.4973797743297088 -1.0628336777427376 3.5
    endloop
  endfacet
  facet normal 0 0 1
    outer loop
      vertex -0.4973797743297088 -1.0628336777427376 3.5
      vertex -0.2506664671286081 -1.0157705973710442 3.5
      vertex 4 0 3.5
    endloop
  endfacet
  facet normal 0 0 1
    outer loop
      vertex -0.4973797743297088 -1.0628336777427376 3.5
      vertex 4 0 3.5
      vertex 1.91937090747563 0 3.5
    endloop
  endfacet
  facet normal 0.06279051952931225 0.9980267284282717 0
    outer loop
      vertex -0.2506664671286081 -4.984229402628956 -3.5
      vertex -0.2506664671286081 -4.984229402628956 3.5
      vertex 0 -5 -3.5
    endloop
  endfacet
  facet normal 0 0 -1
    outer loop
      vertex -0.2506664671286081 -4.984229402628956 -3.5
      vertex 0 -5 -3.5
      vertex 4 -6 -3.5
    endloop
  endfacet
  facet normal 0.06279051952931225 0.9980267284282717 0
    outer loop
      vertex -0.2506664671286081 -4.984229402628956 3.5
      vertex 0 -5 3.5
      vertex 0 -5 -3.5
    endloop
  endfacet
  facet normal 0.06279051952931312 -0.9980267284282716 0
    outer loop
      vertex -0.2506664671286081 -1.0157705973710442 -3.5
      vertex 0 -1 -3.5
      vertex 0 -1 3.5
    endloop
  endfacet
  facet normal 0.06279051952931312 -0.9980267284282716 0
    outer loop
      vertex -0.2506664671286081 -1.0157705973710442 -3.5
      vertex 0 -1 3.5
      vertex -0.2506664671286081 -1.0157705973710442 3.5
    endloop
  endfacet
  facet normal 0 0 1
    outer loop
      vertex -0.2506664671286081 -1.0157705973710442 3.5
      vertex 0 -1 3.5
      vertex 4 0 3.5
    endloop
  endfacet
  facet normal -0.06279051952931214 0.9980267284282717 0
    outer loop
      vertex 0 -5 -3.5
      vertex 0 -5 3.5
      vertex 0.2506664671286085 -4.984229402628956 -3.5
    endloop
  endfacet
  facet normal 0 0 -1
    outer loop
      vertex 0 -5 -3.5
      vertex 0.2506664671286085 -4.984229402628956 -3.5
      vertex 4 -6 -3.5
    endloop
  endfacet
  facet normal -0.06279051952931214 0.9980267284282717 0
    outer loop
      vertex 0 -5 3.5
      vertex 0.2506664671286085 -4.984229402628956 3.5
      vertex 0.2506664671286085 -4.984229402628956 -3.5
    endloop
  endfacet
  facet normal -0.06279051952931301 -0.9980267284282716 0
    outer loop
      vertex 0 -1 -3.5
      vertex 0.2506664671286085 -1.0157705973710442 -3.5
      vertex 0.2506664671286085 -1.0157705973710442 3.5
    endloop
  endfacet
  facet normal -0.06279051952931301 -0.9980267284282716 0
    outer loop
      vertex 0 -1 -3.5
      vertex 0.2506664671286085 -1.0157705973710442 3.5
      vertex 0 -1 3.5
    endloop
  endfacet
  facet normal 0 0 1
    outer loop
      vertex 0 -1 3.5
      vertex 0.2506664671286085 -1.0157705973710442 3.5
      vertex 4 0 3.5
    endloop
  endfacet
  facet normal -0.18738131458572577 0.9822872507286885 0
    outer loop
      vertex 0.2506664671286085 -4.984229402628956 -3.5
      vertex 0.2506664671286085 -4.984229402628956 3.5
      vertex 0.49737977432971014 -4.937166322257262 -3.5
    endloop
  endfacet
  facet normal 0 0 -1
    outer loop
      vertex 0.2506664671286085 -4.984229402628956 -3.5
      vertex 0.49737977432971014 -4.937166322257262 -3.5
      vertex 4 -6 -3.5
    endloop
  endfacet
  facet normal -0.18738131458572577 0.9822872507286885 0
    outer loop
      vertex 0.2506664671286085 -4.984229402628956 3.5
      vertex 0.49737977432971014 -4.937166322257262 3.5
      vertex 0.49737977432971014 -4.937166322257262 -3.5
    endloop
  endfacet
  facet normal -0.18738131458572554 -0.9822872507286884 0
    outer loop
      vertex 0.2506664671286085 -1.0157705973710442 -3.5
      vertex 0.49737977432970926 -1.0628336777427378 -3.5
      vertex 0.49737977432970926 -1.0628336777427378 3.5
    endloop
  endfacet
  facet normal -0.18738131458572554 -0.9822872507286884 0
    outer loop
      vertex 0.2506664671286085 -1.0157705973710442 -3.5
      vertex 0.49737977432970926 -1.0628336777427378 3.5
      vertex 0.2506664671286085 -1.0157705973710442 3.5
    endloop
  endfacet
  facet normal 0 0 1
    outer loop
      vertex 0.2506664671286085 -1.0157705973710442 3.5
      vertex 0.49737977432970926 -1.0628336777427378 3.5
      vertex 4 0 3.5
    endloop
  endfacet
  facet normal -0.30901699437494723 -0.9510565162951535 0
    outer loop
      vertex 0.49737977432970926 -1.0628336777427378 -3.5
      vertex 0.7362491053693558 -1.1404470282234973 -3.5
      vertex 0.7362491053693558 -1.1404470282234973 3.5
    endloop
  endfacet
  facet normal -0.30901699437494723 -0.9510565162951535 0
    outer loop
      vertex 0.49737977432970926 -1.0628336777427378 -3.5
      vertex 0.7362491053693558 -1.1404470282234973 3.5
      vertex 0.49737977432970926 -1.0628336777427378 3.5
    endloop
  endfacet
  facet normal 0 0 -1
    outer loop
      vertex 0.49737977432970926 -1.0628336777427378 -3.5
      vertex 1.91937090747563 0 -3.5
      vertex 4 0 -3.5
    endloop
  endfacet
  facet normal 0 0 -1
    outer loop
      vertex 0.49737977432970926 -1.0628336777427378 -3.5
      vertex 4 0 -3.5
      vertex 0.7362491053693558 -1.1404470282234973 -3.5
    endloop
  endfacet
  facet normal 0 0 1
    outer loop
      vertex 0.49737977432970926 -1.0628336777427378 3.5
      vertex 0.7362491053693558 -1.1404470282234973 3.5
      vertex 4 0 3.5
    endloop
  endfacet
  facet normal -0.3090169943749483 0.9510565162951533 0
    outer loop
      vertex 0.49737977432971014 -4.937166322257262 -3.5
      vertex 0.49737977432971014 -4.937166322257262 3.5
      vertex 0.7362491053693558 -4.859552971776503 -3.5
    endloop
  endfacet
  facet normal 0 0 -1
    outer loop
      vertex 0.49737977432971014 -4.937166322257262 -3.5
      vertex 0.7362491053693558 -4.859552971776503 -3.5
      vertex 4 -6 -3.5
    endloop
  endfacet
  facet normal -0.3090169943749483 0.9510565162951533 0
    outer loop
      vertex 0.49737977432971014 -4.937166322257262 3.5
      vertex 0.7362491053693558 -4.859552971776503 3.5
      vertex 0.7362491053693558 -4.859552971776503 -3.5
    endloop
  endfacet
  facet normal 0 0 1
    outer loop
      vertex 0.49737977432971014 -4.937166322257262 3.5
      vertex 4 -6 3.5
      vertex 0.7362491053693558 -4.859552971776503 3.5
    endloop
  endfacet
  facet normal -0.4257792915650731 0.9048270524660194 0
    outer loop
      vertex 0.7362491053693558 -4.859552971776503 -3.5
      vertex 0.7362491053693558 -4.859552971776503 3.5
      vertex 0.9635073482034304 -4.752613360087727 -3.5
    endloop
  endfacet
  facet normal 0 0 -1
    outer loop
      vertex 0.7362491053693558 -4.859552971776503 -3.5
      vertex 0.9635073482034304 -4.752613360087727 -3.5
      vertex 4 -6 -3.5
    endloop
  endfacet
  facet normal -0.4257792915650731 0.9048270524660194 0
    outer loop
      vertex 0.7362491053693558 -4.859552971776503 3.5
      vertex 0.9635073482034304 -4.752613360087727 3.5
      vertex 0.9635073482034304 -4.752613360087727 -3.5
    endloop
  endfacet
  facet normal 0 0 1
    outer loop
      vertex 0.7362491053693558 -4.859552971776503 3.5
      vertex 4 -6 3.5
      vertex 0.9635073482034304 -4.752613360087727 3.5
    endloop
  endfacet
  facet normal -0.4257792915650724 -0.9048270524660197 0
    outer loop
      vertex 0.7362491053693558 -1.1404470282234973 -3.5
      vertex 0.9635073482034304 -1.2473866399122728 -3.5
      vertex 0.9635073482034304 -1.2473866399122728 3.5
    endloop
  endfacet
  facet normal -0.4257792915650724 -0.9048270524660197 0
    outer loop
      vertex 0.7362491053693558 -1.1404470282234973 -3.5
      vertex 0.9635073482034304 -1.2473866399122728 3.5
      vertex 0.7362491053693558 -1.1404470282234973 3.5
    endloop
  endfacet
  facet normal 0 0 -1
    outer loop
      vertex 0.7362491053693558 -1.1404470282234973 -3.5
      vertex 4 0 -3.5
      vertex 0.9635073482034304 -1.2473866399122728 -3.5
    endloop
  endfacet
  facet normal 0 0 1
    outer loop
      vertex 0.7362491053693558 -1.1404470282234973 3.5
      vertex 0.9635073482034304 -1.2473866399122728 3.5
      vertex 4 0 3.5
    endloop
  endfacet
  facet normal -0.5358267949789948 0.8443279255020163 0
    outer loop
      vertex 0.9635073482034304 -4.752613360087727 -3.5
      vertex 0.9635073482034304 -4.752613360087727 3.5
      vertex 1.1755705045849467 -4.618033988749895 -3.5
    endloop
  endfacet
  facet normal 0 0 -1
    outer loop
      vertex 0.9635073482034304 -4.752613360087727 -3.5
      vertex 1.1755705045849467 -4.618033988749895 -3.5
      vertex 4 -6 -3.5
    endloop
  endfacet
  facet normal -0.5358267949789948 0.8443279255020163 0
    outer loop
      vertex 0.9635073482034304 -4.752613360087727 3.5
      vertex 1.1755705045849467 -4.618033988749895 3.5
      vertex 1.1755705045849467 -4.618033988749895 -3.5
    endloop
  endfacet
  facet normal 0 0 1
    outer loop
      vertex 0.9635073482034304 -4.752613360087727 3.5
      vertex 4 -6 3.5
      vertex 1.1755705045849467 -4.618033988749895 3.5
    endloop
  endfacet
  facet normal -0.5358267949789954 -0.844327925502016 0
    outer loop
      vertex 0.9635073482034304 -1.2473866399122728 -3.5
      vertex 1.1755705045849467 -1.381966011250105 -3.5
      vertex 1.1755705045849467 -1.381966011250105 3.5
    endloop
  endfacet
  facet normal -0.5358267949789954 -0.844327925502016 0
    outer loop
      vertex 0.9635073482034304 -1.2473866399122728 -3.5
      vertex 1.1755705045849467 -1.381966011250105 3.5
      vertex 0.9635073482034304 -1.2473866399122728 3.5
    endloop
  endfacet
  facet normal 0 0 -1
    outer loop
      vertex 0.9635073482034304 -1.2473866399122728 -3.5
      vertex 4 0 -3.5
      vertex 1.1755705045849467 -1.381966011250105 -3.5
    endloop
  endfacet
  facet normal 0 0 1
    outer loop
      vertex 0.9635073482034304 -1.2473866399122728 3.5
      vertex 1.1755705045849467 -1.381966011250105 3.5
      vertex 4 0 3.5
    endloop
  endfacet
  facet normal -1 0 0
    outer loop
      vertex 1 2.5 -3.5
      vertex 1 2.5 -1.2348835946678731
      vertex 1 10 -1.2348835946678731
    endloop
  endfacet
  facet normal 0 0 -1
    outer loop
      vertex 1 2.5 -3.5
      vertex 1 9.77285317653863 -3.5
      vertex 1.91937090747563 7 -3.5
    endloop
  endfacet
  facet normal -1 0 0
    outer loop
      vertex 1 2.5 -3.5
      vertex 1 10 -3.3460338097398172
      vertex 1 9.77285317653863 -3.5
    endloop
  endfacet
  facet normal -1 0 0
    outer loop
      vertex 1 2.5 -3.5
      vertex 1 10 -1.2348835946678731
      vertex 1 10 -3.3460338097398172
    endloop
  endfacet
  facet normal 0 0 -1
    outer loop
      vertex 1 2.5 -3.5
      vertex 1.91937090747563 7 -3.5
      vertex 1.91937090747563 0 -3.5
    endloop
  endfacet
  facet normal 0 1 0
    outer loop
      vertex 1 2.5 -1.2348835946678731
      vertex 1 2.5 0.9184837194692805
      vertex 1.294427190999916 2.5 -0.940456403667957
    endloop
  endfacet
  facet normal -0.7071067811865475 0 0.7071067811865475
    outer loop
      vertex 1 2.5 -1.2348835946678731
      vertex 1.294427190999916 2.5 -0.940456403667957
      vertex 1.294427190999916 10 -0.940456403667957
    endloop
  endfacet
  facet normal -0.7071067811865475 0 0.7071067811865475
    outer loop
      vertex 1 2.5 -1.2348835946678731
      vertex 1.294427190999916 10 -0.940456403667957
      vertex 1 10 -1.2348835946678731
    endloop
  endfacet
  facet normal 0 1 0
    outer loop
      vertex 1 2.5 0.9184837194692805
      vertex 1 2.5 1.2348835946678731
      vertex 1.294427190999916 2.5 0.940456403667957
    endloop
  endfacet
  facet normal 0 1 0
    outer loop
      vertex 1 2.5 0.9184837194692805
      vertex 1.294427190999916 2.5 0.940456403667957
      vertex 1.294427190999916 2.5 -0.940456403667957
    endloop
  endfacet
  facet normal -1 0 0
    outer loop
      vertex 1 2.5 1.2348835946678731
      vertex 1 2.5 3.5
      vertex 1 9.77285317653863 3.5
    endloop
  endfacet
  facet normal -1 0 0
    outer loop
      vertex 1 2.5 1.2348835946678731
      vertex 1 9.77285317653863 3.5
      vertex 1 10 3.3460338097398172
    endloop
  endfacet
  facet normal -0.7071067811865475 0 -0.7071067811865475
    outer loop
      vertex 1 2.5 1.2348835946678731
      vertex 1 10 1.2348835946678731
      vertex 1.294427190999916 2.5 0.940456403667957
    endloop
  endfacet
  facet normal -1 0 0
    outer loop
      vertex 1 2.5 1.2348835946678731
      vertex 1 10 3.3460338097398172
      vertex 1 10 1.2348835946678731
    endloop
  endfacet
  facet normal 0 0 1
    outer loop
      vertex 1 2.5 3.5
      vertex 1.91937090747563 0 3.5
      vertex 1 9.77285317653863 3.5
    endloop
  endfacet
  facet normal 0.1732845120276273 0.5525911527208205 -0.8152395327914503
    outer loop
      vertex 1 9.77285317653863 -3.5
      vertex 1 10 -3.3460338097398172
      vertex 1.1372189368151722 9.729823322749096 -3.5
    endloop
  endfacet
  facet normal 0 0 -1
    outer loop
      vertex 1 9.77285317653863 -3.5
      vertex 1.1372189368151722 9.729823322749096 -3.5
      vertex 1.91937090747563 7 -3.5
    endloop
  endfacet
  facet normal 0.17328451202762782 0.5525911527208205 0.8152395327914502
    outer loop
      vertex 1 9.77285317653863 3.5
      vertex 1.0815594803123159 10 3.3286978070330373
      vertex 1 10 3.3460338097398172
    endloop
  endfacet
  facet normal 0.17328451202762732 0.5525911527208206 0.8152395327914501
    outer loop
      vertex 1 9.77285317653863 3.5
      vertex 1.1372189368151722 9.729823322749096 3.5
      vertex 1.0815594803123159 10 3.3286978070330373
    endloop
  endfacet
  facet normal 0 0 1
    outer loop
      vertex 1 9.77285317653863 3.5
      vertex 1.91937090747563 0 3.5
      vertex 1.91937090747563 7 3.5
    endloop
  endfacet
  facet normal 0 0 1
    outer loop
      vertex 1 9.77285317653863 3.5
      vertex 1.91937090747563 7 3.5
      vertex 1.1372189368151722 9.729823322749096 3.5
    endloop
  endfacet
  facet normal 0 1 0
    outer loop
      vertex 1 10 -3.3460338097398172
      vertex 1 10 -1.2348835946678731
      vertex 1.0815594803123159 10 -3.3286978070330373
    endloop
  endfacet
  facet normal 0.17328451202762796 0.5525911527208207 -0.81523953279145
    outer loop
      vertex 1 10 -3.3460338097398172
      vertex 1.0815594803123159 10 -3.3286978070330373
      vertex 1.1372189368151722 9.729823322749096 -3.5
    endloop
  endfacet
  facet normal 0 1 0
    outer loop
      vertex 1 10 -1.2348835946678731
      vertex 1.294427190999916 10 -0.940456403667957
      vertex 1.0815594803123159 10 -3.3286978070330373
    endloop
  endfacet
  facet normal 0 1 0
    outer loop
      vertex 1 10 1.2348835946678731
      vertex 1 10 3.3460338097398172
      vertex 1.0815594803123159 10 3.3286978070330373
    endloop
  endfacet
  facet normal 0 1 0
    outer loop
      vertex 1 10 1.2348835946678731
      vertex 1.0815594803123159 10 3.3286978070330373
      vertex 1.75 10 3.031088913245535
    endloop
  endfacet
  facet normal -0.7071067811865475 0 -0.7071067811865475
    outer loop
      vertex 1 10 1.2348835946678731
      vertex 1.294427190999916 10 0.940456403667957
      vertex 1.294427190999916 2.5 0.940456403667957
    endloop
  endfacet
  facet normal 0 1 0
    outer loop
      vertex 1 10 1.2348835946678731
      vertex 1.75 10 3.031088913245535
      vertex 1.294427190999916 10 0.940456403667957
    endloop
  endfacet
  facet normal 0 1 0
    outer loop
      vertex 1.0815594803123159 10 -3.3286978070330373
      vertex 1.294427190999916 10 -0.940456403667957
      vertex 1.5216904260722457 10 -0.49442719099991583
    endloop
  endfacet
  facet normal 0 1 0
    outer loop
      vertex 1.0815594803123159 10 -3.3286978070330373
      vertex 1.5216904260722457 10 -0.49442719099991583
      vertex 1.75 10 -3.031088913245535
    endloop
  endfacet
  facet normal 0.338995659368301 0.5525911527208206 -0.7613967171351119
    outer loop
      vertex 1.0815594803123159 10 -3.3286978070330373
      vertex 1.75 10 -3.031088913245535
      vertex 1.1372189368151722 9.729823322749096 -3.5
    endloop
  endfacet
  facet normal 0.3389956593683008 0.5525911527208205 0.7613967171351119
    outer loop
      vertex 1.0815594803123159 10 3.3286978070330373
      vertex 1.1372189368151722 9.729823322749096 3.5
      vertex 2.0207259421636903 9.187822173508929 3.5
    endloop
  endfacet
  facet normal 0.33899565936830095 0.5525911527208206 0.7613967171351117
    outer loop
      vertex 1.0815594803123159 10 3.3286978070330373
      vertex 2.0207259421636903 9.187822173508929 3.5
      vertex 1.75 10 3.031088913245535
    endloop
  endfacet
  facet normal 0.3389956593683009 0.5525911527208208 -0.7613967171351118
    outer loop
      vertex 1.1372189368151722 9.729823322749096 -3.5
      vertex 1.75 10 -3.031088913245535
      vertex 2.0207259421636903 9.187822173508929 -3.5
    endloop
  endfacet
  facet normal 0 0 -1
    outer loop
      vertex 1.1372189368151722 9.729823322749096 -3.5
      vertex 2.0207259421636903 7.062177826491071 -3.5
      vertex 1.91937090747563 7 -3.5
    endloop
  endfacet
  facet normal 0 0 -1
    outer loop
      vertex 1.1372189368151722 9.729823322749096 -3.5
      vertex 2.0207259421636903 9.187822173508929 -3.5
      vertex 2.0207259421636903 7.062177826491071 -3.5
    endloop
  endfacet
  facet normal 0 0 1
    outer loop
      vertex 1.1372189368151722 9.729823322749096 3.5
      vertex 1.91937090747563 7 3.5
      vertex 2.0207259421636903 9.187822173508929 3.5
    endloop
  endfacet
  facet normal -0.6374239897486912 0.7705132427757881 0
    outer loop
      vertex 1.1755705045849467 -4.618033988749895 -3.5
      vertex 1.1755705045849467 -4.618033988749895 3.5
      vertex 1.3690942118573766 -4.4579372548428235 -3.5
    endloop
  endfacet
  facet normal 0 0 -1
    outer loop
      vertex 1.1755705045849467 -4.618033988749895 -3.5
      vertex 1.3690942118573766 -4.4579372548428235 -3.5
      vertex 4 -6 -3.5
    endloop
  endfacet
  facet normal -0.6374239897486912 0.7705132427757881 0
    outer loop
      vertex 1.1755705045849467 -4.618033988749895 3.5
      vertex 1.3690942118573766 -4.4579372548428235 3.5
      vertex 1.3690942118573766 -4.4579372548428235 -3.5
    endloop
  endfacet
  facet normal 0 0 1
    outer loop
      vertex 1.1755705045849467 -4.618033988749895 3.5
      vertex 4 -6 3.5
      vertex 1.3690942118573766 -4.4579372548428235 3.5
    endloop
  endfacet
  facet normal -0.6374239897486904 -0.7705132427757887 0
    outer loop
      vertex 1.1755705045849467 -1.381966011250105 -3.5
      vertex 1.3690942118573775 -1.542062745157177 -3.5
      vertex 1.3690942118573775 -1.542062745157177 3.5
    endloop
  endfacet
  facet normal -0.6374239897486904 -0.7705132427757887 0
    outer loop
      vertex 1.1755705045849467 -1.381966011250105 -3.5
      vertex 1.3690942118573775 -1.542062745157177 3.5
      vertex 1.1755705045849467 -1.381966011250105 3.5
    endloop
  endfacet
  facet normal 0 0 -1
    outer loop
      vertex 1.1755705045849467 -1.381966011250105 -3.5
      vertex 4 0 -3.5
      vertex 1.3690942118573775 -1.542062745157177 -3.5
    endloop
  endfacet
  facet normal 0 0 1
    outer loop
      vertex 1.1755705045849467 -1.381966011250105 3.5
      vertex 1.3690942118573775 -1.542062745157177 3.5
      vertex 4 0 3.5
    endloop
  endfacet
  facet normal 0 1 0
    outer loop
      vertex 1.294427190999916 2.5 -0.940456403667957
      vertex 1.294427190999916 2.5 0.940456403667957
      vertex 1.5216904260722457 2.5 -0.49442719099991583
    endloop
  endfacet
  facet normal -0.8910065241883681 0 0.45399049973954636
    outer loop
      vertex 1.294427190999916 2.5 -0.940456403667957
      vertex 1.5216904260722457 2.5 -0.49442719099991583
      vertex 1.5216904260722457 10 -0.49442719099991583
    endloop
  endfacet
  facet normal -0.8910065241883681 0 0.45399049973954636
    outer loop
      vertex 1.294427190999916 2.5 -0.940456403667957
      vertex 1.5216904260722457 10 -0.49442719099991583
      vertex 1.294427190999916 10 -0.940456403667957
    endloop
  endfacet
  facet normal -0.8910065241883681 0 -0.45399049973954636
    outer loop
      vertex 1.294427190999916 2.5 0.940456403667957
      vertex 1.294427190999916 10 0.940456403667957
      vertex 1.5216904260722457 2.5 0.49442719099991583
    endloop
  endfacet
  facet normal 0 1 0
    outer loop
      vertex 1.294427190999916 2.5 0.940456403667957
      vertex 1.5216904260722457 2.5 0.49442719099991583
      vertex 1.5216904260722457 2.5 -0.49442719099991583
    endloop
  endfacet
  facet normal -0.8910065241883681 0 -0.45399049973954636
    outer loop
      vertex 1.294427190999916 10 0.940456403667957
      vertex 1.5216904260722457 10 0.49442719099991583
      vertex 1.5216904260722457 2.5 0.49442719099991583
    endloop
  endfacet
  facet normal 0 1 0
    outer loop
      vertex 1.294427190999916 10 0.940456403667957
      vertex 1.75 10 3.031088913245535
      vertex 1.5216904260722457 10 0.49442719099991583
    endloop
  endfacet
  facet normal -0.7289686274214098 0.6845471059286905 0
    outer loop
      vertex 1.3690942118573766 -4.4579372548428235 -3.5
      vertex 1.3690942118573766 -4.4579372548428235 3.5
      vertex 1.541026485551579 -4.2748479794973795 -3.5
    endloop
  endfacet
  facet normal 0 0 -1
    outer loop
      vertex 1.3690942118573766 -4.4579372548428235 -3.5
      vertex 1.541026485551579 -4.2748479794973795 -3.5
      vertex 4 -6 -3.5
    endloop
  endfacet
  facet normal -0.7289686274214098 0.6845471059286905 0
    outer loop
      vertex 1.3690942118573766 -4.4579372548428235 3.5
      vertex 1.541026485551579 -4.2748479794973795 3.5
      vertex 1.541026485551579 -4.2748479794973795 -3.5
    endloop
  endfacet
  facet normal 0 0 1
    outer loop
      vertex 1.3690942118573766 -4.4579372548428235 3.5
      vertex 4 -6 3.5
      vertex 1.541026485551579 -4.2748479794973795 3.5
    endloop
  endfacet
  facet normal -0.7289686274214124 -0.6845471059286876 0
    outer loop
      vertex 1.3690942118573775 -1.542062745157177 -3.5
      vertex 1.541026485551578 -1.7251520205026205 -3.5
      vertex 1.541026485551578 -1.7251520205026205 3.5
    endloop
  endfacet
  facet normal -0.7289686274214124 -0.6845471059286876 0
    outer loop
      vertex 1.3690942118573775 -1.542062745157177 -3.5
      vertex 1.541026485551578 -1.7251520205026205 3.5
      vertex 1.3690942118573775 -1.542062745157177 3.5
    endloop
  endfacet
  facet normal 0 0 -1
    outer loop
      vertex 1.3690942118573775 -1.542062745157177 -3.5
      vertex 4 0 -3.5
      vertex 1.541026485551578 -1.7251520205026205 -3.5
    endloop
  endfacet
  facet normal 0 0 1
    outer loop
      vertex 1.3690942118573775 -1.542062745157177 3.5
      vertex 1.541026485551578 -1.7251520205026205 3.5
      vertex 4 0 3.5
    endloop
  endfacet
  facet normal 0 1 0
    outer loop
      vertex 1.5216904260722457 2.5 -0.49442719099991583
      vertex 1.5216904260722457 2.5 0.49442719099991583
      vertex 1.6 2.5 0
    endloop
  endfacet
  facet normal -0.9876883405951377 0 0.1564344650402311
    outer loop
      vertex 1.5216904260722457 2.5 -0.49442719099991583
      vertex 1.6 2.5 0
      vertex 1.6 10 0
    endloop
  endfacet
  facet normal -0.9876883405951377 0 0.1564344650402311
    outer loop
      vertex 1.5216904260722457 2.5 -0.49442719099991583
      vertex 1.6 10 0
      vertex 1.5216904260722457 10 -0.49442719099991583
    endloop
  endfacet
  facet normal -0.9876883405951377 0 -0.1564344650402311
    outer loop
      vertex 1.5216904260722457 2.5 0.49442719099991583
      vertex 1.5216904260722457 10 0.49442719099991583
      vertex 1.6 2.5 0
    endloop
  endfacet
  facet normal 0 1 0
    outer loop
      vertex 1.5216904260722457 10 -0.49442719099991583
      vertex 1.6 10 0
      vertex 1.75 10 -3.031088913245535
    endloop
  endfacet
  facet normal -0.9876883405951377 0 -0.1564344650402311
    outer loop
      vertex 1.5216904260722457 10 0.49442719099991583
      vertex 1.6 10 0
      vertex 1.6 2.5 0
    endloop
  endfacet
  facet normal 0 1 0
    outer loop
      vertex 1.5216904260722457 10 0.49442719099991583
      vertex 1.75 10 3.031088913245535
      vertex 1.6 10 0
    endloop
  endfacet
  facet normal -0.8090169943749459 -0.5877852522924754 0
    outer loop
      vertex 1.541026485551578 -1.7251520205026205 -3.5
      vertex 1.6886558510040306 -1.9283464100420067 -3.5
      vertex 1.6886558510040306 -1.9283464100420067 3.5
    endloop
  endfacet
  facet normal -0.8090169943749459 -0.5877852522924754 0
    outer loop
      vertex 1.541026485551578 -1.7251520205026205 -3.5
      vertex 1.6886558510040306 -1.9283464100420067 3.5
      vertex 1.541026485551578 -1.7251520205026205 3.5
    endloop
  endfacet
  facet normal 0 0 -1
    outer loop
      vertex 1.541026485551578 -1.7251520205026205 -3.5
      vertex 4 0 -3.5
      vertex 1.6886558510040306 -1.9283464100420067 -3.5
    endloop
  endfacet
  facet normal 0 0 1
    outer loop
      vertex 1.541026485551578 -1.7251520205026205 3.5
      vertex 1.6886558510040306 -1.9283464100420067 3.5
      vertex 4 0 3.5
    endloop
  endfacet
  facet normal -0.8090169943749496 0.5877852522924703 0
    outer loop
      vertex 1.541026485551579 -4.2748479794973795 -3.5
      vertex 1.541026485551579 -4.2748479794973795 3.5
      vertex 1.6886558510040297 -4.071653589957993 -3.5
    endloop
  endfacet
  facet normal 0 0 -1
    outer loop
      vertex 1.541026485551579 -4.2748479794973795 -3.5
      vertex 1.6886558510040297 -4.071653589957993 -3.5
      vertex 4 -6 -3.5
    endloop
  endfacet
  facet normal -0.8090169943749496 0.5877852522924703 0
    outer loop
      vertex 1.541026485551579 -4.2748479794973795 3.5
      vertex 1.6886558510040297 -4.071653589957993 3.5
      vertex 1.6886558510040297 -4.071653589957993 -3.5
    endloop
  endfacet
  facet normal 0 0 1
    outer loop
      vertex 1.541026485551579 -4.2748479794973795 3.5
      vertex 4 -6 3.5
      vertex 1.6886558510040297 -4.071653589957993 3.5
    endloop
  endfacet
  facet normal 0 1 0
    outer loop
      vertex 1.6 10 0
      vertex 1.75 10 3.031088913245535
      vertex 1.75 10 -3.031088913245535
    endloop
  endfacet
  facet normal -0.8763066800438625 0.4817536741017172 0
    outer loop
      vertex 1.6886558510040297 -4.071653589957993 -3.5
      vertex 1.6886558510040297 -4.071653589957993 3.5
      vertex 1.8096541049320392 -3.8515585831301453 -3.5
    endloop
  endfacet
  facet normal 0 0 -1
    outer loop
      vertex 1.6886558510040297 -4.071653589957993 -3.5
      vertex 1.8096541049320392 -3.8515585831301453 -3.5
      vertex 4 -6 -3.5
    endloop
  endfacet
  facet normal -0.8763066800438625 0.4817536741017172 0
    outer loop
      vertex 1.6886558510040297 -4.071653589957993 3.5
      vertex 1.8096541049320392 -3.8515585831301453 3.5
      vertex 1.8096541049320392 -3.8515585831301453 -3.5
    endloop
  endfacet
  facet normal 0 0 1
    outer loop
      vertex 1.6886558510040297 -4.071653589957993 3.5
      vertex 4 -6 3.5
      vertex 1.8096541049320392 -3.8515585831301453 3.5
    endloop
  endfacet
  facet normal -0.8763066800438641 -0.4817536741017141 0
    outer loop
      vertex 1.6886558510040306 -1.9283464100420067 -3.5
      vertex 1.8096541049320392 -2.1484414168698547 -3.5
      vertex 1.8096541049320392 -2.1484414168698547 3.5
    endloop
  endfacet
  facet normal -0.8763066800438641 -0.4817536741017141 0
    outer loop
      vertex 1.6886558510040306 -1.9283464100420067 -3.5
      vertex 1.8096541049320392 -2.1484414168698547 3.5
      vertex 1.6886558510040306 -1.9283464100420067 3.5
    endloop
  endfacet
  facet normal 0 0 -1
    outer loop
      vertex 1.6886558510040306 -1.9283464100420067 -3.5
      vertex 4 0 -3.5
      vertex 1.8096541049320392 -2.1484414168698547 -3.5
    endloop
  endfacet
  facet normal 0 0 1
    outer loop
      vertex 1.6886558510040306 -1.9283464100420067 3.5
      vertex 1.8096541049320392 -2.1484414168698547 3.5
      vertex 4 0 3.5
    endloop
  endfacet
  facet normal 0 1 0
    outer loop
      vertex 1.75 10 -3.031088913245535
      vertex 1.75 10 3.031088913245535
      vertex 2.341957122256004 10 2.60100688917088
    endloop
  endfacet
  facet normal 0.48989106971293034 0.5525911527208207 -0.6742772113531611
    outer loop
      vertex 1.75 10 -3.031088913245535
      vertex 2.341957122256004 10 -2.60100688917088
      vertex 2.0207259421636903 9.187822173508929 -3.5
    endloop
  endfacet
  facet normal 0 1 0
    outer loop
      vertex 1.75 10 -3.031088913245535
      vertex 2.341957122256004 10 2.60100688917088
      vertex 2.341957122256004 10 -2.60100688917088
    endloop
  endfacet
  facet normal 0.48989106971293034 0.5525911527208207 0.6742772113531611
    outer loop
      vertex 1.75 10 3.031088913245535
      vertex 2.0207259421636903 9.187822173508929 3.5
      vertex 2.341957122256004 10 2.60100688917088
    endloop
  endfacet
  facet normal -0.9297764858882512 0.36812455268467814 0
    outer loop
      vertex 1.8096541049320392 -3.8515585831301453 -3.5
      vertex 1.8096541049320392 -3.8515585831301453 3.5
      vertex 1.9021130325903073 -3.618033988749895 -3.5
    endloop
  endfacet
  facet normal 0 0 -1
    outer loop
      vertex 1.8096541049320392 -3.8515585831301453 -3.5
      vertex 1.9021130325903073 -3.618033988749895 -3.5
      vertex 4 -6 -3.5
    endloop
  endfacet
  facet normal -0.9297764858882512 0.36812455268467814 0
    outer loop
      vertex 1.8096541049320392 -3.8515585831301453 3.5
      vertex 1.9021130325903073 -3.618033988749895 3.5
      vertex 1.9021130325903073 -3.618033988749895 -3.5
    endloop
  endfacet
  facet normal 0 0 1
    outer loop
      vertex 1.8096541049320392 -3.8515585831301453 3.5
      vertex 4 -6 3.5
      vertex 1.9021130325903073 -3.618033988749895 3.5
    endloop
  endfacet
  facet normal -0.9297764858882512 -0.36812455268467814 0
    outer loop
      vertex 1.8096541049320392 -2.1484414168698547 -3.5
      vertex 1.9021130325903073 -2.381966011250105 -3.5
      vertex 1.9021130325903073 -2.381966011250105 3.5
    endloop
  endfacet
  facet normal -0.9297764858882512 -0.36812455268467814 0
    outer loop
      vertex 1.8096541049320392 -2.1484414168698547 -3.5
      vertex 1.9021130325903073 -2.381966011250105 3.5
      vertex 1.8096541049320392 -2.1484414168698547 3.5
    endloop
  endfacet
  facet normal 0 0 -1
    outer loop
      vertex 1.8096541049320392 -2.1484414168698547 -3.5
      vertex 4 0 -3.5
      vertex 1.9021130325903073 -2.381966011250105 -3.5
    endloop
  endfacet
  facet normal 0 0 1
    outer loop
      vertex 1.8096541049320392 -2.1484414168698547 3.5
      vertex 1.9021130325903073 -2.381966011250105 3.5
      vertex 4 0 3.5
    endloop
  endfacet
  facet normal -0.968583161128631 0.24868988716485527 0
    outer loop
      vertex 1.9021130325903073 -3.618033988749895 -3.5
      vertex 1.9021130325903073 -3.618033988749895 3.5
      vertex 1.9645745014573777 -3.374762629171449 -3.5
    endloop
  endfacet
  facet normal 0 0 -1
    outer loop
      vertex 1.9021130325903073 -3.618033988749895 -3.5
      vertex 1.9645745014573777 -3.374762629171449 -3.5
      vertex 4 -6 -3.5
    endloop
  endfacet
  facet normal -0.968583161128631 0.24868988716485527 0
    outer loop
      vertex 1.9021130325903073 -3.618033988749895 3.5
      vertex 1.9645745014573777 -3.374762629171449 3.5
      vertex 1.9645745014573777 -3.374762629171449 -3.5
    endloop
  endfacet
  facet normal 0 0 1
    outer loop
      vertex 1.9021130325903073 -3.618033988749895 3.5
      vertex 4 -6 3.5
      vertex 1.9645745014573777 -3.374762629171449 3.5
    endloop
  endfacet
  facet normal -0.968583161128631 -0.24868988716485527 0
    outer loop
      vertex 1.9021130325903073 -2.381966011250105 -3.5
      vertex 1.9645745014573777 -2.625237370828551 -3.5
      vertex 1.9645745014573777 -2.625237370828551 3.5
    endloop
  endfacet
  facet normal -0.968583161128631 -0.24868988716485527 0
    outer loop
      vertex 1.9021130325903073 -2.381966011250105 -3.5
      vertex 1.9645745014573777 -2.625237370828551 3.5
      vertex 1.9021130325903073 -2.381966011250105 3.5
    endloop
  endfacet
  facet normal 0 0 -1
    outer loop
      vertex 1.9021130325903073 -2.381966011250105 -3.5
      vertex 4 0 -3.5
      vertex 1.9645745014573777 -2.625237370828551 -3.5
    endloop
  endfacet
  facet normal 0 0 1
    outer loop
      vertex 1.9021130325903073 -2.381966011250105 3.5
      vertex 1.9645745014573777 -2.625237370828551 3.5
      vertex 4 0 3.5
    endloop
  endfacet
  facet normal 0.4067366430758005 0 -0.9135454576426006
    outer loop
      vertex 1.91937090747563 0 -3.5
      vertex 1.91937090747563 7 -3.5
      vertex 2 0 -3.4641016151377544
    endloop
  endfacet
  facet normal 0 1 0
    outer loop
      vertex 1.91937090747563 0 -3.5
      vertex 2 0 -3.4641016151377544
      vertex 4.4386663174750645 0 -3.4724014546006727
    endloop
  endfacet
  facet normal 0 1 0
    outer loop
      vertex 1.91937090747563 0 -3.5
      vertex 4.4386663174750645 0 -3.4724014546006727
      vertex 4 0 -3.5
    endloop
  endfacet
  facet normal 0.4067366430758005 0 0.9135454576426006
    outer loop
      vertex 1.91937090747563 0 3.5
      vertex 2 0 3.4641016151377544
      vertex 2 7 3.4641016151377544
    endloop
  endfacet
  facet normal 0.4067366430758005 0 0.9135454576426006
    outer loop
      vertex 1.91937090747563 0 3.5
      vertex 2 7 3.4641016151377544
      vertex 1.91937090747563 7 3.5
    endloop
  endfacet
  facet normal 0 1 0
    outer loop
      vertex 1.91937090747563 0 3.5
      vertex 4 0 3.5
      vertex 2 0 3.4641016151377544
    endloop
  endfacet
  facet normal 0.4067366430758005 0 -0.9135454576426006
    outer loop
      vertex 1.91937090747563 7 -3.5
      vertex 2 7 -3.4641016151377544
      vertex 2 0 -3.4641016151377544
    endloop
  endfacet
  facet normal 0.33899565936830206 -0.5525911527208185 -0.7613967171351129
    outer loop
      vertex 1.91937090747563 7 -3.5
      vertex 2.0207259421636903 7.062177826491071 -3.5
      vertex 2 7 -3.4641016151377544
    endloop
  endfacet
  facet normal 0.33899565936830206 -0.5525911527208185 0.7613967171351129
    outer loop
      vertex 1.91937090747563 7 3.5
      vertex 2 7 3.4641016151377544
      vertex 2.0207259421636903 7.062177826491071 3.5
    endloop
  endfacet
  facet normal 0 0 1
    outer loop
      vertex 1.91937090747563 7 3.5
      vertex 2.0207259421636903 7.062177826491071 3.5
      vertex 2.0207259421636903 9.187822173508929 3.5
    endloop
  endfacet
  facet normal -0.9921147013144778 0.12533323356430467 0
    outer loop
      vertex 1.9645745014573777 -3.374762629171449 -3.5
      vertex 1.9645745014573777 -3.374762629171449 3.5
      vertex 1.9960534568565436 -3.1255810390586265 -3.5
    endloop
  endfacet
  facet normal 0 0 -1
    outer loop
      vertex 1.9645745014573777 -3.374762629171449 -3.5
      vertex 1.9960534568565436 -3.1255810390586265 -3.5
      vertex 4 -6 -3.5
    endloop
  endfacet
  facet normal -0.9921147013144778 0.12533323356430467 0
    outer loop
      vertex 1.9645745014573777 -3.374762629171449 3.5
      vertex 1.9960534568565436 -3.1255810390586265 3.5
      vertex 1.9960534568565436 -3.1255810390586265 -3.5
    endloop
  endfacet
  facet normal 0 0 1
    outer loop
      vertex 1.9645745014573777 -3.374762629171449 3.5
      vertex 4 -6 3.5
      vertex 4 0 3.5
    endloop
  endfacet
  facet normal 0 0 1
    outer loop
      vertex 1.9645745014573777 -3.374762629171449 3.5
      vertex 4 0 3.5
      vertex 1.9960534568565436 -3.1255810390586265 3.5
    endloop
  endfacet
  facet normal -0.9921147013144778 -0.12533323356430467 0
    outer loop
      vertex 1.9645745014573777 -2.625237370828551 -3.5
      vertex 1.9960534568565436 -2.8744189609413735 -3.5
      vertex 1.9960534568565436 -2.8744189609413735 3.5
    endloop
  endfacet
  facet normal -0.9921147013144778 -0.12533323356430467 0
    outer loop
      vertex 1.9645745014573777 -2.625237370828551 -3.5
      vertex 1.9960534568565436 -2.8744189609413735 3.5
      vertex 1.9645745014573777 -2.625237370828551 3.5
    endloop
  endfacet
  facet normal 0 0 -1
    outer loop
      vertex 1.9645745014573777 -2.625237370828551 -3.5
      vertex 4 -6 -3.5
      vertex 1.9960534568565436 -2.8744189609413735 -3.5
    endloop
  endfacet
  facet normal 0 0 -1
    outer loop
      vertex 1.9645745014573777 -2.625237370828551 -3.5
      vertex 4 0 -3.5
      vertex 4 -6 -3.5
    endloop
  endfacet
  facet normal 0 0 1
    outer loop
      vertex 1.9645745014573777 -2.625237370828551 3.5
      vertex 1.9960534568565436 -2.8744189609413735 3.5
      vertex 4 0 3.5
    endloop
  endfacet
  facet normal -1 0 0
    outer loop
      vertex 1.9960534568565436 -3.1255810390586265 -3.5
      vertex 1.9960534568565436 -3.1255810390586265 3.5
      vertex 1.9960534568565436 -2.8744189609413735 -3.5
    endloop
  endfacet
  facet normal 0 0 -1
    outer loop
      vertex 1.9960534568565436 -3.1255810390586265 -3.5
      vertex 1.9960534568565436 -2.8744189609413735 -3.5
      vertex 4 -6 -3.5
    endloop
  endfacet
  facet normal -1 0 0
    outer loop
      vertex 1.9960534568565436 -3.1255810390586265 3.5
      vertex 1.9960534568565436 -2.8744189609413735 3.5
      vertex 1.9960534568565436 -2.8744189609413735 -3.5
    endloop
  endfacet
  facet normal 0 0 1
    outer loop
      vertex 1.9960534568565436 -3.1255810390586265 3.5
      vertex 4 0 3.5
      vertex 1.9960534568565436 -2.8744189609413735 3.5
    endloop
  endfacet
  facet normal 0.5877852522924729 0 -0.8090169943749476
    outer loop
      vertex 2 0 -3.4641016151377544
      vertex 2 7 -3.4641016151377544
      vertex 2.676522425435433 0 -2.972579301909577
    endloop
  endfacet
  facet normal 0 1 0
    outer loop
      vertex 2 0 -3.4641016151377544
      vertex 2.676522425435433 0 -2.972579301909577
      vertex 5.686137859356004 0 -3.0670733801535226
    endloop
  endfacet
  facet normal 0 1 0
    outer loop
      vertex 2 0 -3.4641016151377544
      vertex 4.870414605076991 0 -3.3900410639502088
      vertex 4.4386663174750645 0 -3.4724014546006727
    endloop
  endfacet
  facet normal 0 1 0
    outer loop
      vertex 2 0 -3.4641016151377544
      vertex 5.288435934396373 0 -3.25421770060888
      vertex 4.870414605076991 0 -3.3900410639502088
    endloop
  endfacet
  facet normal 0 1 0
    outer loop
      vertex 2 0 -3.4641016151377544
      vertex 5.686137859356004 0 -3.0670733801535226
      vertex 5.288435934396373 0 -3.25421770060888
    endloop
  endfacet
  facet normal 0.5877852522924729 0 0.8090169943749476
    outer loop
      vertex 2 0 3.4641016151377544
      vertex 2.676522425435433 0 2.972579301909577
      vertex 2.676522425435433 7 2.972579301909577
    endloop
  endfacet
  facet normal 0.5877852522924729 0 0.8090169943749476
    outer loop
      vertex 2 0 3.4641016151377544
      vertex 2.676522425435433 7 2.972579301909577
      vertex 2 7 3.4641016151377544
    endloop
  endfacet
  facet normal 0 1 0
    outer loop
      vertex 2 0 3.4641016151377544
      vertex 4 0 3.5
      vertex 4.4386663174750645 0 3.4724014546006727
    endloop
  endfacet
  facet normal 0 1 0
    outer loop
      vertex 2 0 3.4641016151377544
      vertex 4.4386663174750645 0 3.4724014546006727
      vertex 2.676522425435433 0 2.972579301909577
    endloop
  endfacet
  facet normal 0.48989106971292806 -0.5525911527208186 -0.6742772113531645
    outer loop
      vertex 2 7 -3.4641016151377544
      vertex 2.0207259421636903 7.062177826491071 -3.5
      vertex 2.7965809663203136 7.75 -3.5
    endloop
  endfacet
  facet normal 0.5877852522924729 0 -0.8090169943749476
    outer loop
      vertex 2 7 -3.4641016151377544
      vertex 2.676522425435433 7 -2.972579301909577
      vertex 2.676522425435433 0 -2.972579301909577
    endloop
  endfacet
  facet normal 0.4898910697129303 -0.5525911527208208 -0.674277211353161
    outer loop
      vertex 2 7 -3.4641016151377544
      vertex 2.7965809663203136 7.75 -3.5
      vertex 2.676522425435433 7 -2.972579301909577
    endloop
  endfacet
  facet normal 0.4898910697129312 -0.5525911527208184 0.6742772113531622
    outer loop
      vertex 2 7 3.4641016151377544
      vertex 2.676522425435433 7 2.972579301909577
      vertex 2.0207259421636903 7.062177826491071 3.5
    endloop
  endfacet
  facet normal 0 0 -1
    outer loop
      vertex 2.0207259421636903 7.062177826491071 -3.5
      vertex 2.0207259421636903 9.187822173508929 -3.5
      vertex 2.7965809663203136 7.75 -3.5
    endloop
  endfacet
  facet normal 0.48989106971293 -0.5525911527208209 0.674277211353161
    outer loop
      vertex 2.0207259421636903 7.062177826491071 3.5
      vertex 2.676522425435433 7 2.972579301909577
      vertex 3.011087728614862 7.75 3.344151714648274
    endloop
  endfacet
  facet normal 0 0 1
    outer loop
      vertex 2.0207259421636903 7.062177826491071 3.5
      vertex 2.7965809663203136 7.75 3.5
      vertex 2.0207259421636903 9.187822173508929 3.5
    endloop
  endfacet
  facet normal 0.4898910697129301 -0.5525911527208209 0.6742772113531611
    outer loop
      vertex 2.0207259421636903 7.062177826491071 3.5
      vertex 3.011087728614862 7.75 3.344151714648274
      vertex 2.7965809663203136 7.75 3.5
    endloop
  endfacet
  facet normal 0.48989106971293 0.5525911527208209 -0.674277211353161
    outer loop
      vertex 2.0207259421636903 9.187822173508929 -3.5
      vertex 2.341957122256004 10 -2.60100688917088
      vertex 3.011087728614862 8.5 -3.344151714648274
    endloop
  endfacet
  facet normal 0 0 -1
    outer loop
      vertex 2.0207259421636903 9.187822173508929 -3.5
      vertex 2.7965809663203136 8.5 -3.5
      vertex 2.7965809663203136 7.75 -3.5
    endloop
  endfacet
  facet normal 0.4898910697129301 0.5525911527208209 -0.6742772113531611
    outer loop
      vertex 2.0207259421636903 9.187822173508929 -3.5
      vertex 3.011087728614862 8.5 -3.344151714648274
      vertex 2.7965809663203136 8.5 -3.5
    endloop
  endfacet
  facet normal 0 0 1
    outer loop
      vertex 2.0207259421636903 9.187822173508929 3.5
      vertex 2.7965809663203136 7.75 3.5
      vertex 2.7965809663203136 8.5 3.5
    endloop
  endfacet
  facet normal 0.4898910697129301 0.552591152720821 0.6742772113531611
    outer loop
      vertex 2.0207259421636903 9.187822173508929 3.5
      vertex 2.7965809663203136 8.5 3.5
      vertex 2.341957122256004 10 2.60100688917088
    endloop
  endfacet
  facet normal 0 1 0
    outer loop
      vertex 2.341957122256004 10 -2.60100688917088
      vertex 2.341957122256004 10 2.60100688917088
      vertex 2.831559480312316 10 2.057248383023656
    endloop
  endfacet
  facet normal 0.6193758895529399 0.5525911527208212 -0.5576885558940391
    outer loop
      vertex 2.341957122256004 10 -2.60100688917088
      vertex 2.831559480312316 10 -2.057248383023656
      vertex 3.6405764746872635 8.5 -2.6450336353161292
    endloop
  endfacet
  facet normal 0 1 0
    outer loop
      vertex 2.341957122256004 10 -2.60100688917088
      vertex 2.831559480312316 10 2.057248383023656
      vertex 2.831559480312316 10 -2.057248383023656
    endloop
  endfacet
  facet normal 0.6193758895529397 0.5525911527208209 -0.5576885558940393
    outer loop
      vertex 2.341957122256004 10 -2.60100688917088
      vertex 3.6405764746872635 8.5 -2.6450336353161292
      vertex 3.011087728614862 8.5 -3.344151714648274
    endloop
  endfacet
  facet normal 0.48989106971292995 0.5525911527208209 0.6742772113531612
    outer loop
      vertex 2.341957122256004 10 2.60100688917088
      vertex 2.7965809663203136 8.5 3.5
      vertex 3.011087728614862 8.5 3.344151714648274
    endloop
  endfacet
  facet normal 0.6193758895529397 0.5525911527208209 0.5576885558940393
    outer loop
      vertex 2.341957122256004 10 2.60100688917088
      vertex 3.011087728614862 8.5 3.344151714648274
      vertex 3.6405764746872635 8.5 2.6450336353161292
    endloop
  endfacet
  facet normal 0.6193758895529399 0.5525911527208212 0.5576885558940391
    outer loop
      vertex 2.341957122256004 10 2.60100688917088
      vertex 3.6405764746872635 8.5 2.6450336353161292
      vertex 2.831559480312316 10 2.057248383023656
    endloop
  endfacet
  facet normal 0.7431448254773941 0 -0.6691306063588582
    outer loop
      vertex 2.676522425435433 0 -2.972579301909577
      vertex 2.676522425435433 7 -2.972579301909577
      vertex 3.23606797749979 7 -2.3511410091698925
    endloop
  endfacet
  facet normal 0 1 0
    outer loop
      vertex 2.676522425435433 0 -2.972579301909577
      vertex 3.23606797749979 0 -2.3511410091698925
      vertex 6.39591487075041 0 -2.5513901959749403
    endloop
  endfacet
  facet normal 0.7431448254773941 0 -0.6691306063588582
    outer loop
      vertex 2.676522425435433 0 -2.972579301909577
      vertex 3.23606797749979 7 -2.3511410091698925
      vertex 3.23606797749979 0 -2.3511410091698925
    endloop
  endfacet
  facet normal 0 1 0
    outer loop
      vertex 2.676522425435433 0 -2.972579301909577
      vertex 6.057248383023655 0 -2.831559480312316
      vertex 5.686137859356004 0 -3.0670733801535226
    endloop
  endfacet
  facet normal 0 1 0
    outer loop
      vertex 2.676522425435433 0 -2.972579301909577
      vertex 6.39591487075041 0 -2.5513901959749403
      vertex 6.057248383023655 0 -2.831559480312316
    endloop
  endfacet
  facet normal 0.7431448254773941 0 0.6691306063588582
    outer loop
      vertex 2.676522425435433 0 2.972579301909577
      vertex 3.23606797749979 0 2.3511410091698925
      vertex 2.676522425435433 7 2.972579301909577
    endloop
  endfacet
  facet normal 0 1 0
    outer loop
      vertex 2.676522425435433 0 2.972579301909577
      vertex 4.4386663174750645 0 3.4724014546006727
      vertex 4.870414605076991 0 3.3900410639502088
    endloop
  endfacet
  facet normal 0 1 0
    outer loop
      vertex 2.676522425435433 0 2.972579301909577
      vertex 4.870414605076991 0 3.3900410639502088
      vertex 5.288435934396372 0 3.25421770060888
    endloop
  endfacet
  facet normal 0 1 0
    outer loop
      vertex 2.676522425435433 0 2.972579301909577
      vertex 5.288435934396372 0 3.25421770060888
      vertex 5.686137859356004 0 3.067073380153522
    endloop
  endfacet
  facet normal 0 1 0
    outer loop
      vertex 2.676522425435433 0 2.972579301909577
      vertex 5.686137859356004 0 3.067073380153522
      vertex 3.23606797749979 0 2.3511410091698925
    endloop
  endfacet
  facet normal 0.48989106971292995 -0.5525911527208209 -0.6742772113531612
    outer loop
      vertex 2.676522425435433 7 -2.972579301909577
      vertex 2.7965809663203136 7.75 -3.5
      vertex 3.011087728614862 7.75 -3.344151714648274
    endloop
  endfacet
  facet normal 0.6193758895529397 -0.5525911527208209 -0.5576885558940393
    outer loop
      vertex 2.676522425435433 7 -2.972579301909577
      vertex 3.011087728614862 7.75 -3.344151714648274
      vertex 3.6405764746872635 7.75 -2.6450336353161292
    endloop
  endfacet
  facet normal 0.6193758895529397 -0.552591152720821 -0.5576885558940391
    outer loop
      vertex 2.676522425435433 7 -2.972579301909577
      vertex 3.6405764746872635 7.75 -2.6450336353161292
      vertex 3.23606797749979 7 -2.3511410091698925
    endloop
  endfacet
  facet normal 0.7431448254773941 0 0.6691306063588582
    outer loop
      vertex 2.676522425435433 7 2.972579301909577
      vertex 3.23606797749979 0 2.3511410091698925
      vertex 3.23606797749979 7 2.3511410091698925
    endloop
  endfacet
  facet normal 0.6193758895529397 -0.552591152720821 0.5576885558940391
    outer loop
      vertex 2.676522425435433 7 2.972579301909577
      vertex 3.23606797749979 7 2.3511410091698925
      vertex 3.6405764746872635 7.75 2.6450336353161292
    endloop
  endfacet
  facet normal 0.6193758895529397 -0.5525911527208209 0.5576885558940393
    outer loop
      vertex 2.676522425435433 7 2.972579301909577
      vertex 3.6405764746872635 7.75 2.6450336353161292
      vertex 3.011087728614862 7.75 3.344151714648274
    endloop
  endfacet
  facet normal 0.5877852522924725 0 -0.8090169943749478
    outer loop
      vertex 2.7965809663203136 7.75 -3.5
      vertex 2.7965809663203136 8.5 -3.5
      vertex 3.011087728614862 7.75 -3.344151714648274
    endloop
  endfacet
  facet normal 0.5877852522924725 0 0.8090169943749478
    outer loop
      vertex 2.7965809663203136 7.75 3.5
      vertex 3.011087728614862 7.75 3.344151714648274
      vertex 3.011087728614862 8.5 3.344151714648274
    endloop
  endfacet
  facet normal 0.5877852522924725 0 0.8090169943749478
    outer loop
      vertex 2.7965809663203136 7.75 3.5
      vertex 3.011087728614862 8.5 3.344151714648274
      vertex 2.7965809663203136 8.5 3.5
    endloop
  endfacet
  facet normal 0.5877852522924725 0 -0.8090169943749478
    outer loop
      vertex 2.7965809663203136 8.5 -3.5
      vertex 3.011087728614862 8.5 -3.344151714648274
      vertex 3.011087728614862 7.75 -3.344151714648274
    endloop
  endfacet
  facet normal 0 1 0
    outer loop
      vertex 2.831559480312316 10 -2.057248383023656
      vertex 2.831559480312316 10 2.057248383023656
      vertex 3.197409101749103 10 1.4235782507653008
    endloop
  endfacet
  facet normal 0.7217910109242189 0.5525911527208212 -0.4167262344557496
    outer loop
      vertex 2.831559480312316 10 -2.057248383023656
      vertex 3.197409101749103 10 -1.4235782507653008
      vertex 4.110954559391704 8.5 -1.830314893841101
    endloop
  endfacet
  facet normal 0 1 0
    outer loop
      vertex 2.831559480312316 10 -2.057248383023656
      vertex 3.197409101749103 10 1.4235782507653008
      vertex 3.197409101749103 10 -1.4235782507653008
    endloop
  endfacet
  facet normal 0.7217910109242188 0.552591152720821 -0.4167262344557497
    outer loop
      vertex 2.831559480312316 10 -2.057248383023656
      vertex 4.110954559391704 8.5 -1.830314893841101
      vertex 3.6405764746872635 8.5 -2.6450336353161292
    endloop
  endfacet
  facet normal 0.7217910109242188 0.552591152720821 0.4167262344557497
    outer loop
      vertex 2.831559480312316 10 2.057248383023656
      vertex 3.6405764746872635 8.5 2.6450336353161292
      vertex 4.110954559391704 8.5 1.830314893841101
    endloop
  endfacet
  facet normal 0.7217910109242189 0.5525911527208212 0.4167262344557496
    outer loop
      vertex 2.831559480312316 10 2.057248383023656
      vertex 4.110954559391704 8.5 1.830314893841101
      vertex 3.197409101749103 10 1.4235782507653008
    endloop
  endfacet
  facet normal 0.7431448254773941 0 -0.6691306063588583
    outer loop
      vertex 3.011087728614862 7.75 -3.344151714648274
      vertex 3.011087728614862 8.5 -3.344151714648274
      vertex 3.6405764746872635 8.5 -2.6450336353161292
    endloop
  endfacet
  facet normal 0.7431448254773941 0 -0.6691306063588583
    outer loop
      vertex 3.011087728614862 7.75 -3.344151714648274
      vertex 3.6405764746872635 8.5 -2.6450336353161292
      vertex 3.6405764746872635 7.75 -2.6450336353161292
    endloop
  endfacet
  facet normal 0.7431448254773941 0 0.6691306063588583
    outer loop
      vertex 3.011087728614862 7.75 3.344151714648274
      vertex 3.6405764746872635 7.75 2.6450336353161292
      vertex 3.011087728614862 8.5 3.344151714648274
    endloop
  endfacet
  facet normal 0.7431448254773941 0 0.6691306063588583
    outer loop
      vertex 3.011087728614862 8.5 3.344151714648274
      vertex 3.6405764746872635 7.75 2.6450336353161292
      vertex 3.6405764746872635 8.5 2.6450336353161292
    endloop
  endfacet
  facet normal 0 1 0
    outer loop
      vertex 3.197409101749103 10 -1.4235782507653008
      vertex 3.197409101749103 10 1.4235782507653008
      vertex 3.42351660256832 10 0.7276909178621577
    endloop
  endfacet
  facet normal 0.7926604015805656 0.552591152720821 -0.2575509768974114
    outer loop
      vertex 3.197409101749103 10 -1.4235782507653008
      vertex 3.42351660256832 10 -0.7276909178621577
      vertex 4.401664203302126 8.5 -0.9356026086799171
    endloop
  endfacet
  facet normal 0 1 0
    outer loop
      vertex 3.197409101749103 10 -1.4235782507653008
      vertex 3.42351660256832 10 0.7276909178621577
      vertex 3.42351660256832 10 -0.7276909178621577
    endloop
  endfacet
  facet normal 0.7926604015805655 0.5525911527208212 -0.2575509768974111
    outer loop
      vertex 3.197409101749103 10 -1.4235782507653008
      vertex 4.401664203302126 8.5 -0.9356026086799171
      vertex 4.110954559391704 8.5 -1.830314893841101
    endloop
  endfacet
  facet normal 0.7926604015805655 0.5525911527208212 0.2575509768974111
    outer loop
      vertex 3.197409101749103 10 1.4235782507653008
      vertex 4.110954559391704 8.5 1.830314893841101
      vertex 4.401664203302126 8.5 0.9356026086799171
    endloop
  endfacet
  facet normal 0.7926604015805656 0.552591152720821 0.2575509768974114
    outer loop
      vertex 3.197409101749103 10 1.4235782507653008
      vertex 4.401664203302126 8.5 0.9356026086799171
      vertex 3.42351660256832 10 0.7276909178621577
    endloop
  endfacet
  facet normal 0.8660254037844387 0 -0.4999999999999998
    outer loop
      vertex 3.23606797749979 0 -2.3511410091698925
      vertex 3.23606797749979 7 -2.3511410091698925
      vertex 3.6541818305704035 7 -1.6269465723032008
    endloop
  endfacet
  facet normal 0 1 0
    outer loop
      vertex 3.23606797749979 0 -2.3511410091698925
      vertex 3.6541818305704035 0 -1.6269465723032008
      vertex 6.955147739257052 0 -1.8753937824264884
    endloop
  endfacet
  facet normal 0.8660254037844387 0 -0.4999999999999998
    outer loop
      vertex 3.23606797749979 0 -2.3511410091698925
      vertex 3.6541818305704035 7 -1.6269465723032008
      vertex 3.6541818305704035 0 -1.6269465723032008
    endloop
  endfacet
  facet normal 0 1 0
    outer loop
      vertex 3.23606797749979 0 -2.3511410091698925
      vertex 6.696796349715262 0 -2.230983964120414
      vertex 6.39591487075041 0 -2.5513901959749403
    endloop
  endfacet
  facet normal 0 1 0
    outer loop
      vertex 3.23606797749979 0 -2.3511410091698925
      vertex 6.955147739257052 0 -1.8753937824264884
      vertex 6.696796349715262 0 -2.230983964120414
    endloop
  endfacet
  facet normal 0.8660254037844387 0 0.4999999999999998
    outer loop
      vertex 3.23606797749979 0 2.3511410091698925
      vertex 3.6541818305704035 0 1.6269465723032008
      vertex 3.23606797749979 7 2.3511410091698925
    endloop
  endfacet
  facet normal 0 1 0
    outer loop
      vertex 3.23606797749979 0 2.3511410091698925
      vertex 5.686137859356004 0 3.067073380153522
      vertex 6.057248383023655 0 2.831559480312316
    endloop
  endfacet
  facet normal 0 1 0
    outer loop
      vertex 3.23606797749979 0 2.3511410091698925
      vertex 6.057248383023655 0 2.831559480312316
      vertex 6.39591487075041 0 2.5513901959749408
    endloop
  endfacet
  facet normal 0 1 0
    outer loop
      vertex 3.23606797749979 0 2.3511410091698925
      vertex 6.39591487075041 0 2.5513901959749408
      vertex 3.6541818305704035 0 1.6269465723032008
    endloop
  endfacet
  facet normal 0.7217910109242188 -0.552591152720821 -0.4167262344557497
    outer loop
      vertex 3.23606797749979 7 -2.3511410091698925
      vertex 3.6405764746872635 7.75 -2.6450336353161292
      vertex 4.110954559391704 7.75 -1.830314893841101
    endloop
  endfacet
  facet normal 0.7217910109242187 -0.5525911527208212 -0.4167262344557496
    outer loop
      vertex 3.23606797749979 7 -2.3511410091698925
      vertex 4.110954559391704 7.75 -1.830314893841101
      vertex 3.6541818305704035 7 -1.6269465723032008
    endloop
  endfacet
  facet normal 0.8660254037844387 0 0.4999999999999998
    outer loop
      vertex 3.23606797749979 7 2.3511410091698925
      vertex 3.6541818305704035 0 1.6269465723032008
      vertex 3.6541818305704035 7 1.6269465723032008
    endloop
  endfacet
  facet normal 0.7217910109242187 -0.5525911527208212 0.4167262344557496
    outer loop
      vertex 3.23606797749979 7 2.3511410091698925
      vertex 3.6541818305704035 7 1.6269465723032008
      vertex 4.110954559391704 7.75 1.830314893841101
    endloop
  endfacet
  facet normal 0.7217910109242188 -0.552591152720821 0.4167262344557497
    outer loop
      vertex 3.23606797749979 7 2.3511410091698925
      vertex 4.110954559391704 7.75 1.830314893841101
      vertex 3.6405764746872635 7.75 2.6450336353161292
    endloop
  endfacet
  facet normal 0 1 0
    outer loop
      vertex 3.42351660256832 10 -0.7276909178621577
      vertex 3.42351660256832 10 0.7276909178621577
      vertex 3.5 10 0
    endloop
  endfacet
  facet normal 0.8288867290812315 0.552591152720821 -0.08711950578195059
    outer loop
      vertex 3.42351660256832 10 -0.7276909178621577
      vertex 3.5 10 0
      vertex 4.5 8.5 0
    endloop
  endfacet
  facet normal 0.8288867290812315 0.552591152720821 -0.08711950578195057
    outer loop
      vertex 3.42351660256832 10 -0.7276909178621577
      vertex 4.5 8.5 0
      vertex 4.401664203302126 8.5 -0.9356026086799171
    endloop
  endfacet
  facet normal 0.8288867290812315 0.552591152720821 0.08711950578195057
    outer loop
      vertex 3.42351660256832 10 0.7276909178621577
      vertex 4.401664203302126 8.5 0.9356026086799171
      vertex 4.5 8.5 0
    endloop
  endfacet
  facet normal 0.8288867290812315 0.552591152720821 0.08711950578195059
    outer loop
      vertex 3.42351660256832 10 0.7276909178621577
      vertex 4.5 8.5 0
      vertex 3.5 10 0
    endloop
  endfacet
  facet normal 0.8660254037844388 0 -0.49999999999999983
    outer loop
      vertex 3.6405764746872635 7.75 -2.6450336353161292
      vertex 3.6405764746872635 8.5 -2.6450336353161292
      vertex 4.110954559391704 8.5 -1.830314893841101
    endloop
  endfacet
  facet normal 0.8660254037844388 0 -0.49999999999999983
    outer loop
      vertex 3.6405764746872635 7.75 -2.6450336353161292
      vertex 4.110954559391704 8.5 -1.830314893841101
      vertex 4.110954559391704 7.75 -1.830314893841101
    endloop
  endfacet
  facet normal 0.8660254037844388 0 0.49999999999999983
    outer loop
      vertex 3.6405764746872635 7.75 2.6450336353161292
      vertex 4.110954559391704 7.75 1.830314893841101
      vertex 3.6405764746872635 8.5 2.6450336353161292
    endloop
  endfacet
  facet normal 0.8660254037844388 0 0.49999999999999983
    outer loop
      vertex 3.6405764746872635 8.5 2.6450336353161292
      vertex 4.110954559391704 7.75 1.830314893841101
      vertex 4.110954559391704 8.5 1.830314893841101
    endloop
  endfacet
  facet normal 0.9510565162951534 0 -0.3090169943749478
    outer loop
      vertex 3.6541818305704035 0 -1.6269465723032008
      vertex 3.6541818305704035 7 -1.6269465723032008
      vertex 3.9125904029352228 7 -0.8316467632710374
    endloop
  endfacet
  facet normal 0 1 0
    outer loop
      vertex 3.6541818305704035 0 -1.6269465723032008
      vertex 3.9125904029352228 0 -0.8316467632710374
      vertex 7.328697807033038 0 -1.0815594803123159
    endloop
  endfacet
  facet normal 0.9510565162951534 0 -0.3090169943749478
    outer loop
      vertex 3.6541818305704035 0 -1.6269465723032008
      vertex 3.9125904029352228 7 -0.8316467632710374
      vertex 3.9125904029352228 0 -0.8316467632710374
    endloop
  endfacet
  facet normal 0 1 0
    outer loop
      vertex 3.6541818305704035 0 -1.6269465723032008
      vertex 7.166894683631067 0 -1.4902275204777544
      vertex 6.955147739257052 0 -1.8753937824264884
    endloop
  endfacet
  facet normal 0 1 0
    outer loop
      vertex 3.6541818305704035 0 -1.6269465723032008
      vertex 7.328697807033038 0 -1.0815594803123159
      vertex 7.166894683631067 0 -1.4902275204777544
    endloop
  endfacet
  facet normal 0.9510565162951534 0 0.3090169943749478
    outer loop
      vertex 3.6541818305704035 0 1.6269465723032008
      vertex 3.9125904029352228 0 0.8316467632710374
      vertex 3.6541818305704035 7 1.6269465723032008
    endloop
  endfacet
  facet normal 0 1 0
    outer loop
      vertex 3.6541818305704035 0 1.6269465723032008
      vertex 6.39591487075041 0 2.5513901959749408
      vertex 6.696796349715264 0 2.230983964120414
    endloop
  endfacet
  facet normal 0 1 0
    outer loop
      vertex 3.6541818305704035 0 1.6269465723032008
      vertex 6.696796349715264 0 2.230983964120414
      vertex 6.955147739257052 0 1.8753937824264888
    endloop
  endfacet
  facet normal 0 1 0
    outer loop
      vertex 3.6541818305704035 0 1.6269465723032008
      vertex 6.955147739257052 0 1.8753937824264888
      vertex 3.9125904029352228 0 0.8316467632710374
    endloop
  endfacet
  facet normal 0.7926604015805655 -0.552591152720821 -0.2575509768974111
    outer loop
      vertex 3.6541818305704035 7 -1.6269465723032008
      vertex 4.110954559391704 7.75 -1.830314893841101
      vertex 4.401664203302126 7.75 -0.9356026086799171
    endloop
  endfacet
  facet normal 0.7926604015805655 -0.552591152720821 -0.25755097689741124
    outer loop
      vertex 3.6541818305704035 7 -1.6269465723032008
      vertex 4.401664203302126 7.75 -0.9356026086799171
      vertex 3.9125904029352228 7 -0.8316467632710374
    endloop
  endfacet
  facet normal 0.9510565162951534 0 0.3090169943749478
    outer loop
      vertex 3.6541818305704035 7 1.6269465723032008
      vertex 3.9125904029352228 0 0.8316467632710374
      vertex 3.9125904029352228 7 0.8316467632710374
    endloop
  endfacet
  facet normal 0.7926604015805655 -0.552591152720821 0.25755097689741124
    outer loop
      vertex 3.6541818305704035 7 1.6269465723032008
      vertex 3.9125904029352228 7 0.8316467632710374
      vertex 4.401664203302126 7.75 0.9356026086799171
    endloop
  endfacet
  facet normal 0.7926604015805655 -0.552591152720821 0.2575509768974111
    outer loop
      vertex 3.6541818305704035 7 1.6269465723032008
      vertex 4.401664203302126 7.75 0.9356026086799171
      vertex 4.110954559391704 7.75 1.830314893841101
    endloop
  endfacet
  facet normal 0.9945218953682734 0 -0.10452846326765323
    outer loop
      vertex 3.9125904029352228 0 -0.8316467632710374
      vertex 3.9125904029352228 7 -0.8316467632710374
      vertex 4 7 0
    endloop
  endfacet
  facet normal 0 1 0
    outer loop
      vertex 3.9125904029352228 0 -0.8316467632710374
      vertex 4 0 0
      vertex 7.493093549498951 0 -0.21976681835259648
    endloop
  endfacet
  facet normal 0.9945218953682734 0 -0.10452846326765323
    outer loop
      vertex 3.9125904029352228 0 -0.8316467632710374
      vertex 4 7 0
      vertex 4 0 0
    endloop
  endfacet
  facet normal 0 1 0
    outer loop
      vertex 3.9125904029352228 0 -0.8316467632710374
      vertex 7.438005377550411 0 -0.655834601050036
      vertex 7.328697807033038 0 -1.0815594803123159
    endloop
  endfacet
  facet normal 0 1 0
    outer loop
      vertex 3.9125904029352228 0 -0.8316467632710374
      vertex 7.493093549498951 0 -0.21976681835259648
      vertex 7.438005377550411 0 -0.655834601050036
    endloop
  endfacet
  facet normal 0.9945218953682734 0 0.10452846326765323
    outer loop
      vertex 3.9125904029352228 0 0.8316467632710374
      vertex 4 0 0
      vertex 3.9125904029352228 7 0.8316467632710374
    endloop
  endfacet
  facet normal 0 1 0
    outer loop
      vertex 3.9125904029352228 0 0.8316467632710374
      vertex 6.955147739257052 0 1.8753937824264888
      vertex 7.166894683631067 0 1.4902275204777544
    endloop
  endfacet
  facet normal 0 1 0
    outer loop
      vertex 3.9125904029352228 0 0.8316467632710374
      vertex 7.166894683631067 0 1.4902275204777544
      vertex 7.328697807033038 0 1.0815594803123159
    endloop
  endfacet
  facet normal 0 1 0
    outer loop
      vertex 3.9125904029352228 0 0.8316467632710374
      vertex 7.328697807033038 0 1.0815594803123159
      vertex 4 0 0
    endloop
  endfacet
  facet normal 0.8288867290812315 -0.5525911527208212 -0.08711950578195059
    outer loop
      vertex 3.9125904029352228 7 -0.8316467632710374
      vertex 4.401664203302126 7.75 -0.9356026086799171
      vertex 4.5 7.75 0
    endloop
  endfacet
  facet normal 0.8288867290812314 -0.552591152720821 -0.08711950578195057
    outer loop
      vertex 3.9125904029352228 7 -0.8316467632710374
      vertex 4.5 7.75 0
      vertex 4 7 0
    endloop
  endfacet
  facet normal 0.9945218953682734 0 0.10452846326765323
    outer loop
      vertex 3.9125904029352228 7 0.8316467632710374
      vertex 4 0 0
      vertex 4 7 0
    endloop
  endfacet
  facet normal 0.8288867290812314 -0.552591152720821 0.08711950578195057
    outer loop
      vertex 3.9125904029352228 7 0.8316467632710374
      vertex 4 7 0
      vertex 4.5 7.75 0
    endloop
  endfacet
  facet normal 0.8288867290812315 -0.5525911527208212 0.08711950578195059
    outer loop
      vertex 3.9125904029352228 7 0.8316467632710374
      vertex 4.5 7.75 0
      vertex 4.401664203302126 7.75 0.9356026086799171
    endloop
  endfacet
  facet normal 0.06279051952931271 0 -0.9980267284282717
    outer loop
      vertex 4 -6 -3.5
      vertex 4 0 -3.5
      vertex 4.4386663174750645 0 -3.4724014546006727
    endloop
  endfacet
  facet normal 0.06279051952931271 0 -0.9980267284282717
    outer loop
      vertex 4 -6 -3.5
      vertex 4.4386663174750645 0 -3.4724014546006727
      vertex 4.4386663174750645 -6 -3.4724014546006727
    endloop
  endfacet
  facet normal 0.06279051952931271 0 0.9980267284282717
    outer loop
      vertex 4 -6 3.5
      vertex 4.4386663174750645 -6 3.4724014546006727
      vertex 4 0 3.5
    endloop
  endfacet
  facet normal 0 1 0
    outer loop
      vertex 4 0 0
      vertex 7.328697807033038 0 1.0815594803123159
      vertex 7.438005377550411 0 0.655834601050036
    endloop
  endfacet
  facet normal 0 1 0
    outer loop
      vertex 4 0 0
      vertex 7.438005377550411 0 0.655834601050036
      vertex 7.493093549498951 0 0.21976681835259648
    endloop
  endfacet
  facet normal 0 1 0
    outer loop
      vertex 4 0 0
      vertex 7.493093549498951 0 0.21976681835259648
      vertex 7.493093549498951 0 -0.21976681835259648
    endloop
  endfacet
  facet normal 0.06279051952931271 0 0.9980267284282717
    outer loop
      vertex 4 0 3.5
      vertex 4.4386663174750645 -6 3.4724014546006727
      vertex 4.4386663174750645 0 3.4724014546006727
    endloop
  endfacet
  facet normal 0.9510565162951535 0 -0.3090169943749476
    outer loop
      vertex 4.110954559391704 7.75 -1.830314893841101
      vertex 4.110954559391704 8.5 -1.830314893841101
      vertex 4.401664203302126 8.5 -0.9356026086799171
    endloop
  endfacet
  facet normal 0.9510565162951535 0 -0.3090169943749476
    outer loop
      vertex 4.110954559391704 7.75 -1.830314893841101
      vertex 4.401664203302126 8.5 -0.9356026086799171
      vertex 4.401664203302126 7.75 -0.9356026086799171
    endloop
  endfacet
  facet normal 0.9510565162951535 0 0.3090169943749476
    outer loop
      vertex 4.110954559391704 7.75 1.830314893841101
      vertex 4.401664203302126 7.75 0.9356026086799171
      vertex 4.110954559391704 8.5 1.830314893841101
    endloop
  endfacet
  facet normal 0.9510565162951535 0 0.3090169943749476
    outer loop
      vertex 4.110954559391704 8.5 1.830314893841101
      vertex 4.401664203302126 7.75 0.9356026086799171
      vertex 4.401664203302126 8.5 0.9356026086799171
    endloop
  endfacet
  facet normal 0.9945218953682733 0 -0.10452846326765321
    outer loop
      vertex 4.401664203302126 7.75 -0.9356026086799171
      vertex 4.401664203302126 8.5 -0.9356026086799171
      vertex 4.5 8.5 0
    endloop
  endfacet
  facet normal 0.9945218953682733 0 -0.10452846326765321
    outer loop
      vertex 4.401664203302126 7.75 -0.9356026086799171
      vertex 4.5 8.5 0
      vertex 4.5 7.75 0
    endloop
  endfacet
  facet normal 0.9945218953682733 0 0.10452846326765321
    outer loop
      vertex 4.401664203302126 7.75 0.9356026086799171
      vertex 4.5 7.75 0
      vertex 4.401664203302126 8.5 0.9356026086799171
    endloop
  endfacet
  facet normal 0.9945218953682733 0 0.10452846326765321
    outer loop
      vertex 4.401664203302126 8.5 0.9356026086799171
      vertex 4.5 7.75 0
      vertex 4.5 8.5 0
    endloop
  endfacet
  facet normal 0.18738131458572566 0 -0.9822872507286885
    outer loop
      vertex 4.4386663174750645 -6 -3.4724014546006727
      vertex 4.4386663174750645 0 -3.4724014546006727
      vertex 4.870414605076991 0 -3.3900410639502088
    endloop
  endfacet
  facet normal 0.18738131458572566 0 -0.9822872507286885
    outer loop
      vertex 4.4386663174750645 -6 -3.4724014546006727
      vertex 4.870414605076991 0 -3.3900410639502088
      vertex 4.870414605076991 -6 -3.3900410639502088
    endloop
  endfacet
  facet normal 0.18738131458572566 0 0.9822872507286885
    outer loop
      vertex 4.4386663174750645 -6 3.4724014546006727
      vertex 4.870414605076991 -6 3.3900410639502088
      vertex 4.4386663174750645 0 3.4724014546006727
    endloop
  endfacet
  facet normal 0.18738131458572566 0 0.9822872507286885
    outer loop
      vertex 4.4386663174750645 0 3.4724014546006727
      vertex 4.870414605076991 -6 3.3900410639502088
      vertex 4.870414605076991 0 3.3900410639502088
    endloop
  endfacet
  facet normal 0.3090169943749465 0 -0.951056516295154
    outer loop
      vertex 4.870414605076991 -6 -3.3900410639502088
      vertex 4.870414605076991 0 -3.3900410639502088
      vertex 5.288435934396373 0 -3.25421770060888
    endloop
  endfacet
  facet normal 0.3090169943749465 0 -0.951056516295154
    outer loop
      vertex 4.870414605076991 -6 -3.3900410639502088
      vertex 5.288435934396373 0 -3.25421770060888
      vertex 5.288435934396373 -6 -3.25421770060888
    endloop
  endfacet
  facet normal 0.3090169943749477 0 0.9510565162951535
    outer loop
      vertex 4.870414605076991 -6 3.3900410639502088
      vertex 5.288435934396372 -6 3.25421770060888
      vertex 4.870414605076991 0 3.3900410639502088
    endloop
  endfacet
  facet normal 0.3090169943749477 0 0.9510565162951535
    outer loop
      vertex 4.870414605076991 0 3.3900410639502088
      vertex 5.288435934396372 -6 3.25421770060888
      vertex 5.288435934396372 0 3.25421770060888
    endloop
  endfacet
  facet normal 0.4257792915650721 0 0.9048270524660197
    outer loop
      vertex 5.288435934396372 -6 3.25421770060888
      vertex 5.686137859356004 -6 3.067073380153522
      vertex 5.288435934396372 0 3.25421770060888
    endloop
  endfacet
  facet normal 0.4257792915650721 0 0.9048270524660197
    outer loop
      vertex 5.288435934396372 0 3.25421770060888
      vertex 5.686137859356004 -6 3.067073380153522
      vertex 5.686137859356004 0 3.067073380153522
    endloop
  endfacet
  facet normal 0.4257792915650729 0 -0.9048270524660195
    outer loop
      vertex 5.288435934396373 -6 -3.25421770060888
      vertex 5.288435934396373 0 -3.25421770060888
      vertex 5.686137859356004 0 -3.0670733801535226
    endloop
  endfacet
  facet normal 0.4257792915650729 0 -0.9048270524660195
    outer loop
      vertex 5.288435934396373 -6 -3.25421770060888
      vertex 5.686137859356004 0 -3.0670733801535226
      vertex 5.686137859356004 -6 -3.0670733801535226
    endloop
  endfacet
  facet normal 0.5358267949789978 0 -0.8443279255020143
    outer loop
      vertex 5.686137859356004 -6 -3.0670733801535226
      vertex 5.686137859356004 0 -3.0670733801535226
      vertex 6.057248383023655 0 -2.831559480312316
    endloop
  endfacet
  facet normal 0.5358267949789978 0 -0.8443279255020143
    outer loop
      vertex 5.686137859356004 -6 -3.0670733801535226
      vertex 6.057248383023655 0 -2.831559480312316
      vertex 6.057248383023655 -6 -2.831559480312316
    endloop
  endfacet
  facet normal 0.535826794978997 0 0.8443279255020147
    outer loop
      vertex 5.686137859356004 -6 3.067073380153522
      vertex 6.057248383023655 -6 2.831559480312316
      vertex 5.686137859356004 0 3.067073380153522
    endloop
  endfacet
  facet normal 0.535826794978997 0 0.8443279255020147
    outer loop
      vertex 5.686137859356004 0 3.067073380153522
      vertex 6.057248383023655 -6 2.831559480312316
      vertex 6.057248383023655 0 2.831559480312316
    endloop
  endfacet
  facet normal 0.6374239897486893 0 -0.7705132427757896
    outer loop
      vertex 6.057248383023655 -6 -2.831559480312316
      vertex 6.057248383023655 0 -2.831559480312316
      vertex 6.39591487075041 0 -2.5513901959749403
    endloop
  endfacet
  facet normal 0.6374239897486893 0 -0.7705132427757896
    outer loop
      vertex 6.057248383023655 -6 -2.831559480312316
      vertex 6.39591487075041 0 -2.5513901959749403
      vertex 6.39591487075041 -6 -2.5513901959749403
    endloop
  endfacet
  facet normal 0.6374239897486887 0 0.77051324277579
    outer loop
      vertex 6.057248383023655 -6 2.831559480312316
      vertex 6.39591487075041 -6 2.5513901959749408
      vertex 6.057248383023655 0 2.831559480312316
    endloop
  endfacet
  facet normal 0.6374239897486887 0 0.77051324277579
    outer loop
      vertex 6.057248383023655 0 2.831559480312316
      vertex 6.39591487075041 -6 2.5513901959749408
      vertex 6.39591487075041 0 2.5513901959749408
    endloop
  endfacet
  facet normal 0.7289686274214113 0 -0.6845471059286888
    outer loop
      vertex 6.39591487075041 -6 -2.5513901959749403
      vertex 6.39591487075041 0 -2.5513901959749403
      vertex 6.696796349715262 0 -2.230983964120414
    endloop
  endfacet
  facet normal 0.7289686274214113 0 -0.6845471059286888
    outer loop
      vertex 6.39591487075041 -6 -2.5513901959749403
      vertex 6.696796349715262 0 -2.230983964120414
      vertex 6.696796349715262 -6 -2.230983964120414
    endloop
  endfacet
  facet normal 0.7289686274214098 0 0.6845471059286905
    outer loop
      vertex 6.39591487075041 -6 2.5513901959749408
      vertex 6.696796349715264 -6 2.230983964120414
      vertex 6.39591487075041 0 2.5513901959749408
    endloop
  endfacet
  facet normal 0.7289686274214098 0 0.6845471059286905
    outer loop
      vertex 6.39591487075041 0 2.5513901959749408
      vertex 6.696796349715264 -6 2.230983964120414
      vertex 6.696796349715264 0 2.230983964120414
    endloop
  endfacet
  facet normal 0.8090169943749475 0 -0.5877852522924729
    outer loop
      vertex 6.696796349715262 -6 -2.230983964120414
      vertex 6.696796349715262 0 -2.230983964120414
      vertex 6.955147739257052 0 -1.8753937824264884
    endloop
  endfacet
  facet normal 0.8090169943749475 0 -0.5877852522924729
    outer loop
      vertex 6.696796349715262 -6 -2.230983964120414
      vertex 6.955147739257052 0 -1.8753937824264884
      vertex 6.955147739257052 -6 -1.8753937824264884
    endloop
  endfacet
  facet normal 0.8090169943749491 0 0.5877852522924708
    outer loop
      vertex 6.696796349715264 -6 2.230983964120414
      vertex 6.955147739257052 -6 1.8753937824264888
      vertex 6.696796349715264 0 2.230983964120414
    endloop
  endfacet
  facet normal 0.8090169943749491 0 0.5877852522924708
    outer loop
      vertex 6.696796349715264 0 2.230983964120414
      vertex 6.955147739257052 -6 1.8753937824264888
      vertex 6.955147739257052 0 1.8753937824264888
    endloop
  endfacet
  facet normal 0.876306680043864 0 -0.4817536741017146
    outer loop
      vertex 6.955147739257052 -6 -1.8753937824264884
      vertex 6.955147739257052 0 -1.8753937824264884
      vertex 7.166894683631067 0 -1.4902275204777544
    endloop
  endfacet
  facet normal 0.876306680043864 0 -0.4817536741017146
    outer loop
      vertex 6.955147739257052 -6 -1.8753937824264884
      vertex 7.166894683631067 0 -1.4902275204777544
      vertex 7.166894683631067 -6 -1.4902275204777544
    endloop
  endfacet
  facet normal 0.8763066800438641 0 0.4817536741017141
    outer loop
      vertex 6.955147739257052 -6 1.8753937824264888
      vertex 7.166894683631067 -6 1.4902275204777544
      vertex 6.955147739257052 0 1.8753937824264888
    endloop
  endfacet
  facet normal 0.8763066800438641 0 0.4817536741017141
    outer loop
      vertex 6.955147739257052 0 1.8753937824264888
      vertex 7.166894683631067 -6 1.4902275204777544
      vertex 7.166894683631067 0 1.4902275204777544
    endloop
  endfacet
  facet normal 0.9297764858882506 0 -0.3681245526846801
    outer loop
      vertex 7.166894683631067 -6 -1.4902275204777544
      vertex 7.166894683631067 0 -1.4902275204777544
      vertex 7.328697807033038 0 -1.0815594803123159
    endloop
  endfacet
  facet normal 0.9297764858882506 0 -0.3681245526846801
    outer loop
      vertex 7.166894683631067 -6 -1.4902275204777544
      vertex 7.328697807033038 0 -1.0815594803123159
      vertex 7.328697807033038 -6 -1.0815594803123159
    endloop
  endfacet
  facet normal 0.9297764858882506 0 0.3681245526846801
    outer loop
      vertex 7.166894683631067 -6 1.4902275204777544
      vertex 7.328697807033038 -6 1.0815594803123159
      vertex 7.166894683631067 0 1.4902275204777544
    endloop
  endfacet
  facet normal 0.9297764858882506 0 0.3681245526846801
    outer loop
      vertex 7.166894683631067 0 1.4902275204777544
      vertex 7.328697807033038 -6 1.0815594803123159
      vertex 7.328697807033038 0 1.0815594803123159
    endloop
  endfacet
  facet normal 0.968583161128631 0 -0.24868988716485535
    outer loop
      vertex 7.328697807033038 -6 -1.0815594803123159
      vertex 7.328697807033038 0 -1.0815594803123159
      vertex 7.438005377550411 0 -0.655834601050036
    endloop
  endfacet
  facet normal 0.968583161128631 0 -0.24868988716485535
    outer loop
      vertex 7.328697807033038 -6 -1.0815594803123159
      vertex 7.438005377550411 0 -0.655834601050036
      vertex 7.438005377550411 -6 -0.655834601050036
    endloop
  endfacet
  facet normal 0.968583161128631 0 0.24868988716485535
    outer loop
      vertex 7.328697807033038 -6 1.0815594803123159
      vertex 7.438005377550411 -6 0.655834601050036
      vertex 7.328697807033038 0 1.0815594803123159
    endloop
  endfacet
  facet normal 0.968583161128631 0 0.24868988716485535
    outer loop
      vertex 7.328697807033038 0 1.0815594803123159
      vertex 7.438005377550411 -6 0.655834601050036
      vertex 7.438005377550411 0 0.655834601050036
    endloop
  endfacet
  facet normal 0.9921147013144778 0 -0.12533323356430476
    outer loop
      vertex 7.438005377550411 -6 -0.655834601050036
      vertex 7.438005377550411 0 -0.655834601050036
      vertex 7.493093549498951 0 -0.21976681835259648
    endloop
  endfacet
  facet normal 0.9921147013144778 0 -0.12533323356430476
    outer loop
      vertex 7.438005377550411 -6 -0.655834601050036
      vertex 7.493093549498951 0 -0.21976681835259648
      vertex 7.493093549498951 -6 -0.21976681835259648
    endloop
  endfacet
  facet normal 0.9921147013144778 0 0.12533323356430476
    outer loop
      vertex 7.438005377550411 -6 0.655834601050036
      vertex 7.493093549498951 -6 0.21976681835259648
      vertex 7.438005377550411 0 0.655834601050036
    endloop
  endfacet
  facet normal 0.9921147013144778 0 0.12533323356430476
    outer loop
      vertex 7.438005377550411 0 0.655834601050036
      vertex 7.493093549498951 -6 0.21976681835259648
      vertex 7.493093549498951 0 0.21976681835259648
    endloop
  endfacet
  facet normal 1 0 0
    outer loop
      vertex 7.493093549498951 -6 -0.21976681835259648
      vertex 7.493093549498951 0 -0.21976681835259648
      vertex 7.493093549498951 0 0.21976681835259648
    endloop
  endfacet
  facet normal 1 0 0
    outer loop
      vertex 7.493093549498951 -6 -0.21976681835259648
      vertex 7.493093549498951 0 0.21976681835259648
      vertex 7.493093549498951 -6 0.21976681835259648
    endloop
  endfacet
endsolid OpenSCAD_Model
