solid OpenSCAD_Model
  facet normal -1 0 0
    outer loop
      vertex 0 0 0
      vertex 0 0 10
      vertex 0 250 10
    endloop
  endfacet
  facet normal 0 0 -1
    outer loop
      vertex 0 0 0
      vertex 0 250 0
      vertex 4.509999997913837 177.36959999799728 0
    endloop
  endfacet
  facet normal -1 0 0
    outer loop
      vertex 0 0 0
      vertex 0 250 10
      vertex 0 250 0
    endloop
  endfacet
  facet normal 0 0 -1
    outer loop
      vertex 0 0 0
      vertex 4.509999997913837 177.36959999799728 0
      vertex 4.712604083120823 169.39800000190735 0
    endloop
  endfacet
  facet normal 0 0 -1
    outer loop
      vertex 0 0 0
      vertex 4.712604083120823 169.39800000190735 0
      vertex 5.320416323840618 161.9910857155919 0
    endloop
  endfacet
  facet normal 0 0 -1
    outer loop
      vertex 0 0 0
      vertex 5.320416323840618 161.9910857155919 0
      vertex 6.333436734974384 155.14885714650154 0
    endloop
  endfacet
  facet normal 0 0 -1
    outer loop
      vertex 0 0 0
      vertex 6.333436734974384 155.14885714650154 0
      vertex 7.751665309071541 148.87131428718567 0
    endloop
  endfacet
  facet normal 0 0 -1
    outer loop
      vertex 0 0 0
      vertex 7.751665309071541 148.87131428718567 0
      vertex 9.575102038681507 143.15845714509487 0
    endloop
  endfacet
  facet normal 0 0 -1
    outer loop
      vertex 0 0 0
      vertex 9.575102038681507 143.15845714509487 0
      vertex 11.803746938705444 138.01028571277857 0
    endloop
  endfacet
  facet normal 0 0 -1
    outer loop
      vertex 0 0 0
      vertex 11.803746938705444 138.01028571277857 0
      vertex 14.437600001692772 133.42679999768734 0
    endloop
  endfacet
  facet normal 0 0 -1
    outer loop
      vertex 0 0 0
      vertex 14.437600001692772 133.42679999768734 0
      vertex 17.47502040863037 129.43288163095713 0
    endloop
  endfacet
  facet normal 0 0 -1
    outer loop
      vertex 0 0 0
      vertex 17.47502040863037 129.43288163095713 0
      vertex 20.914367347955704 126.05341224372387 0
    endloop
  endfacet
  facet normal 0 0 -1
    outer loop
      vertex 0 0 0
      vertex 20.914367347955704 126.05341224372387 0
      vertex 24.75564081966877 123.28839183598757 0
    endloop
  endfacet
  facet normal 0 0 -1
    outer loop
      vertex 0 0 0
      vertex 24.75564081966877 123.28839183598757 0
      vertex 28.99884081631899 121.13782040774822 0
    endloop
  endfacet
  facet normal 0 0 -1
    outer loop
      vertex 0 0 0
      vertex 28.99884081631899 121.13782040774822 0
      vertex 33.64396734535694 119.60169795900583 0
    endloop
  endfacet
  facet normal 0 0 -1
    outer loop
      vertex 0 0 0
      vertex 33.64396734535694 119.60169795900583 0
      vertex 38.69102040678263 118.6800244897604 0
    endloop
  endfacet
  facet normal 0 0 -1
    outer loop
      vertex 0 0 0
      vertex 38.69102040678263 118.6800244897604 0
      vertex 44.14000000059605 118.37280000001192 0
    endloop
  endfacet
  facet normal 0 0 -1
    outer loop
      vertex 0 0 0
      vertex 44.14000000059605 118.37280000001192 0
      vertex 49.59279999881983 118.68168979883194 0
    endloop
  endfacet
  facet normal 0 0 -1
    outer loop
      vertex 0 0 0
      vertex 49.59279999881983 118.68168979883194 0
      vertex 54.652000002563 119.60835918039083 0
    endloop
  endfacet
  facet normal 0 0 -1
    outer loop
      vertex 0 0 0
      vertex 54.652000002563 119.60835918039083 0
      vertex 96.69479999691248 120 0
    endloop
  endfacet
  facet normal 0 0 -1
    outer loop
      vertex 0 0 0
      vertex 96.69479999691248 120 0
      vertex 168.54839999973774 120 0
    endloop
  endfacet
  facet normal 0 0 -1
    outer loop
      vertex 0 0 0
      vertex 168.54839999973774 120 0
      vertex 210.64085442076126 117.09493877738714 0
    endloop
  endfacet
  facet normal 0 0 -1
    outer loop
      vertex 0 0 0
      vertex 207.0486666659514 20 0
      vertex 282.97146666298306 20 0
    endloop
  endfacet
  facet normal 0 0 -1
    outer loop
      vertex 0 0 0
      vertex 207.0486666659514 30.33439999818802 0
      vertex 207.0486666659514 20 0
    endloop
  endfacet
  facet normal 0 0 -1
    outer loop
      vertex 0 0 0
      vertex 207.6990666637818 106.33879999816418 0
      vertex 222.67266666392484 104.9552000015974 0
    endloop
  endfacet
  facet normal 0 0 -1
    outer loop
      vertex 0 0 0
      vertex 208.2716380978624 33.0089550986886 0
      vertex 207.0486666659514 30.33439999818802 0
    endloop
  endfacet
  facet normal 0 0 -1
    outer loop
      vertex 0 0 0
      vertex 208.33587482819954 110.1533550992608 0
      vertex 207.6990666637818 106.33879999816418 0
    endloop
  endfacet
  facet normal 0 0 -1
    outer loop
      vertex 0 0 0
      vertex 209.31647074470916 113.73873469233513 0
      vertex 208.33587482819954 110.1533550992608 0
    endloop
  endfacet
  facet normal 0 0 -1
    outer loop
      vertex 0 0 0
      vertex 209.5693523834149 35.592163264751434 0
      vertex 208.2716380978624 33.0089550986886 0
    endloop
  endfacet
  facet normal 0 0 -1
    outer loop
      vertex 0 0 0
      vertex 210.64085442076126 117.09493877738714 0
      vertex 209.31647074470916 113.73873469233513 0
    endloop
  endfacet
  facet normal 0 0 -1
    outer loop
      vertex 0 0 0
      vertex 210.9418095226089 38.084024488925934 0
      vertex 209.5693523834149 35.592163264751434 0
    endloop
  endfacet
  facet normal 0 0 -1
    outer loop
      vertex 0 0 0
      vertex 212.389009522895 40.48453877866268 0
      vertex 210.9418095226089 38.084024488925934 0
    endloop
  endfacet
  facet normal 0 0 -1
    outer loop
      vertex 0 0 0
      vertex 213.9109523842732 42.793706119060516 0
      vertex 212.389009522895 40.48453877866268 0
    endloop
  endfacet
  facet normal 0 0 -1
    outer loop
      vertex 0 0 0
      vertex 222.67266666392484 104.9552000015974 0
      vertex 213.9109523842732 42.793706119060516 0
    endloop
  endfacet
  facet normal 0 0 -1
    outer loop
      vertex 0 0 0
      vertex 282.97146666298306 20 0
      vertex 321.7554095263282 19.013844899833202 0
    endloop
  endfacet
  facet normal 0 0 -1
    outer loop
      vertex 0 0 0
      vertex 321.7554095263282 19.013844899833202 0
      vertex 326.29998095581925 18.53306122124195 0
    endloop
  endfacet
  facet normal 0 0 -1
    outer loop
      vertex 0 0 0
      vertex 326.29998095581925 18.53306122124195 0
      vertex 331.13186666617787 18.37280000001192 0
    endloop
  endfacet
  facet normal 0 0 -1
    outer loop
      vertex 0 0 0
      vertex 331.13186666617787 18.37280000001192 0
      vertex 336.30335238079226 18.550497956573963 0
    endloop
  endfacet
  facet normal 0 0 -1
    outer loop
      vertex 0 0 0
      vertex 336.30335238079226 18.550497956573963 0
      vertex 465 0 0
    endloop
  endfacet
  facet normal 0 -1 0
    outer loop
      vertex 0 0 0
      vertex 465 0 0
      vertex 465 0 10
    endloop
  endfacet
  facet normal 0 -1 0
    outer loop
      vertex 0 0 0
      vertex 465 0 10
      vertex 0 0 10
    endloop
  endfacet
  facet normal 0 0 1
    outer loop
      vertex 0 0 10
      vertex 4.509999997913837 177.36959999799728 10
      vertex 4.706799998879433 185.5071183666587 10
    endloop
  endfacet
  facet normal 0 0 1
    outer loop
      vertex 0 0 10
      vertex 4.706799998879433 185.5071183666587 10
      vertex 0 250 10
    endloop
  endfacet
  facet normal 0 0 1
    outer loop
      vertex 0 0 10
      vertex 4.712604083120823 169.39800000190735 10
      vertex 4.509999997913837 177.36959999799728 10
    endloop
  endfacet
  facet normal 0 0 1
    outer loop
      vertex 0 0 10
      vertex 5.320416323840618 161.9910857155919 10
      vertex 4.712604083120823 169.39800000190735 10
    endloop
  endfacet
  facet normal 0 0 1
    outer loop
      vertex 0 0 10
      vertex 6.333436734974384 155.14885714650154 10
      vertex 5.320416323840618 161.9910857155919 10
    endloop
  endfacet
  facet normal 0 0 1
    outer loop
      vertex 0 0 10
      vertex 7.751665309071541 148.87131428718567 10
      vertex 6.333436734974384 155.14885714650154 10
    endloop
  endfacet
  facet normal 0 0 1
    outer loop
      vertex 0 0 10
      vertex 9.575102038681507 143.15845714509487 10
      vertex 7.751665309071541 148.87131428718567 10
    endloop
  endfacet
  facet normal 0 0 1
    outer loop
      vertex 0 0 10
      vertex 11.803746938705444 138.01028571277857 10
      vertex 9.575102038681507 143.15845714509487 10
    endloop
  endfacet
  facet normal 0 0 1
    outer loop
      vertex 0 0 10
      vertex 14.437600001692772 133.42679999768734 10
      vertex 11.803746938705444 138.01028571277857 10
    endloop
  endfacet
  facet normal 0 0 1
    outer loop
      vertex 0 0 10
      vertex 17.47502040863037 129.43288163095713 10
      vertex 14.437600001692772 133.42679999768734 10
    endloop
  endfacet
  facet normal 0 0 1
    outer loop
      vertex 0 0 10
      vertex 20.914367347955704 126.05341224372387 10
      vertex 17.47502040863037 129.43288163095713 10
    endloop
  endfacet
  facet normal 0 0 1
    outer loop
      vertex 0 0 10
      vertex 73.87545301744987 48.31204293123543 10
      vertex 20.914367347955704 126.05341224372387 10
    endloop
  endfacet
  facet normal 0 0 1
    outer loop
      vertex 0 0 10
      vertex 74.30924614001064 47.560691202986234 10
      vertex 73.87545301744987 48.31204293123543 10
    endloop
  endfacet
  facet normal 0 0 1
    outer loop
      vertex 0 0 10
      vertex 74.8897746502774 46.915948974268815 10
      vertex 74.30924614001064 47.560691202986234 10
    endloop
  endfacet
  facet normal 0 0 1
    outer loop
      vertex 0 0 10
      vertex 75.59166666666667 46.40599457429458 10
      vertex 74.8897746502774 46.915948974268815 10
    endloop
  endfacet
  facet normal 0 0 1
    outer loop
      vertex 0 0 10
      vertex 76.38424614001065 46.053115457375114 10
      vertex 75.59166666666667 46.40599457429458 10
    endloop
  endfacet
  facet normal 0 0 1
    outer loop
      vertex 0 0 10
      vertex 77.23287354410591 45.872734134221666 10
      vertex 76.38424614001065 46.053115457375114 10
    endloop
  endfacet
  facet normal 0 0 1
    outer loop
      vertex 0 0 10
      vertex 78.10045978922743 45.872734134221666 10
      vertex 77.23287354410591 45.872734134221666 10
    endloop
  endfacet
  facet normal 0 0 1
    outer loop
      vertex 0 0 10
      vertex 207.0486666659514 20 10
      vertex 78.10045978922743 45.872734134221666 10
    endloop
  endfacet
  facet normal 0 0 1
    outer loop
      vertex 0 0 10
      vertex 282.97146666298306 20 10
      vertex 207.0486666659514 20 10
    endloop
  endfacet
  facet normal 0 0 1
    outer loop
      vertex 0 0 10
      vertex 317.49815237770474 19.815151020884514 10
      vertex 282.97146666298306 20 10
    endloop
  endfacet
  facet normal 0 0 1
    outer loop
      vertex 0 0 10
      vertex 321.7554095263282 19.013844899833202 10
      vertex 317.49815237770474 19.815151020884514 10
    endloop
  endfacet
  facet normal 0 0 1
    outer loop
      vertex 0 0 10
      vertex 326.29998095581925 18.53306122124195 10
      vertex 321.7554095263282 19.013844899833202 10
    endloop
  endfacet
  facet normal 0 0 1
    outer loop
      vertex 0 0 10
      vertex 331.13186666617787 18.37280000001192 10
      vertex 326.29998095581925 18.53306122124195 10
    endloop
  endfacet
  facet normal 0 0 1
    outer loop
      vertex 0 0 10
      vertex 336.30335238079226 18.550497956573963 10
      vertex 331.13186666617787 18.37280000001192 10
    endloop
  endfacet
  facet normal 0 0 1
    outer loop
      vertex 0 0 10
      vertex 465 0 10
      vertex 336.30335238079226 18.550497956573963 10
    endloop
  endfacet
  facet normal 0 1 0
    outer loop
      vertex 0 250 0
      vertex 0 250 10
      vertex 465 250 0
    endloop
  endfacet
  facet normal 0 0 -1
    outer loop
      vertex 0 250 0
      vertex 4.706799998879433 185.5071183666587 0
      vertex 4.509999997913837 177.36959999799728 0
    endloop
  endfacet
  facet normal 0 0 -1
    outer loop
      vertex 0 250 0
      vertex 5.297200001776218 193.04013061523438 0
      vertex 4.706799998879433 185.5071183666587 0
    endloop
  endfacet
  facet normal 0 0 -1
    outer loop
      vertex 0 250 0
      vertex 6.281199999153614 199.96863673627377 0
      vertex 5.297200001776218 193.04013061523438 0
    endloop
  endfacet
  facet normal 0 0 -1
    outer loop
      vertex 0 250 0
      vertex 7.6587999984622 206.29263673722744 0
      vertex 6.281199999153614 199.96863673627377 0
    endloop
  endfacet
  facet normal 0 0 -1
    outer loop
      vertex 0 250 0
      vertex 9.429999999701977 212.01213061064482 0
      vertex 7.6587999984622 206.29263673722744 0
    endloop
  endfacet
  facet normal 0 0 -1
    outer loop
      vertex 0 250 0
      vertex 11.594800002872944 217.12711836397648 0
      vertex 9.429999999701977 212.01213061064482 0
    endloop
  endfacet
  facet normal 0 0 -1
    outer loop
      vertex 0 250 0
      vertex 14.15320000052452 221.63759999722242 0
      vertex 11.594800002872944 217.12711836397648 0
    endloop
  endfacet
  facet normal 0 0 -1
    outer loop
      vertex 0 250 0
      vertex 17.13674286007881 225.5452408194542 0
      vertex 14.15320000052452 221.63759999722242 0
    endloop
  endfacet
  facet normal 0 0 -1
    outer loop
      vertex 0 250 0
      vertex 20.57697142660618 228.85170612484217 0
      vertex 17.13674286007881 225.5452408194542 0
    endloop
  endfacet
  facet normal 0 0 -1
    outer loop
      vertex 0 250 0
      vertex 24.473885715007782 231.55699592083693 0
      vertex 20.57697142660618 228.85170612484217 0
    endloop
  endfacet
  facet normal 0 0 -1
    outer loop
      vertex 0 250 0
      vertex 28.827485717833042 233.66111020743847 0
      vertex 24.473885715007782 231.55699592083693 0
    endloop
  endfacet
  facet normal 0 0 -1
    outer loop
      vertex 0 250 0
      vertex 33.63777142763138 235.16404897719622 0
      vertex 28.827485717833042 233.66111020743847 0
    endloop
  endfacet
  facet normal 0 0 -1
    outer loop
      vertex 0 250 0
      vertex 38.90474285930395 236.06581224501133 0
      vertex 33.63777142763138 235.16404897719622 0
    endloop
  endfacet
  facet normal 0 0 -1
    outer loop
      vertex 0 250 0
      vertex 44.6283999979496 236.36640000343323 0
      vertex 38.90474285930395 236.06581224501133 0
    endloop
  endfacet
  facet normal 0 0 -1
    outer loop
      vertex 0 250 0
      vertex 465 250 0
      vertex 44.6283999979496 236.36640000343323 0
    endloop
  endfacet
  facet normal 0 0 1
    outer loop
      vertex 0 250 10
      vertex 4.706799998879433 185.5071183666587 10
      vertex 5.297200001776218 193.04013061523438 10
    endloop
  endfacet
  facet normal 0 0 1
    outer loop
      vertex 0 250 10
      vertex 5.297200001776218 193.04013061523438 10
      vertex 6.281199999153614 199.96863673627377 10
    endloop
  endfacet
  facet normal 0 0 1
    outer loop
      vertex 0 250 10
      vertex 6.281199999153614 199.96863673627377 10
      vertex 7.6587999984622 206.29263673722744 10
    endloop
  endfacet
  facet normal 0 0 1
    outer loop
      vertex 0 250 10
      vertex 7.6587999984622 206.29263673722744 10
      vertex 9.429999999701977 212.01213061064482 10
    endloop
  endfacet
  facet normal 0 0 1
    outer loop
      vertex 0 250 10
      vertex 9.429999999701977 212.01213061064482 10
      vertex 11.594800002872944 217.12711836397648 10
    endloop
  endfacet
  facet normal 0 0 1
    outer loop
      vertex 0 250 10
      vertex 11.594800002872944 217.12711836397648 10
      vertex 14.15320000052452 221.63759999722242 10
    endloop
  endfacet
  facet normal 0 0 1
    outer loop
      vertex 0 250 10
      vertex 14.15320000052452 221.63759999722242 10
      vertex 17.13674286007881 225.5452408194542 10
    endloop
  endfacet
  facet normal 0 0 1
    outer loop
      vertex 0 250 10
      vertex 17.13674286007881 225.5452408194542 10
      vertex 20.57697142660618 228.85170612484217 10
    endloop
  endfacet
  facet normal 0 0 1
    outer loop
      vertex 0 250 10
      vertex 20.57697142660618 228.85170612484217 10
      vertex 24.473885715007782 231.55699592083693 10
    endloop
  endfacet
  facet normal 0 0 1
    outer loop
      vertex 0 250 10
      vertex 24.473885715007782 231.55699592083693 10
      vertex 28.827485717833042 233.66111020743847 10
    endloop
  endfacet
  facet normal 0 0 1
    outer loop
      vertex 0 250 10
      vertex 28.827485717833042 233.66111020743847 10
      vertex 33.63777142763138 235.16404897719622 10
    endloop
  endfacet
  facet normal 0 0 1
    outer loop
      vertex 0 250 10
      vertex 33.63777142763138 235.16404897719622 10
      vertex 38.90474285930395 236.06581224501133 10
    endloop
  endfacet
  facet normal 0 0 1
    outer loop
      vertex 0 250 10
      vertex 38.90474285930395 236.06581224501133 10
      vertex 44.6283999979496 236.36640000343323 10
    endloop
  endfacet
  facet normal 0 0 1
    outer loop
      vertex 0 250 10
      vertex 44.6283999979496 236.36640000343323 10
      vertex 465 250 10
    endloop
  endfacet
  facet normal 0 1 0
    outer loop
      vertex 0 250 10
      vertex 465 250 10
      vertex 465 250 0
    endloop
  endfacet
  facet normal 0.9996771765581457 0.0254075317324264 0
    outer loop
      vertex 4.509999997913837 177.36959999799728 0
      vertex 4.509999997913837 177.36959999799728 10
      vertex 4.712604083120823 169.39800000190735 0
    endloop
  endfacet
  facet normal 0.9997076885840498 -0.024177207984725876 0
    outer loop
      vertex 4.509999997913837 177.36959999799728 0
      vertex 4.706799998879433 185.5071183666587 0
      vertex 4.706799998879433 185.5071183666587 10
    endloop
  endfacet
  facet normal 0.9997076885840498 -0.024177207984725876 0
    outer loop
      vertex 4.509999997913837 177.36959999799728 0
      vertex 4.706799998879433 185.5071183666587 10
      vertex 4.509999997913837 177.36959999799728 10
    endloop
  endfacet
  facet normal 0.9996771765581457 0.0254075317324264 0
    outer loop
      vertex 4.509999997913837 177.36959999799728 10
      vertex 4.712604083120823 169.39800000190735 10
      vertex 4.712604083120823 169.39800000190735 0
    endloop
  endfacet
  facet normal 0.9969427554268268 -0.07813541067893755 0
    outer loop
      vertex 4.706799998879433 185.5071183666587 0
      vertex 5.297200001776218 193.04013061523438 0
      vertex 5.297200001776218 193.04013061523438 10
    endloop
  endfacet
  facet normal 0.9969427554268268 -0.07813541067893755 0
    outer loop
      vertex 4.706799998879433 185.5071183666587 0
      vertex 5.297200001776218 193.04013061523438 10
      vertex 4.706799998879433 185.5071183666587 10
    endloop
  endfacet
  facet normal 0.9966499782117336 0.08178521217525136 0
    outer loop
      vertex 4.712604083120823 169.39800000190735 0
      vertex 4.712604083120823 169.39800000190735 10
      vertex 5.320416323840618 161.9910857155919 0
    endloop
  endfacet
  facet normal 0.9966499782117336 0.08178521217525136 0
    outer loop
      vertex 4.712604083120823 169.39800000190735 10
      vertex 5.320416323840618 161.9910857155919 10
      vertex 5.320416323840618 161.9910857155919 0
    endloop
  endfacet
  facet normal 0.9900649263654048 -0.1406109582538494 0
    outer loop
      vertex 5.297200001776218 193.04013061523438 0
      vertex 6.281199999153614 199.96863673627377 0
      vertex 6.281199999153614 199.96863673627377 10
    endloop
  endfacet
  facet normal 0.9900649263654048 -0.1406109582538494 0
    outer loop
      vertex 5.297200001776218 193.04013061523438 0
      vertex 6.281199999153614 199.96863673627377 10
      vertex 5.297200001776218 193.04013061523438 10
    endloop
  endfacet
  facet normal 0.989216936213545 0.14645768367787115 0
    outer loop
      vertex 5.320416323840618 161.9910857155919 0
      vertex 5.320416323840618 161.9910857155919 10
      vertex 6.333436734974384 155.14885714650154 0
    endloop
  endfacet
  facet normal 0.989216936213545 0.14645768367787115 0
    outer loop
      vertex 5.320416323840618 161.9910857155919 10
      vertex 6.333436734974384 155.14885714650154 10
      vertex 6.333436734974384 155.14885714650154 0
    endloop
  endfacet
  facet normal 0.9770859155667743 -0.21284528089915122 0
    outer loop
      vertex 6.281199999153614 199.96863673627377 0
      vertex 7.6587999984622 206.29263673722744 0
      vertex 7.6587999984622 206.29263673722744 10
    endloop
  endfacet
  facet normal 0.9770859155667743 -0.21284528089915122 0
    outer loop
      vertex 6.281199999153614 199.96863673627377 0
      vertex 7.6587999984622 206.29263673722744 10
      vertex 6.281199999153614 199.96863673627377 10
    endloop
  endfacet
  facet normal 0.9754169966127176 0.2203671543561464 0
    outer loop
      vertex 6.333436734974384 155.14885714650154 0
      vertex 6.333436734974384 155.14885714650154 10
      vertex 7.751665309071541 148.87131428718567 0
    endloop
  endfacet
  facet normal 0.9754169966127176 0.2203671543561464 0
    outer loop
      vertex 6.333436734974384 155.14885714650154 10
      vertex 7.751665309071541 148.87131428718567 10
      vertex 7.751665309071541 148.87131428718567 0
    endloop
  endfacet
  facet normal 0.955244344590505 -0.2958179205657704 0
    outer loop
      vertex 7.6587999984622 206.29263673722744 0
      vertex 9.429999999701977 212.01213061064482 0
      vertex 9.429999999701977 212.01213061064482 10
    endloop
  endfacet
  facet normal 0.955244344590505 -0.2958179205657704 0
    outer loop
      vertex 7.6587999984622 206.29263673722744 0
      vertex 9.429999999701977 212.01213061064482 10
      vertex 7.6587999984622 206.29263673722744 10
    endloop
  endfacet
  facet normal 0.9526503018321583 0.3040680884589796 0
    outer loop
      vertex 7.751665309071541 148.87131428718567 0
      vertex 7.751665309071541 148.87131428718567 10
      vertex 9.575102038681507 143.15845714509487 0
    endloop
  endfacet
  facet normal 0.9526503018321583 0.3040680884589796 0
    outer loop
      vertex 7.751665309071541 148.87131428718567 10
      vertex 9.575102038681507 143.15845714509487 10
      vertex 9.575102038681507 143.15845714509487 0
    endloop
  endfacet
  facet normal 0.9209177074609188 -0.38975707316856395 0
    outer loop
      vertex 9.429999999701977 212.01213061064482 0
      vertex 11.594800002872944 217.12711836397648 0
      vertex 11.594800002872944 217.12711836397648 10
    endloop
  endfacet
  facet normal 0.9209177074609188 -0.38975707316856395 0
    outer loop
      vertex 9.429999999701977 212.01213061064482 0
      vertex 11.594800002872944 217.12711836397648 10
      vertex 9.429999999701977 212.01213061064482 10
    endloop
  endfacet
  facet normal 0.9177005484230183 0.39727283247673933 0
    outer loop
      vertex 9.575102038681507 143.15845714509487 0
      vertex 9.575102038681507 143.15845714509487 10
      vertex 11.803746938705444 138.01028571277857 0
    endloop
  endfacet
  facet normal 0.9177005484230183 0.39727283247673933 0
    outer loop
      vertex 9.575102038681507 143.15845714509487 10
      vertex 11.803746938705444 138.01028571277857 10
      vertex 11.803746938705444 138.01028571277857 0
    endloop
  endfacet
  facet normal 0.8698185946807825 -0.4933716776909154 0
    outer loop
      vertex 11.594800002872944 217.12711836397648 0
      vertex 14.15320000052452 221.63759999722242 0
      vertex 14.15320000052452 221.63759999722242 10
    endloop
  endfacet
  facet normal 0.8698185946807825 -0.4933716776909154 0
    outer loop
      vertex 11.594800002872944 217.12711836397648 0
      vertex 14.15320000052452 221.63759999722242 10
      vertex 11.594800002872944 217.12711836397648 10
    endloop
  endfacet
  facet normal 0.8670412489126491 0.49823636226593665 0
    outer loop
      vertex 11.803746938705444 138.01028571277857 0
      vertex 11.803746938705444 138.01028571277857 10
      vertex 14.437600001692772 133.42679999768734 0
    endloop
  endfacet
  facet normal 0.8670412489126491 0.49823636226593665 0
    outer loop
      vertex 11.803746938705444 138.01028571277857 10
      vertex 14.437600001692772 133.42679999768734 10
      vertex 14.437600001692772 133.42679999768734 0
    endloop
  endfacet
  facet normal 0.7948142935310611 -0.606852732381358 0
    outer loop
      vertex 14.15320000052452 221.63759999722242 0
      vertex 17.13674286007881 225.5452408194542 0
      vertex 17.13674286007881 225.5452408194542 10
    endloop
  endfacet
  facet normal 0.7948142935310611 -0.606852732381358 0
    outer loop
      vertex 14.15320000052452 221.63759999722242 0
      vertex 17.13674286007881 225.5452408194542 10
      vertex 14.15320000052452 221.63759999722242 10
    endloop
  endfacet
  facet normal 0.7959660588515665 0.6053412534730346 0
    outer loop
      vertex 14.437600001692772 133.42679999768734 0
      vertex 14.437600001692772 133.42679999768734 10
      vertex 17.47502040863037 129.43288163095713 0
    endloop
  endfacet
  facet normal 0.7959660588515665 0.6053412534730346 0
    outer loop
      vertex 14.437600001692772 133.42679999768734 10
      vertex 17.47502040863037 129.43288163095713 10
      vertex 17.47502040863037 129.43288163095713 0
    endloop
  endfacet
  facet normal 0.6929511527867713 -0.7209845350986973 0
    outer loop
      vertex 17.13674286007881 225.5452408194542 0
      vertex 20.57697142660618 228.85170612484217 0
      vertex 20.57697142660618 228.85170612484217 10
    endloop
  endfacet
  facet normal 0.6929511527867713 -0.7209845350986973 0
    outer loop
      vertex 17.13674286007881 225.5452408194542 0
      vertex 20.57697142660618 228.85170612484217 10
      vertex 17.13674286007881 225.5452408194542 10
    endloop
  endfacet
  facet normal 0.7008704968002081 0.7132885437990923 0
    outer loop
      vertex 17.47502040863037 129.43288163095713 0
      vertex 17.47502040863037 129.43288163095713 10
      vertex 20.914367347955704 126.05341224372387 0
    endloop
  endfacet
  facet normal 0.7008704968002081 0.7132885437990923 0
    outer loop
      vertex 17.47502040863037 129.43288163095713 10
      vertex 20.914367347955704 126.05341224372387 10
      vertex 20.914367347955704 126.05341224372387 0
    endloop
  endfacet
  facet normal 0.5702677128799594 -0.8214589068521081 0
    outer loop
      vertex 20.57697142660618 228.85170612484217 0
      vertex 24.473885715007782 231.55699592083693 0
      vertex 24.473885715007782 231.55699592083693 10
    endloop
  endfacet
  facet normal 0.5702677128799594 -0.8214589068521081 0
    outer loop
      vertex 20.57697142660618 228.85170612484217 0
      vertex 24.473885715007782 231.55699592083693 10
      vertex 20.57697142660618 228.85170612484217 10
    endloop
  endfacet
  facet normal 0.584207804918365 0.8116041157315959 0
    outer loop
      vertex 20.914367347955704 126.05341224372387 0
      vertex 20.914367347955704 126.05341224372387 10
      vertex 24.75564081966877 123.28839183598757 0
    endloop
  endfacet
  facet normal 0.584207804918365 0.8116041157315959 0
    outer loop
      vertex 20.914367347955704 126.05341224372387 10
      vertex 24.75564081966877 123.28839183598757 10
      vertex 24.75564081966877 123.28839183598757 0
    endloop
  endfacet
  facet normal 0 0 1
    outer loop
      vertex 20.914367347955704 126.05341224372387 10
      vertex 73.60735412362138 49.1371664831063 10
      vertex 24.75564081966877 123.28839183598757 10
    endloop
  endfacet
  facet normal 0 0 1
    outer loop
      vertex 20.914367347955704 126.05341224372387 10
      vertex 73.87545301744987 48.31204293123543 10
      vertex 73.60735412362138 49.1371664831063 10
    endloop
  endfacet
  facet normal 0.43514758504830203 -0.9003591390254396 0
    outer loop
      vertex 24.473885715007782 231.55699592083693 0
      vertex 28.827485717833042 233.66111020743847 0
      vertex 28.827485717833042 233.66111020743847 10
    endloop
  endfacet
  facet normal 0.43514758504830203 -0.9003591390254396 0
    outer loop
      vertex 24.473885715007782 231.55699592083693 0
      vertex 28.827485717833042 233.66111020743847 10
      vertex 24.473885715007782 231.55699592083693 10
    endloop
  endfacet
  facet normal 0.4520791086596379 0.891977846985847 0
    outer loop
      vertex 24.75564081966877 123.28839183598757 0
      vertex 24.75564081966877 123.28839183598757 10
      vertex 28.99884081631899 121.13782040774822 0
    endloop
  endfacet
  facet normal 0.4520791086596379 0.891977846985847 0
    outer loop
      vertex 24.75564081966877 123.28839183598757 10
      vertex 28.99884081631899 121.13782040774822 10
      vertex 28.99884081631899 121.13782040774822 0
    endloop
  endfacet
  facet normal 0 0 1
    outer loop
      vertex 24.75564081966877 123.28839183598757 10
      vertex 73.51666666666667 50 10
      vertex 28.99884081631899 121.13782040774822 10
    endloop
  endfacet
  facet normal 0 0 1
    outer loop
      vertex 24.75564081966877 123.28839183598757 10
      vertex 73.60735412362138 49.1371664831063 10
      vertex 73.51666666666667 50 10
    endloop
  endfacet
  facet normal 0.2982251867805003 -0.9544955410947374 0
    outer loop
      vertex 28.827485717833042 233.66111020743847 0
      vertex 33.63777142763138 235.16404897719622 0
      vertex 33.63777142763138 235.16404897719622 10
    endloop
  endfacet
  facet normal 0.2982251867805003 -0.9544955410947374 0
    outer loop
      vertex 28.827485717833042 233.66111020743847 0
      vertex 33.63777142763138 235.16404897719622 10
      vertex 28.827485717833042 233.66111020743847 10
    endloop
  endfacet
  facet normal 0.31397287612723157 0.9494319528309515 0
    outer loop
      vertex 28.99884081631899 121.13782040774822 0
      vertex 28.99884081631899 121.13782040774822 10
      vertex 33.64396734535694 119.60169795900583 0
    endloop
  endfacet
  facet normal 0.31397287612723157 0.9494319528309515 0
    outer loop
      vertex 28.99884081631899 121.13782040774822 10
      vertex 33.64396734535694 119.60169795900583 10
      vertex 33.64396734535694 119.60169795900583 0
    endloop
  endfacet
  facet normal 0 0 1
    outer loop
      vertex 28.99884081631899 121.13782040774822 10
      vertex 73.51666666666667 50 10
      vertex 73.60735412362138 50.8628335168937 10
    endloop
  endfacet
  facet normal 0 0 1
    outer loop
      vertex 28.99884081631899 121.13782040774822 10
      vertex 73.60735412362138 50.8628335168937 10
      vertex 33.64396734535694 119.60169795900583 10
    endloop
  endfacet
  facet normal 0.16875545028444944 -0.9856579518267444 0
    outer loop
      vertex 33.63777142763138 235.16404897719622 0
      vertex 38.90474285930395 236.06581224501133 0
      vertex 38.90474285930395 236.06581224501133 10
    endloop
  endfacet
  facet normal 0.16875545028444944 -0.9856579518267444 0
    outer loop
      vertex 33.63777142763138 235.16404897719622 0
      vertex 38.90474285930395 236.06581224501133 10
      vertex 33.63777142763138 235.16404897719622 10
    endloop
  endfacet
  facet normal 0.17964526495187605 0.9837314566386347 0
    outer loop
      vertex 33.64396734535694 119.60169795900583 0
      vertex 33.64396734535694 119.60169795900583 10
      vertex 38.69102040678263 118.6800244897604 0
    endloop
  endfacet
  facet normal 0.17964526495187605 0.9837314566386347 0
    outer loop
      vertex 33.64396734535694 119.60169795900583 10
      vertex 38.69102040678263 118.6800244897604 10
      vertex 38.69102040678263 118.6800244897604 0
    endloop
  endfacet
  facet normal 0 0 1
    outer loop
      vertex 33.64396734535694 119.60169795900583 10
      vertex 73.60735412362138 50.8628335168937 10
      vertex 73.87545301744987 51.68795706876457 10
    endloop
  endfacet
  facet normal 0 0 1
    outer loop
      vertex 33.64396734535694 119.60169795900583 10
      vertex 73.87545301744987 51.68795706876457 10
      vertex 38.69102040678263 118.6800244897604 10
    endloop
  endfacet
  facet normal 0.056292618223349904 0.9984143133657291 0
    outer loop
      vertex 38.69102040678263 118.6800244897604 0
      vertex 38.69102040678263 118.6800244897604 10
      vertex 44.14000000059605 118.37280000001192 0
    endloop
  endfacet
  facet normal 0.056292618223349904 0.9984143133657291 0
    outer loop
      vertex 38.69102040678263 118.6800244897604 10
      vertex 44.14000000059605 118.37280000001192 10
      vertex 44.14000000059605 118.37280000001192 0
    endloop
  endfacet
  facet normal 0 0 1
    outer loop
      vertex 38.69102040678263 118.6800244897604 10
      vertex 73.87545301744987 51.68795706876457 10
      vertex 74.30924614001064 52.439308797013766 10
    endloop
  endfacet
  facet normal 0 0 1
    outer loop
      vertex 38.69102040678263 118.6800244897604 10
      vertex 74.30924614001064 52.439308797013766 10
      vertex 44.14000000059605 118.37280000001192 10
    endloop
  endfacet
  facet normal 0.05244445903006276 -0.9986238424537259 0
    outer loop
      vertex 38.90474285930395 236.06581224501133 0
      vertex 44.6283999979496 236.36640000343323 0
      vertex 44.6283999979496 236.36640000343323 10
    endloop
  endfacet
  facet normal 0.05244445903006276 -0.9986238424537259 0
    outer loop
      vertex 38.90474285930395 236.06581224501133 0
      vertex 44.6283999979496 236.36640000343323 10
      vertex 38.90474285930395 236.06581224501133 10
    endloop
  endfacet
  facet normal -0.0565572507394524 0.9983993576664575 0
    outer loop
      vertex 44.14000000059605 118.37280000001192 0
      vertex 44.14000000059605 118.37280000001192 10
      vertex 49.59279999881983 118.68168979883194 0
    endloop
  endfacet
  facet normal -0.0565572507394524 0.9983993576664575 0
    outer loop
      vertex 44.14000000059605 118.37280000001192 10
      vertex 49.59279999881983 118.68168979883194 10
      vertex 49.59279999881983 118.68168979883194 0
    endloop
  endfacet
  facet normal 0 0 1
    outer loop
      vertex 44.14000000059605 118.37280000001192 10
      vertex 74.30924614001064 52.439308797013766 10
      vertex 74.8897746502774 53.084051025731185 10
    endloop
  endfacet
  facet normal 0 0 1
    outer loop
      vertex 44.14000000059605 118.37280000001192 10
      vertex 74.8897746502774 53.084051025731185 10
      vertex 49.59279999881983 118.68168979883194 10
    endloop
  endfacet
  facet normal -0.0544589249325996 -0.9985160116368618 0
    outer loop
      vertex 44.6283999979496 236.36640000343323 0
      vertex 50.200808160007 236.06248163431883 0
      vertex 50.200808160007 236.06248163431883 10
    endloop
  endfacet
  facet normal -0.0544589249325996 -0.9985160116368618 0
    outer loop
      vertex 44.6283999979496 236.36640000343323 0
      vertex 50.200808160007 236.06248163431883 10
      vertex 44.6283999979496 236.36640000343323 10
    endloop
  endfacet
  facet normal 0 0 -1
    outer loop
      vertex 44.6283999979496 236.36640000343323 0
      vertex 140.63759999722242 234.65760000050068 0
      vertex 50.200808160007 236.06248163431883 0
    endloop
  endfacet
  facet normal 0 0 -1
    outer loop
      vertex 44.6283999979496 236.36640000343323 0
      vertex 465 250 0
      vertex 140.63759999722242 234.65760000050068 0
    endloop
  endfacet
  facet normal 0 0 1
    outer loop
      vertex 44.6283999979496 236.36640000343323 10
      vertex 50.200808160007 236.06248163431883 10
      vertex 465 250 10
    endloop
  endfacet
  facet normal -0.1801678625962998 0.9836358784059682 0
    outer loop
      vertex 49.59279999881983 118.68168979883194 0
      vertex 49.59279999881983 118.68168979883194 10
      vertex 54.652000002563 119.60835918039083 0
    endloop
  endfacet
  facet normal -0.1801678625962998 0.9836358784059682 0
    outer loop
      vertex 49.59279999881983 118.68168979883194 10
      vertex 54.652000002563 119.60835918039083 10
      vertex 54.652000002563 119.60835918039083 0
    endloop
  endfacet
  facet normal 0 0 1
    outer loop
      vertex 49.59279999881983 118.68168979883194 10
      vertex 74.8897746502774 53.084051025731185 10
      vertex 75.59166666666667 53.59400542570542 10
    endloop
  endfacet
  facet normal 0 0 1
    outer loop
      vertex 49.59279999881983 118.68168979883194 10
      vertex 75.59166666666667 53.59400542570542 10
      vertex 54.652000002563 119.60835918039083 10
    endloop
  endfacet
  facet normal -0.17469269299138396 -0.9846230055282165 0
    outer loop
      vertex 50.200808160007 236.06248163431883 0
      vertex 55.339746937155724 235.15072652697563 0
      vertex 55.339746937155724 235.15072652697563 10
    endloop
  endfacet
  facet normal -0.17469269299138396 -0.9846230055282165 0
    outer loop
      vertex 50.200808160007 236.06248163431883 0
      vertex 55.339746937155724 235.15072652697563 10
      vertex 50.200808160007 236.06248163431883 10
    endloop
  endfacet
  facet normal 0 0 -1
    outer loop
      vertex 50.200808160007 236.06248163431883 0
      vertex 127.12919999659061 234.65760000050068 0
      vertex 55.339746937155724 235.15072652697563 0
    endloop
  endfacet
  facet normal 0 0 -1
    outer loop
      vertex 50.200808160007 236.06248163431883 0
      vertex 140.63759999722242 234.65760000050068 0
      vertex 127.12919999659061 234.65760000050068 0
    endloop
  endfacet
  facet normal 0 0 1
    outer loop
      vertex 50.200808160007 236.06248163431883 10
      vertex 55.339746937155724 235.15072652697563 10
      vertex 465 250 10
    endloop
  endfacet
  facet normal -0.3142582683382663 0.9493375273215708 0
    outer loop
      vertex 54.652000002563 119.60835918039083 0
      vertex 54.652000002563 119.60835918039083 10
      vertex 59.3175999969244 121.15280815958977 0
    endloop
  endfacet
  facet normal 0 0 -1
    outer loop
      vertex 54.652000002563 119.60835918039083 0
      vertex 59.3175999969244 121.15280815958977 0
      vertex 96.69479999691248 120 0
    endloop
  endfacet
  facet normal -0.3142582683382663 0.9493375273215708 0
    outer loop
      vertex 54.652000002563 119.60835918039083 10
      vertex 59.3175999969244 121.15280815958977 10
      vertex 59.3175999969244 121.15280815958977 0
    endloop
  endfacet
  facet normal 0 0 1
    outer loop
      vertex 54.652000002563 119.60835918039083 10
      vertex 75.59166666666667 53.59400542570542 10
      vertex 76.38424614001065 53.946884542624886 10
    endloop
  endfacet
  facet normal 0 0 1
    outer loop
      vertex 54.652000002563 119.60835918039083 10
      vertex 76.38424614001065 53.946884542624886 10
      vertex 77.23287354410591 54.127265865778334 10
    endloop
  endfacet
  facet normal 0 0 1
    outer loop
      vertex 54.652000002563 119.60835918039083 10
      vertex 77.23287354410591 54.127265865778334 10
      vertex 59.3175999969244 121.15280815958977 10
    endloop
  endfacet
  facet normal -0.3073138801598085 -0.9516082067012258 0
    outer loop
      vertex 55.339746937155724 235.15072652697563 0
      vertex 60.04521632939577 233.6311346963048 0
      vertex 60.04521632939577 233.6311346963048 10
    endloop
  endfacet
  facet normal -0.3073138801598085 -0.9516082067012258 0
    outer loop
      vertex 55.339746937155724 235.15072652697563 0
      vertex 60.04521632939577 233.6311346963048 10
      vertex 55.339746937155724 235.15072652697563 10
    endloop
  endfacet
  facet normal 0 0 -1
    outer loop
      vertex 55.339746937155724 235.15072652697563 0
      vertex 127.12919999659061 234.65760000050068 0
      vertex 60.04521632939577 233.6311346963048 0
    endloop
  endfacet
  facet normal 0 0 1
    outer loop
      vertex 55.339746937155724 235.15072652697563 10
      vertex 60.04521632939577 233.6311346963048 10
      vertex 465 250 10
    endloop
  endfacet
  facet normal -0.45159058689533804 0.892225275268261 0
    outer loop
      vertex 59.3175999969244 121.15280815958977 0
      vertex 59.3175999969244 121.15280815958977 10
      vertex 63.58959999680519 123.31503673642874 0
    endloop
  endfacet
  facet normal 0 0 -1
    outer loop
      vertex 59.3175999969244 121.15280815958977 0
      vertex 63.58959999680519 123.31503673642874 0
      vertex 96.69479999691248 120 0
    endloop
  endfacet
  facet normal -0.45159058689533804 0.892225275268261 0
    outer loop
      vertex 59.3175999969244 121.15280815958977 10
      vertex 63.58959999680519 123.31503673642874 10
      vertex 63.58959999680519 123.31503673642874 0
    endloop
  endfacet
  facet normal 0 0 1
    outer loop
      vertex 59.3175999969244 121.15280815958977 10
      vertex 77.23287354410591 54.127265865778334 10
      vertex 78.10045978922743 54.127265865778334 10
    endloop
  endfacet
  facet normal 0 0 1
    outer loop
      vertex 59.3175999969244 121.15280815958977 10
      vertex 78.10045978922743 54.127265865778334 10
      vertex 63.58959999680519 123.31503673642874 10
    endloop
  endfacet
  facet normal -0.44577619032191346 -0.8951444509921743 0
    outer loop
      vertex 60.04521632939577 233.6311346963048 0
      vertex 64.31721632927656 231.5037061199546 0
      vertex 64.31721632927656 231.5037061199546 10
    endloop
  endfacet
  facet normal -0.44577619032191346 -0.8951444509921743 0
    outer loop
      vertex 60.04521632939577 233.6311346963048 0
      vertex 64.31721632927656 231.5037061199546 10
      vertex 60.04521632939577 233.6311346963048 10
    endloop
  endfacet
  facet normal 0 0 -1
    outer loop
      vertex 60.04521632939577 233.6311346963048 0
      vertex 127.12919999659061 234.65760000050068 0
      vertex 64.31721632927656 231.5037061199546 0
    endloop
  endfacet
  facet normal 0 0 1
    outer loop
      vertex 60.04521632939577 233.6311346963048 10
      vertex 64.31721632927656 231.5037061199546 10
      vertex 127.12919999659061 234.65760000050068 10
    endloop
  endfacet
  facet normal 0 0 1
    outer loop
      vertex 60.04521632939577 233.6311346963048 10
      vertex 127.12919999659061 234.65760000050068 10
      vertex 465 250 10
    endloop
  endfacet
  facet normal -0.5825865256765723 0.8127686879427015 0
    outer loop
      vertex 63.58959999680519 123.31503673642874 0
      vertex 63.58959999680519 123.31503673642874 10
      vertex 67.46800000220537 126.09504489600658 0
    endloop
  endfacet
  facet normal 0 0 -1
    outer loop
      vertex 63.58959999680519 123.31503673642874 0
      vertex 67.46800000220537 126.09504489600658 0
      vertex 96.69479999691248 120 0
    endloop
  endfacet
  facet normal -0.5825865256765723 0.8127686879427015 0
    outer loop
      vertex 63.58959999680519 123.31503673642874 10
      vertex 67.46800000220537 126.09504489600658 10
      vertex 67.46800000220537 126.09504489600658 0
    endloop
  endfacet
  facet normal 0 0 1
    outer loop
      vertex 63.58959999680519 123.31503673642874 10
      vertex 78.10045978922743 54.127265865778334 10
      vertex 96.69479999691248 120 10
    endloop
  endfacet
  facet normal 0 0 1
    outer loop
      vertex 63.58959999680519 123.31503673642874 10
      vertex 96.69479999691248 120 10
      vertex 67.46800000220537 126.09504489600658 10
    endloop
  endfacet
  facet normal -0.5803187289680548 -0.8143894478742351 0
    outer loop
      vertex 64.31721632927656 231.5037061199546 0
      vertex 68.1557469367981 228.76844081282616 0
      vertex 68.1557469367981 228.76844081282616 10
    endloop
  endfacet
  facet normal -0.5803187289680548 -0.8143894478742351 0
    outer loop
      vertex 64.31721632927656 231.5037061199546 0
      vertex 68.1557469367981 228.76844081282616 10
      vertex 64.31721632927656 231.5037061199546 10
    endloop
  endfacet
  facet normal 0 0 -1
    outer loop
      vertex 64.31721632927656 231.5037061199546 0
      vertex 127.12919999659061 234.65760000050068 0
      vertex 68.1557469367981 228.76844081282616 0
    endloop
  endfacet
  facet normal 0 0 1
    outer loop
      vertex 64.31721632927656 231.5037061199546 10
      vertex 68.1557469367981 228.76844081282616 10
      vertex 127.12919999659061 234.65760000050068 10
    endloop
  endfacet
  facet normal -0.6981114865881667 0.7159890727473849 0
    outer loop
      vertex 67.46800000220537 126.09504489600658 0
      vertex 67.46800000220537 126.09504489600658 10
      vertex 70.95279999822378 129.49283265322447 0
    endloop
  endfacet
  facet normal 0 0 -1
    outer loop
      vertex 67.46800000220537 126.09504489600658 0
      vertex 70.95279999822378 129.49283265322447 0
      vertex 96.69479999691248 120 0
    endloop
  endfacet
  facet normal -0.6981114865881667 0.7159890727473849 0
    outer loop
      vertex 67.46800000220537 126.09504489600658 10
      vertex 70.95279999822378 129.49283265322447 10
      vertex 70.95279999822378 129.49283265322447 0
    endloop
  endfacet
  facet normal 0 0 1
    outer loop
      vertex 67.46800000220537 126.09504489600658 10
      vertex 96.69479999691248 120 10
      vertex 70.95279999822378 129.49283265322447 10
    endloop
  endfacet
  facet normal -0.7005848528119311 -0.7135691024774581 0
    outer loop
      vertex 68.1557469367981 228.76844081282616 0
      vertex 71.56080816686153 225.4253387749195 0
      vertex 71.56080816686153 225.4253387749195 10
    endloop
  endfacet
  facet normal -0.7005848528119311 -0.7135691024774581 0
    outer loop
      vertex 68.1557469367981 228.76844081282616 0
      vertex 71.56080816686153 225.4253387749195 10
      vertex 68.1557469367981 228.76844081282616 10
    endloop
  endfacet
  facet normal 0 0 -1
    outer loop
      vertex 68.1557469367981 228.76844081282616 0
      vertex 127.12919999659061 234.65760000050068 0
      vertex 71.56080816686153 225.4253387749195 0
    endloop
  endfacet
  facet normal 0 0 1
    outer loop
      vertex 68.1557469367981 228.76844081282616 10
      vertex 71.56080816686153 225.4253387749195 10
      vertex 127.12919999659061 234.65760000050068 10
    endloop
  endfacet
  facet normal -0.7924044024658585 0.6099961171620077 0
    outer loop
      vertex 70.95279999822378 129.49283265322447 0
      vertex 70.95279999822378 129.49283265322447 10
      vertex 74.04399999976158 133.5084000006318 0
    endloop
  endfacet
  facet normal 0 0 -1
    outer loop
      vertex 70.95279999822378 129.49283265322447 0
      vertex 74.04399999976158 133.5084000006318 0
      vertex 96.69479999691248 120 0
    endloop
  endfacet
  facet normal -0.7924044024658585 0.6099961171620077 0
    outer loop
      vertex 70.95279999822378 129.49283265322447 10
      vertex 74.04399999976158 133.5084000006318 10
      vertex 74.04399999976158 133.5084000006318 0
    endloop
  endfacet
  facet normal 0 0 1
    outer loop
      vertex 70.95279999822378 129.49283265322447 10
      vertex 96.69479999691248 120 10
      vertex 74.04399999976158 133.5084000006318 10
    endloop
  endfacet
  facet normal -0.7991848709326909 -0.6010853034905265 0
    outer loop
      vertex 71.56080816686153 225.4253387749195 0
      vertex 74.53239999711514 221.47439999878407 0
      vertex 74.53239999711514 221.47439999878407 10
    endloop
  endfacet
  facet normal -0.7991848709326909 -0.6010853034905265 0
    outer loop
      vertex 71.56080816686153 225.4253387749195 0
      vertex 74.53239999711514 221.47439999878407 10
      vertex 71.56080816686153 225.4253387749195 10
    endloop
  endfacet
  facet normal 0 0 -1
    outer loop
      vertex 71.56080816686153 225.4253387749195 0
      vertex 127.12919999659061 234.65760000050068 0
      vertex 74.53239999711514 221.47439999878407 0
    endloop
  endfacet
  facet normal 0 0 1
    outer loop
      vertex 71.56080816686153 225.4253387749195 10
      vertex 74.53239999711514 221.47439999878407 10
      vertex 127.12919999659061 234.65760000050068 10
    endloop
  endfacet
  facet normal 0.9945218953682721 0.10452846326766588 0
    outer loop
      vertex 73.01666666666667 50 2.5
      vertex 73.01666666666667 50 3.25
      vertex 73.11828032325448 49.03321063769742 2.5
    endloop
  endfacet
  facet normal 0.8288867290812304 0.08711950578196112 0.552591152720821
    outer loop
      vertex 73.01666666666667 50 2.5
      vertex 73.11828032325448 49.03321063769742 2.5
      vertex 73.69820786140876 49.49866706574279 1.5567265298897706
    endloop
  endfacet
  facet normal 0.9945218953682721 -0.10452846326766588 0
    outer loop
      vertex 73.01666666666667 50 2.5
      vertex 73.11828032325448 50.96678936230258 2.5
      vertex 73.11828032325448 50.96678936230258 3.25
    endloop
  endfacet
  facet normal 0.9945218953682721 -0.10452846326766588 0
    outer loop
      vertex 73.01666666666667 50 2.5
      vertex 73.11828032325448 50.96678936230258 3.25
      vertex 73.01666666666667 50 3.25
    endloop
  endfacet
  facet normal 0.828886729081229 -0.08711950578196097 0.5525911527208234
    outer loop
      vertex 73.01666666666667 50 2.5
      vertex 73.66666666666667 50 1.5249999999999986
      vertex 73.11828032325448 50.96678936230258 2.5
    endloop
  endfacet
  facet normal 0.8288867290812294 0.08711950578195497 0.5525911527208236
    outer loop
      vertex 73.01666666666667 50 2.5
      vertex 73.69820786140876 49.49866706574279 1.5567265298897706
      vertex 73.66666666666667 50 1.5249999999999986
    endloop
  endfacet
  facet normal 0.9945218953682721 0.10452846326766588 0
    outer loop
      vertex 73.01666666666667 50 3.25
      vertex 73.11828032325448 49.03321063769742 3.25
      vertex 73.11828032325448 49.03321063769742 2.5
    endloop
  endfacet
  facet normal 0.8288867290812338 -0.08711950578196148 -0.5525911527208157
    outer loop
      vertex 73.01666666666667 50 3.25
      vertex 73.11828032325448 50.96678936230258 3.25
      vertex 73.60735412362138 50.8628335168937 4
    endloop
  endfacet
  facet normal 0.8288867290812312 0.08711950578195532 -0.5525911527208208
    outer loop
      vertex 73.01666666666667 50 3.25
      vertex 73.51666666666667 50 4
      vertex 73.60735412362138 49.1371664831063 4
    endloop
  endfacet
  facet normal 0.8288867290812338 0.08711950578196148 -0.5525911527208157
    outer loop
      vertex 73.01666666666667 50 3.25
      vertex 73.60735412362138 49.1371664831063 4
      vertex 73.11828032325448 49.03321063769742 3.25
    endloop
  endfacet
  facet normal 0.8288867290812312 -0.08711950578195532 -0.5525911527208208
    outer loop
      vertex 73.01666666666667 50 3.25
      vertex 73.60735412362138 50.8628335168937 4
      vertex 73.51666666666667 50 4
    endloop
  endfacet
  facet normal 0.9510565162951551 0.30901699437494273 0
    outer loop
      vertex 73.11828032325448 49.03321063769742 2.5
      vertex 73.11828032325448 49.03321063769742 3.25
      vertex 73.41868028862858 48.10867460969753 2.5
    endloop
  endfacet
  facet normal 0.7926604015805676 0.25755097689740725 0.5525911527208198
    outer loop
      vertex 73.11828032325448 49.03321063769742 2.5
      vertex 73.41868028862858 48.10867460969753 2.5
      vertex 73.94756072311367 48.52750178926129 1.5461448319618967
    endloop
  endfacet
  facet normal 0.82888672908124 0.08711950578193044 0.5525911527208116
    outer loop
      vertex 73.11828032325448 49.03321063769742 2.5
      vertex 73.76094027680534 49.16981222774721 1.5144739611862992
      vertex 73.69820786140876 49.49866706574279 1.5567265298897706
    endloop
  endfacet
  facet normal 0.7926604015805602 0.2575509768974505 0.5525911527208106
    outer loop
      vertex 73.11828032325448 49.03321063769742 2.5
      vertex 73.79233402215215 49.00524045134058 1.5461448319618967
      vertex 73.76094027680534 49.16981222774721 1.5144739611862992
    endloop
  endfacet
  facet normal 0.7926604015805678 0.25755097689741246 0.552591152720817
    outer loop
      vertex 73.11828032325448 49.03321063769742 2.5
      vertex 73.94756072311367 48.52750178926129 1.5461448319618967
      vertex 73.79233402215215 49.00524045134058 1.5461448319618967
    endloop
  endfacet
  facet normal 0.9510565162951551 0.30901699437494273 0
    outer loop
      vertex 73.11828032325448 49.03321063769742 3.25
      vertex 73.41868028862858 48.10867460969753 3.25
      vertex 73.41868028862858 48.10867460969753 2.5
    endloop
  endfacet
  facet normal 0.7926604015805707 0.257550976897408 -0.5525911527208153
    outer loop
      vertex 73.11828032325448 49.03321063769742 3.25
      vertex 73.60735412362138 49.1371664831063 4
      vertex 73.87545301744987 48.31204293123543 4
    endloop
  endfacet
  facet normal 0.7926604015805707 0.25755097689740825 -0.552591152720815
    outer loop
      vertex 73.11828032325448 49.03321063769742 3.25
      vertex 73.87545301744987 48.31204293123543 4
      vertex 73.41868028862858 48.10867460969753 3.25
    endloop
  endfacet
  facet normal 0.9510565162951551 -0.30901699437494273 0
    outer loop
      vertex 73.11828032325448 50.96678936230258 2.5
      vertex 73.41868028862858 51.89132539030247 2.5
      vertex 73.41868028862858 51.89132539030247 3.25
    endloop
  endfacet
  facet normal 0.9510565162951551 -0.30901699437494273 0
    outer loop
      vertex 73.11828032325448 50.96678936230258 2.5
      vertex 73.41868028862858 51.89132539030247 3.25
      vertex 73.11828032325448 50.96678936230258 3.25
    endloop
  endfacet
  facet normal 0.8288867290812324 -0.08711950578195474 0.5525911527208192
    outer loop
      vertex 73.11828032325448 50.96678936230258 2.5
      vertex 73.66666666666667 50 1.5249999999999986
      vertex 73.69820786140876 50.50133293425721 1.5567265298897706
    endloop
  endfacet
  facet normal 0.82888672908124 -0.08711950578193044 0.5525911527208116
    outer loop
      vertex 73.11828032325448 50.96678936230258 2.5
      vertex 73.69820786140876 50.50133293425721 1.5567265298897706
      vertex 73.76094027680534 50.83018777225279 1.5144739611862992
    endloop
  endfacet
  facet normal 0.7926604015805602 -0.2575509768974505 0.5525911527208106
    outer loop
      vertex 73.11828032325448 50.96678936230258 2.5
      vertex 73.76094027680534 50.83018777225279 1.5144739611862992
      vertex 73.79233402215215 50.99475954865942 1.5461448319618967
    endloop
  endfacet
  facet normal 0.7926604015805678 -0.25755097689741246 0.552591152720817
    outer loop
      vertex 73.11828032325448 50.96678936230258 2.5
      vertex 73.79233402215215 50.99475954865942 1.5461448319618967
      vertex 73.94756072311367 51.47249821073871 1.5461448319618967
    endloop
  endfacet
  facet normal 0.7926604015805676 -0.25755097689740725 0.5525911527208198
    outer loop
      vertex 73.11828032325448 50.96678936230258 2.5
      vertex 73.94756072311367 51.47249821073871 1.5461448319618967
      vertex 73.41868028862858 51.89132539030247 2.5
    endloop
  endfacet
  facet normal 0.7926604015805707 -0.25755097689740825 -0.552591152720815
    outer loop
      vertex 73.11828032325448 50.96678936230258 3.25
      vertex 73.41868028862858 51.89132539030247 3.25
      vertex 73.87545301744987 51.68795706876457 4
    endloop
  endfacet
  facet normal 0.7926604015805707 -0.257550976897408 -0.5525911527208153
    outer loop
      vertex 73.11828032325448 50.96678936230258 3.25
      vertex 73.87545301744987 51.68795706876457 4
      vertex 73.60735412362138 50.8628335168937 4
    endloop
  endfacet
  facet normal 0.8660254037844397 0.4999999999999982 0
    outer loop
      vertex 73.41868028862858 48.10867460969753 2.5
      vertex 73.41868028862858 48.10867460969753 3.25
      vertex 73.90473764282316 47.26679857684 2.5
    endloop
  endfacet
  facet normal 0.7217910109242193 0.41672623445574813 0.5525911527208218
    outer loop
      vertex 73.41868028862858 48.10867460969753 2.5
      vertex 73.90473764282316 47.26679857684 2.5
      vertex 74.43059868916689 47.64885899083011 1.5249999999999986
    endloop
  endfacet
  facet normal 0.7926604015805728 0.2575509768973961 0.5525911527208177
    outer loop
      vertex 73.41868028862858 48.10867460969753 2.5
      vertex 74.01889551272642 48.37590764482478 1.5144739611862992
      vertex 73.94756072311367 48.52750178926129 1.5461448319618967
    endloop
  endfacet
  facet normal 0.7217910109242229 0.41672623445574564 0.5525911527208187
    outer loop
      vertex 73.41868028862858 48.10867460969753 2.5
      vertex 74.16143994649121 48.072985303593136 1.5567265298897706
      vertex 74.01889551272642 48.37590764482478 1.5144739611862992
    endloop
  endfacet
  facet normal 0.7217910109242175 0.41672623445576124 0.5525911527208138
    outer loop
      vertex 73.41868028862858 48.10867460969753 2.5
      vertex 74.43059868916689 47.64885899083011 1.5249999999999986
      vertex 74.16143994649121 48.072985303593136 1.5567265298897706
    endloop
  endfacet
  facet normal 0.7217910109242188 0.4167262344557567 -0.5525911527208157
    outer loop
      vertex 73.41868028862858 48.10867460969753 3.25
      vertex 73.87545301744987 48.31204293123543 4
      vertex 74.30924614001064 47.560691202986234 4
    endloop
  endfacet
  facet normal 0.8660254037844397 0.4999999999999982 0
    outer loop
      vertex 73.41868028862858 48.10867460969753 3.25
      vertex 73.90473764282316 47.26679857684 3.25
      vertex 73.90473764282316 47.26679857684 2.5
    endloop
  endfacet
  facet normal 0.7217910109242188 0.4167262344557479 -0.5525911527208222
    outer loop
      vertex 73.41868028862858 48.10867460969753 3.25
      vertex 74.30924614001064 47.560691202986234 4
      vertex 73.90473764282316 47.26679857684 3.25
    endloop
  endfacet
  facet normal 0.8660254037844397 -0.4999999999999982 0
    outer loop
      vertex 73.41868028862858 51.89132539030247 2.5
      vertex 73.90473764282316 52.73320142316 2.5
      vertex 73.90473764282316 52.73320142316 3.25
    endloop
  endfacet
  facet normal 0.8660254037844397 -0.4999999999999982 0
    outer loop
      vertex 73.41868028862858 51.89132539030247 2.5
      vertex 73.90473764282316 52.73320142316 3.25
      vertex 73.41868028862858 51.89132539030247 3.25
    endloop
  endfacet
  facet normal 0.7926604015805728 -0.2575509768973961 0.5525911527208177
    outer loop
      vertex 73.41868028862858 51.89132539030247 2.5
      vertex 73.94756072311367 51.47249821073871 1.5461448319618967
      vertex 74.01889551272642 51.62409235517522 1.5144739611862992
    endloop
  endfacet
  facet normal 0.7217910109242229 -0.41672623445574564 0.5525911527208187
    outer loop
      vertex 73.41868028862858 51.89132539030247 2.5
      vertex 74.01889551272642 51.62409235517522 1.5144739611862992
      vertex 74.16143994649121 51.927014696406864 1.5567265298897706
    endloop
  endfacet
  facet normal 0.7217910109242175 -0.41672623445576124 0.5525911527208138
    outer loop
      vertex 73.41868028862858 51.89132539030247 2.5
      vertex 74.16143994649121 51.927014696406864 1.5567265298897706
      vertex 74.43059868916689 52.35114100916989 1.5249999999999986
    endloop
  endfacet
  facet normal 0.7217910109242193 -0.41672623445574813 0.5525911527208218
    outer loop
      vertex 73.41868028862858 51.89132539030247 2.5
      vertex 74.43059868916689 52.35114100916989 1.5249999999999986
      vertex 73.90473764282316 52.73320142316 2.5
    endloop
  endfacet
  facet normal 0.7217910109242188 -0.4167262344557479 -0.5525911527208222
    outer loop
      vertex 73.41868028862858 51.89132539030247 3.25
      vertex 73.90473764282316 52.73320142316 3.25
      vertex 74.30924614001064 52.439308797013766 4
    endloop
  endfacet
  facet normal 0.7217910109242188 -0.4167262344557567 -0.5525911527208157
    outer loop
      vertex 73.41868028862858 51.89132539030247 3.25
      vertex 74.30924614001064 52.439308797013766 4
      vertex 73.87545301744987 51.68795706876457 4
    endloop
  endfacet
  facet normal 0.9945218953682727 0.10452846326765888 0
    outer loop
      vertex 73.51666666666667 50 4
      vertex 73.51666666666667 50 10
      vertex 73.60735412362138 49.1371664831063 4
    endloop
  endfacet
  facet normal 0.9945218953682727 -0.10452846326765888 0
    outer loop
      vertex 73.51666666666667 50 4
      vertex 73.60735412362138 50.8628335168937 4
      vertex 73.60735412362138 50.8628335168937 10
    endloop
  endfacet
  facet normal 0.9945218953682727 -0.10452846326765888 0
    outer loop
      vertex 73.51666666666667 50 4
      vertex 73.60735412362138 50.8628335168937 10
      vertex 73.51666666666667 50 10
    endloop
  endfacet
  facet normal 0.9945218953682727 0.10452846326765888 0
    outer loop
      vertex 73.51666666666667 50 10
      vertex 73.60735412362138 49.1371664831063 10
      vertex 73.60735412362138 49.1371664831063 4
    endloop
  endfacet
  facet normal 0.9510565162951552 0.3090169943749425 0
    outer loop
      vertex 73.60735412362138 49.1371664831063 4
      vertex 73.60735412362138 49.1371664831063 10
      vertex 73.87545301744987 48.31204293123543 4
    endloop
  endfacet
  facet normal 0.9510565162951552 0.3090169943749425 0
    outer loop
      vertex 73.60735412362138 49.1371664831063 10
      vertex 73.87545301744987 48.31204293123543 10
      vertex 73.87545301744987 48.31204293123543 4
    endloop
  endfacet
  facet normal 0.9510565162951552 -0.3090169943749425 0
    outer loop
      vertex 73.60735412362138 50.8628335168937 4
      vertex 73.87545301744987 51.68795706876457 4
      vertex 73.87545301744987 51.68795706876457 10
    endloop
  endfacet
  facet normal 0.9510565162951552 -0.3090169943749425 0
    outer loop
      vertex 73.60735412362138 50.8628335168937 4
      vertex 73.87545301744987 51.68795706876457 10
      vertex 73.60735412362138 50.8628335168937 10
    endloop
  endfacet
  facet normal 0.9980267284282713 0.06279051952931611 0
    outer loop
      vertex 73.66666666666667 50 0.8000000000000007
      vertex 73.66666666666667 50 1.5249999999999986
      vertex 73.69820786140876 49.49866706574279 0.8000000000000007
    endloop
  endfacet
  facet normal 0 0 1
    outer loop
      vertex 73.66666666666667 50 0.8000000000000007
      vertex 73.69820786140876 49.49866706574279 0.8000000000000007
      vertex 73.69820786140876 50.50133293425721 0.8000000000000007
    endloop
  endfacet
  facet normal 0.9980267284282713 -0.06279051952931611 0
    outer loop
      vertex 73.66666666666667 50 0.8000000000000007
      vertex 73.69820786140876 50.50133293425721 0.8000000000000007
      vertex 73.66666666666667 50 1.5249999999999986
    endloop
  endfacet
  facet normal 0.9980267284282714 0.0627905195293161 0
    outer loop
      vertex 73.66666666666667 50 1.5249999999999986
      vertex 73.69820786140876 49.49866706574279 1.5567265298897706
      vertex 73.69820786140876 49.49866706574279 0.8000000000000007
    endloop
  endfacet
  facet normal 0.9980267284282714 -0.0627905195293161 0
    outer loop
      vertex 73.66666666666667 50 1.5249999999999986
      vertex 73.69820786140876 50.50133293425721 0.8000000000000007
      vertex 73.69820786140876 50.50133293425721 1.5567265298897706
    endloop
  endfacet
  facet normal 0.9822872507286935 0.18738131458569876 0
    outer loop
      vertex 73.69820786140876 49.49866706574279 0.8000000000000007
      vertex 73.69820786140876 49.49866706574279 1.5567265298897706
      vertex 73.76094027680534 49.16981222774721 1.5144739611862992
    endloop
  endfacet
  facet normal 0.9822872507286892 0.18738131458572235 1.1242670877241773e-14
    outer loop
      vertex 73.69820786140876 49.49866706574279 0.8000000000000007
      vertex 73.76094027680534 49.16981222774721 1.5144739611862992
      vertex 73.79233402215215 49.00524045134058 0.8000000000000007
    endloop
  endfacet
  facet normal 0 0 1
    outer loop
      vertex 73.69820786140876 49.49866706574279 0.8000000000000007
      vertex 73.79233402215215 49.00524045134058 0.8000000000000007
      vertex 73.79233402215215 50.99475954865942 0.8000000000000007
    endloop
  endfacet
  facet normal 0 0 1
    outer loop
      vertex 73.69820786140876 49.49866706574279 0.8000000000000007
      vertex 73.79233402215215 50.99475954865942 0.8000000000000007
      vertex 73.69820786140876 50.50133293425721 0.8000000000000007
    endloop
  endfacet
  facet normal 0.9822872507286935 -0.18738131458569876 0
    outer loop
      vertex 73.69820786140876 50.50133293425721 0.8000000000000007
      vertex 73.76094027680534 50.83018777225279 1.5144739611862992
      vertex 73.69820786140876 50.50133293425721 1.5567265298897706
    endloop
  endfacet
  facet normal 0.9822872507286892 -0.18738131458572235 1.1242670877241773e-14
    outer loop
      vertex 73.69820786140876 50.50133293425721 0.8000000000000007
      vertex 73.79233402215215 50.99475954865942 0.8000000000000007
      vertex 73.76094027680534 50.83018777225279 1.5144739611862992
    endloop
  endfacet
  facet normal 0.9822872507286802 0.18738131458576945 0
    outer loop
      vertex 73.76094027680534 49.16981222774721 1.5144739611862992
      vertex 73.79233402215215 49.00524045134058 1.5461448319618967
      vertex 73.79233402215215 49.00524045134058 0.8000000000000007
    endloop
  endfacet
  facet normal 0.9822872507286802 -0.18738131458576945 0
    outer loop
      vertex 73.76094027680534 50.83018777225279 1.5144739611862992
      vertex 73.79233402215215 50.99475954865942 0.8000000000000007
      vertex 73.79233402215215 50.99475954865942 1.5461448319618967
    endloop
  endfacet
  facet normal 0.9510565162951532 0.30901699437494834 0
    outer loop
      vertex 73.79233402215215 49.00524045134058 0.8000000000000007
      vertex 73.79233402215215 49.00524045134058 1.5461448319618967
      vertex 73.94756072311367 48.52750178926129 1.5461448319618967
    endloop
  endfacet
  facet normal 0 0 1
    outer loop
      vertex 73.79233402215215 49.00524045134058 0.8000000000000007
      vertex 73.94756072311367 48.52750178926129 0.8000000000000007
      vertex 73.94756072311367 51.47249821073871 0.8000000000000007
    endloop
  endfacet
  facet normal 0.9510565162951532 0.30901699437494834 0
    outer loop
      vertex 73.79233402215215 49.00524045134058 0.8000000000000007
      vertex 73.94756072311367 48.52750178926129 1.5461448319618967
      vertex 73.94756072311367 48.52750178926129 0.8000000000000007
    endloop
  endfacet
  facet normal 0 0 1
    outer loop
      vertex 73.79233402215215 49.00524045134058 0.8000000000000007
      vertex 73.94756072311367 51.47249821073871 0.8000000000000007
      vertex 73.79233402215215 50.99475954865942 0.8000000000000007
    endloop
  endfacet
  facet normal 0.9510565162951532 -0.30901699437494834 0
    outer loop
      vertex 73.79233402215215 50.99475954865942 0.8000000000000007
      vertex 73.94756072311367 51.47249821073871 0.8000000000000007
      vertex 73.79233402215215 50.99475954865942 1.5461448319618967
    endloop
  endfacet
  facet normal 0.9510565162951532 -0.30901699437494834 0
    outer loop
      vertex 73.79233402215215 50.99475954865942 1.5461448319618967
      vertex 73.94756072311367 51.47249821073871 0.8000000000000007
      vertex 73.94756072311367 51.47249821073871 1.5461448319618967
    endloop
  endfacet
  facet normal 0.866025403784435 0.5000000000000061 0
    outer loop
      vertex 73.87545301744987 48.31204293123543 4
      vertex 73.87545301744987 48.31204293123543 10
      vertex 74.30924614001064 47.560691202986234 4
    endloop
  endfacet
  facet normal 0.866025403784435 0.5000000000000061 0
    outer loop
      vertex 73.87545301744987 48.31204293123543 10
      vertex 74.30924614001064 47.560691202986234 10
      vertex 74.30924614001064 47.560691202986234 4
    endloop
  endfacet
  facet normal 0.866025403784435 -0.5000000000000061 0
    outer loop
      vertex 73.87545301744987 51.68795706876457 4
      vertex 74.30924614001064 52.439308797013766 4
      vertex 74.30924614001064 52.439308797013766 10
    endloop
  endfacet
  facet normal 0.866025403784435 -0.5000000000000061 0
    outer loop
      vertex 73.87545301744987 51.68795706876457 4
      vertex 74.30924614001064 52.439308797013766 10
      vertex 73.87545301744987 51.68795706876457 10
    endloop
  endfacet
  facet normal 0.7431448254773934 0.6691306063588591 0
    outer loop
      vertex 73.90473764282316 47.26679857684 2.5
      vertex 73.90473764282316 47.26679857684 3.25
      vertex 74.55520934709799 46.544376561530115 2.5
    endloop
  endfacet
  facet normal 0.619375889552938 0.557688555894039 0.5525911527208232
    outer loop
      vertex 73.90473764282316 47.26679857684 2.5
      vertex 74.55520934709799 46.544376561530115 2.5
      vertex 74.99483977105389 47.03263561227521 1.514473961186301
    endloop
  endfacet
  facet normal 0.6193758895529433 0.5576885558940348 0.5525911527208214
    outer loop
      vertex 73.90473764282316 47.26679857684 2.5
      vertex 74.75079215698102 47.26181157628525 1.5567265298897706
      vertex 74.43059868916689 47.64885899083011 1.5249999999999986
    endloop
  endfacet
  facet normal 0.6193758895529307 0.5576885558940604 0.5525911527208098
    outer loop
      vertex 73.90473764282316 47.26679857684 2.5
      vertex 74.99483977105389 47.03263561227521 1.514473961186301
      vertex 74.75079215698102 47.26181157628525 1.5567265298897706
    endloop
  endfacet
  facet normal 0.6193758895529431 0.557688555894035 -0.5525911527208214
    outer loop
      vertex 73.90473764282316 47.26679857684 3.25
      vertex 74.30924614001064 47.560691202986234 4
      vertex 74.8897746502774 46.915948974268815 4
    endloop
  endfacet
  facet normal 0.7431448254773934 0.6691306063588591 0
    outer loop
      vertex 73.90473764282316 47.26679857684 3.25
      vertex 74.55520934709799 46.544376561530115 3.25
      vertex 74.55520934709799 46.544376561530115 2.5
    endloop
  endfacet
  facet normal 0.6193758895529415 0.5576885558940422 -0.552591152720816
    outer loop
      vertex 73.90473764282316 47.26679857684 3.25
      vertex 74.8897746502774 46.915948974268815 4
      vertex 74.55520934709799 46.544376561530115 3.25
    endloop
  endfacet
  facet normal 0.6193758895529433 -0.5576885558940348 0.5525911527208214
    outer loop
      vertex 73.90473764282316 52.73320142316 2.5
      vertex 74.43059868916689 52.35114100916989 1.5249999999999986
      vertex 74.75079215698102 52.73818842371475 1.5567265298897706
    endloop
  endfacet
  facet normal 0.7431448254773934 -0.6691306063588591 0
    outer loop
      vertex 73.90473764282316 52.73320142316 2.5
      vertex 74.55520934709799 53.455623438469885 2.5
      vertex 74.55520934709799 53.455623438469885 3.25
    endloop
  endfacet
  facet normal 0.7431448254773934 -0.6691306063588591 0
    outer loop
      vertex 73.90473764282316 52.73320142316 2.5
      vertex 74.55520934709799 53.455623438469885 3.25
      vertex 73.90473764282316 52.73320142316 3.25
    endloop
  endfacet
  facet normal 0.6193758895529307 -0.5576885558940604 0.5525911527208098
    outer loop
      vertex 73.90473764282316 52.73320142316 2.5
      vertex 74.75079215698102 52.73818842371475 1.5567265298897706
      vertex 74.99483977105389 52.96736438772479 1.514473961186301
    endloop
  endfacet
  facet normal 0.619375889552938 -0.557688555894039 0.5525911527208232
    outer loop
      vertex 73.90473764282316 52.73320142316 2.5
      vertex 74.99483977105389 52.96736438772479 1.514473961186301
      vertex 74.55520934709799 53.455623438469885 2.5
    endloop
  endfacet
  facet normal 0.6193758895529415 -0.5576885558940422 -0.552591152720816
    outer loop
      vertex 73.90473764282316 52.73320142316 3.25
      vertex 74.55520934709799 53.455623438469885 3.25
      vertex 74.8897746502774 53.084051025731185 4
    endloop
  endfacet
  facet normal 0.6193758895529431 -0.557688555894035 -0.5525911527208214
    outer loop
      vertex 73.90473764282316 52.73320142316 3.25
      vertex 74.8897746502774 53.084051025731185 4
      vertex 74.30924614001064 52.439308797013766 4
    endloop
  endfacet
  facet normal 0.9048270524660263 0.42577929156505784 0
    outer loop
      vertex 73.94756072311367 48.52750178926129 0.8000000000000007
      vertex 73.94756072311367 48.52750178926129 1.5461448319618967
      vertex 74.01889551272642 48.37590764482478 1.5144739611862992
    endloop
  endfacet
  facet normal 0.904827052466024 0.425779291565063 1.3340400525016074e-15
    outer loop
      vertex 73.94756072311367 48.52750178926129 0.8000000000000007
      vertex 74.01889551272642 48.37590764482478 1.5144739611862992
      vertex 74.16143994649121 48.072985303593136 0.8000000000000007
    endloop
  endfacet
  facet normal 0 0 1
    outer loop
      vertex 73.94756072311367 48.52750178926129 0.8000000000000007
      vertex 74.16143994649121 48.072985303593136 0.8000000000000007
      vertex 74.16143994649121 51.927014696406864 0.8000000000000007
    endloop
  endfacet
  facet normal 0 0 1
    outer loop
      vertex 73.94756072311367 48.52750178926129 0.8000000000000007
      vertex 74.16143994649121 51.927014696406864 0.8000000000000007
      vertex 73.94756072311367 51.47249821073871 0.8000000000000007
    endloop
  endfacet
  facet normal 0.9048270524660263 -0.42577929156505784 0
    outer loop
      vertex 73.94756072311367 51.47249821073871 0.8000000000000007
      vertex 74.01889551272642 51.62409235517522 1.5144739611862992
      vertex 73.94756072311367 51.47249821073871 1.5461448319618967
    endloop
  endfacet
  facet normal 0.904827052466024 -0.425779291565063 1.3340400525016074e-15
    outer loop
      vertex 73.94756072311367 51.47249821073871 0.8000000000000007
      vertex 74.16143994649121 51.927014696406864 0.8000000000000007
      vertex 74.01889551272642 51.62409235517522 1.5144739611862992
    endloop
  endfacet
  facet normal 0.9048270524660229 0.4257792915650656 0
    outer loop
      vertex 74.01889551272642 48.37590764482478 1.5144739611862992
      vertex 74.16143994649121 48.072985303593136 1.5567265298897706
      vertex 74.16143994649121 48.072985303593136 0.8000000000000007
    endloop
  endfacet
  facet normal 0.9048270524660229 -0.4257792915650656 0
    outer loop
      vertex 74.01889551272642 51.62409235517522 1.5144739611862992
      vertex 74.16143994649121 51.927014696406864 0.8000000000000007
      vertex 74.16143994649121 51.927014696406864 1.5567265298897706
    endloop
  endfacet
  facet normal -0.8634855849936512 0.5043735168584604 0
    outer loop
      vertex 74.04399999976158 133.5084000006318 0
      vertex 74.04399999976158 133.5084000006318 10
      vertex 76.73197551071644 138.11020407825708 0
    endloop
  endfacet
  facet normal 0 0 -1
    outer loop
      vertex 74.04399999976158 133.5084000006318 0
      vertex 76.73197551071644 138.11020407825708 0
      vertex 96.69479999691248 132.45000000298023 0
    endloop
  endfacet
  facet normal 0 0 -1
    outer loop
      vertex 74.04399999976158 133.5084000006318 0
      vertex 96.69479999691248 132.45000000298023 0
      vertex 96.69479999691248 120 0
    endloop
  endfacet
  facet normal -0.8634855849936512 0.5043735168584604 0
    outer loop
      vertex 74.04399999976158 133.5084000006318 10
      vertex 76.73197551071644 138.11020407825708 10
      vertex 76.73197551071644 138.11020407825708 0
    endloop
  endfacet
  facet normal 0 0 1
    outer loop
      vertex 74.04399999976158 133.5084000006318 10
      vertex 96.69479999691248 120 10
      vertex 96.69479999691248 132.45000000298023 10
    endloop
  endfacet
  facet normal 0 0 1
    outer loop
      vertex 74.04399999976158 133.5084000006318 10
      vertex 96.69479999691248 132.45000000298023 10
      vertex 76.73197551071644 138.11020407825708 10
    endloop
  endfacet
  facet normal 0.8443279255020079 0.5358267949790081 0
    outer loop
      vertex 74.16143994649121 48.072985303593136 0.8000000000000007
      vertex 74.16143994649121 48.072985303593136 1.5567265298897706
      vertex 74.43059868916689 47.64885899083011 1.5249999999999986
    endloop
  endfacet
  facet normal 0 0 1
    outer loop
      vertex 74.16143994649121 48.072985303593136 0.8000000000000007
      vertex 74.43059868916689 47.64885899083011 0.8000000000000007
      vertex 74.43059868916689 52.35114100916989 0.8000000000000007
    endloop
  endfacet
  facet normal 0.8443279255020079 0.5358267949790081 0
    outer loop
      vertex 74.16143994649121 48.072985303593136 0.8000000000000007
      vertex 74.43059868916689 47.64885899083011 1.5249999999999986
      vertex 74.43059868916689 47.64885899083011 0.8000000000000007
    endloop
  endfacet
  facet normal 0 0 1
    outer loop
      vertex 74.16143994649121 48.072985303593136 0.8000000000000007
      vertex 74.43059868916689 52.35114100916989 0.8000000000000007
      vertex 74.16143994649121 51.927014696406864 0.8000000000000007
    endloop
  endfacet
  facet normal 0.8443279255020079 -0.5358267949790081 0
    outer loop
      vertex 74.16143994649121 51.927014696406864 0.8000000000000007
      vertex 74.43059868916689 52.35114100916989 0.8000000000000007
      vertex 74.16143994649121 51.927014696406864 1.5567265298897706
    endloop
  endfacet
  facet normal 0.8443279255020077 -0.5358267949790081 0
    outer loop
      vertex 74.16143994649121 51.927014696406864 1.5567265298897706
      vertex 74.43059868916689 52.35114100916989 0.8000000000000007
      vertex 74.43059868916689 52.35114100916989 1.5249999999999986
    endloop
  endfacet
  facet normal 0.7431448254773985 0.6691306063588535 0
    outer loop
      vertex 74.30924614001064 47.560691202986234 4
      vertex 74.30924614001064 47.560691202986234 10
      vertex 74.8897746502774 46.915948974268815 4
    endloop
  endfacet
  facet normal 0.7431448254773985 0.6691306063588535 0
    outer loop
      vertex 74.30924614001064 47.560691202986234 10
      vertex 74.8897746502774 46.915948974268815 10
      vertex 74.8897746502774 46.915948974268815 4
    endloop
  endfacet
  facet normal 0.7431448254773985 -0.6691306063588535 0
    outer loop
      vertex 74.30924614001064 52.439308797013766 4
      vertex 74.8897746502774 53.084051025731185 4
      vertex 74.8897746502774 53.084051025731185 10
    endloop
  endfacet
  facet normal 0.7431448254773985 -0.6691306063588535 0
    outer loop
      vertex 74.30924614001064 52.439308797013766 4
      vertex 74.8897746502774 53.084051025731185 10
      vertex 74.30924614001064 52.439308797013766 10
    endloop
  endfacet
  facet normal 0.770513242775795 0.6374239897486826 0
    outer loop
      vertex 74.43059868916689 47.64885899083011 0.8000000000000007
      vertex 74.43059868916689 47.64885899083011 1.5249999999999986
      vertex 74.75079215698102 47.26181157628525 0.8000000000000007
    endloop
  endfacet
  facet normal 0 0 1
    outer loop
      vertex 74.43059868916689 47.64885899083011 0.8000000000000007
      vertex 74.75079215698102 47.26181157628525 0.8000000000000007
      vertex 74.75079215698102 52.73818842371475 0.8000000000000007
    endloop
  endfacet
  facet normal 0 0 1
    outer loop
      vertex 74.43059868916689 47.64885899083011 0.8000000000000007
      vertex 74.75079215698102 52.73818842371475 0.8000000000000007
      vertex 74.43059868916689 52.35114100916989 0.8000000000000007
    endloop
  endfacet
  facet normal 0.770513242775795 0.6374239897486826 0
    outer loop
      vertex 74.43059868916689 47.64885899083011 1.5249999999999986
      vertex 74.75079215698102 47.26181157628525 1.5567265298897706
      vertex 74.75079215698102 47.26181157628525 0.8000000000000007
    endloop
  endfacet
  facet normal 0.770513242775795 -0.6374239897486826 0
    outer loop
      vertex 74.43059868916689 52.35114100916989 0.8000000000000007
      vertex 74.75079215698102 52.73818842371475 0.8000000000000007
      vertex 74.43059868916689 52.35114100916989 1.5249999999999986
    endloop
  endfacet
  facet normal 0.770513242775795 -0.6374239897486826 0
    outer loop
      vertex 74.43059868916689 52.35114100916989 1.5249999999999986
      vertex 74.75079215698102 52.73818842371475 0.8000000000000007
      vertex 74.75079215698102 52.73818842371475 1.5567265298897706
    endloop
  endfacet
  facet normal -0.8715090872990515 -0.49037935392425974 0
    outer loop
      vertex 74.53239999711514 221.47439999878407 0
      vertex 77.09080000221729 216.9275755137205 0
      vertex 77.09080000221729 216.9275755137205 10
    endloop
  endfacet
  facet normal -0.8715090872990515 -0.49037935392425974 0
    outer loop
      vertex 74.53239999711514 221.47439999878407 0
      vertex 77.09080000221729 216.9275755137205 10
      vertex 74.53239999711514 221.47439999878407 10
    endloop
  endfacet
  facet normal 0 0 -1
    outer loop
      vertex 74.53239999711514 221.47439999878407 0
      vertex 100.0307999998331 216.0227999985218 0
      vertex 77.09080000221729 216.9275755137205 0
    endloop
  endfacet
  facet normal 0 0 -1
    outer loop
      vertex 74.53239999711514 221.47439999878407 0
      vertex 127.12919999659061 234.65760000050068 0
      vertex 100.0307999998331 216.0227999985218 0
    endloop
  endfacet
  facet normal 0 0 1
    outer loop
      vertex 74.53239999711514 221.47439999878407 10
      vertex 77.09080000221729 216.9275755137205 10
      vertex 100.0307999998331 216.0227999985218 10
    endloop
  endfacet
  facet normal 0 0 1
    outer loop
      vertex 74.53239999711514 221.47439999878407 10
      vertex 100.0307999998331 216.0227999985218 10
      vertex 127.12919999659061 234.65760000050068 10
    endloop
  endfacet
  facet normal 0.5877852522924774 0.8090169943749443 0
    outer loop
      vertex 74.55520934709799 46.544376561530115 2.5
      vertex 74.55520934709799 46.544376561530115 3.25
      vertex 75.34166666666667 45.97298187240236 3.25
    endloop
  endfacet
  facet normal 0.4898910697129616 0.6742772113531349 0.5525911527208252
    outer loop
      vertex 74.55520934709799 46.544376561530115 2.5
      vertex 75.11697070767191 46.91794702889684 1.5461448319618967
      vertex 74.99483977105389 47.03263561227521 1.514473961186301
    endloop
  endfacet
  facet normal 0.48989106971293384 0.6742772113531579 0.5525911527208216
    outer loop
      vertex 74.55520934709799 46.544376561530115 2.5
      vertex 75.34166666666667 45.97298187240236 2.5
      vertex 75.52335948675068 46.62268829799194 1.5461448319618967
    endloop
  endfacet
  facet normal 0.5877852522924774 0.8090169943749443 0
    outer loop
      vertex 74.55520934709799 46.544376561530115 2.5
      vertex 75.34166666666667 45.97298187240236 3.25
      vertex 75.34166666666667 45.97298187240236 2.5
    endloop
  endfacet
  facet normal 0.4898910697129296 0.6742772113531639 0.5525911527208178
    outer loop
      vertex 74.55520934709799 46.544376561530115 2.5
      vertex 75.52335948675068 46.62268829799194 1.5461448319618967
      vertex 75.11697070767191 46.91794702889684 1.5461448319618967
    endloop
  endfacet
  facet normal 0.4898910697129352 0.6742772113531599 -0.5525911527208179
    outer loop
      vertex 74.55520934709799 46.544376561530115 3.25
      vertex 74.8897746502774 46.915948974268815 4
      vertex 75.34166666666667 45.97298187240236 3.25
    endloop
  endfacet
  facet normal 0.4898910697129616 -0.6742772113531349 0.5525911527208252
    outer loop
      vertex 74.55520934709799 53.455623438469885 2.5
      vertex 74.99483977105389 52.96736438772479 1.514473961186301
      vertex 75.11697070767191 53.08205297110316 1.5461448319618967
    endloop
  endfacet
  facet normal 0.4898910697129348 -0.6742772113531592 0.5525911527208189
    outer loop
      vertex 74.55520934709799 53.455623438469885 2.5
      vertex 75.11697070767191 53.08205297110316 1.5461448319618967
      vertex 75.34166666666667 54.02701812759764 2.5
    endloop
  endfacet
  facet normal 0.5877852522924774 -0.8090169943749443 0
    outer loop
      vertex 74.55520934709799 53.455623438469885 2.5
      vertex 75.34166666666667 54.02701812759764 2.5
      vertex 74.55520934709799 53.455623438469885 3.25
    endloop
  endfacet
  facet normal 0.5877852522924774 -0.8090169943749443 0
    outer loop
      vertex 74.55520934709799 53.455623438469885 3.25
      vertex 75.34166666666667 54.02701812759764 2.5
      vertex 75.34166666666667 54.02701812759764 3.25
    endloop
  endfacet
  facet normal 0.4898910697129352 -0.6742772113531599 -0.5525911527208179
    outer loop
      vertex 74.55520934709799 53.455623438469885 3.25
      vertex 75.34166666666667 54.02701812759764 3.25
      vertex 74.8897746502774 53.084051025731185 4
    endloop
  endfacet
  facet normal 0.6845471059286738 0.7289686274214254 0
    outer loop
      vertex 74.75079215698102 47.26181157628525 0.8000000000000007
      vertex 74.75079215698102 47.26181157628525 1.5567265298897706
      vertex 74.99483977105389 47.03263561227521 1.514473961186301
    endloop
  endfacet
  facet normal 0.6845471059286906 0.7289686274214097 -1.0749656075230199e-14
    outer loop
      vertex 74.75079215698102 47.26181157628525 0.8000000000000007
      vertex 74.99483977105389 47.03263561227521 1.514473961186301
      vertex 75.11697070767191 46.91794702889684 0.8000000000000007
    endloop
  endfacet
  facet normal 0 0 1
    outer loop
      vertex 74.75079215698102 47.26181157628525 0.8000000000000007
      vertex 75.11697070767191 46.91794702889684 0.8000000000000007
      vertex 75.11697070767191 53.08205297110316 0.8000000000000007
    endloop
  endfacet
  facet normal 0 0 1
    outer loop
      vertex 74.75079215698102 47.26181157628525 0.8000000000000007
      vertex 75.11697070767191 53.08205297110316 0.8000000000000007
      vertex 74.75079215698102 52.73818842371475 0.8000000000000007
    endloop
  endfacet
  facet normal 0.6845471059286738 -0.7289686274214254 0
    outer loop
      vertex 74.75079215698102 52.73818842371475 0.8000000000000007
      vertex 74.99483977105389 52.96736438772479 1.514473961186301
      vertex 74.75079215698102 52.73818842371475 1.5567265298897706
    endloop
  endfacet
  facet normal 0.6845471059286906 -0.7289686274214097 -1.0749656075230199e-14
    outer loop
      vertex 74.75079215698102 52.73818842371475 0.8000000000000007
      vertex 75.11697070767191 53.08205297110316 0.8000000000000007
      vertex 74.99483977105389 52.96736438772479 1.514473961186301
    endloop
  endfacet
  facet normal 0.5877852522924704 0.8090169943749494 0
    outer loop
      vertex 74.8897746502774 46.915948974268815 4
      vertex 74.8897746502774 46.915948974268815 10
      vertex 75.59166666666667 46.40599457429458 4
    endloop
  endfacet
  facet normal 0.48989106971292684 0.6742772113531608 -0.552591152720824
    outer loop
      vertex 74.8897746502774 46.915948974268815 4
      vertex 75.59166666666667 46.40599457429458 4
      vertex 75.34166666666667 45.97298187240236 3.25
    endloop
  endfacet
  facet normal 0.5877852522924704 0.8090169943749494 0
    outer loop
      vertex 74.8897746502774 46.915948974268815 10
      vertex 75.59166666666667 46.40599457429458 10
      vertex 75.59166666666667 46.40599457429458 4
    endloop
  endfacet
  facet normal 0.48989106971292684 -0.6742772113531608 -0.552591152720824
    outer loop
      vertex 74.8897746502774 53.084051025731185 4
      vertex 75.34166666666667 54.02701812759764 3.25
      vertex 75.59166666666667 53.59400542570542 4
    endloop
  endfacet
  facet normal 0.5877852522924704 -0.8090169943749494 0
    outer loop
      vertex 74.8897746502774 53.084051025731185 4
      vertex 75.59166666666667 53.59400542570542 4
      vertex 75.59166666666667 53.59400542570542 10
    endloop
  endfacet
  facet normal 0.5877852522924704 -0.8090169943749494 0
    outer loop
      vertex 74.8897746502774 53.084051025731185 4
      vertex 75.59166666666667 53.59400542570542 10
      vertex 74.8897746502774 53.084051025731185 10
    endloop
  endfacet
  facet normal 0.6845471059287239 0.7289686274213782 0
    outer loop
      vertex 74.99483977105389 47.03263561227521 1.514473961186301
      vertex 75.11697070767191 46.91794702889684 1.5461448319618967
      vertex 75.11697070767191 46.91794702889684 0.8000000000000007
    endloop
  endfacet
  facet normal 0.6845471059287239 -0.7289686274213782 0
    outer loop
      vertex 74.99483977105389 52.96736438772479 1.514473961186301
      vertex 75.11697070767191 53.08205297110316 0.8000000000000007
      vertex 75.11697070767191 53.08205297110316 1.5461448319618967
    endloop
  endfacet
  facet normal 0.5877852522924707 0.8090169943749492 0
    outer loop
      vertex 75.11697070767191 46.91794702889684 0.8000000000000007
      vertex 75.11697070767191 46.91794702889684 1.5461448319618967
      vertex 75.52335948675068 46.62268829799194 1.5461448319618967
    endloop
  endfacet
  facet normal 0 0 1
    outer loop
      vertex 75.11697070767191 46.91794702889684 0.8000000000000007
      vertex 75.52335948675068 46.62268829799194 0.8000000000000007
      vertex 75.52335948675068 53.37731170200806 0.8000000000000007
    endloop
  endfacet
  facet normal 0.5877852522924707 0.8090169943749492 0
    outer loop
      vertex 75.11697070767191 46.91794702889684 0.8000000000000007
      vertex 75.52335948675068 46.62268829799194 1.5461448319618967
      vertex 75.52335948675068 46.62268829799194 0.8000000000000007
    endloop
  endfacet
  facet normal 0 0 1
    outer loop
      vertex 75.11697070767191 46.91794702889684 0.8000000000000007
      vertex 75.52335948675068 53.37731170200806 0.8000000000000007
      vertex 75.11697070767191 53.08205297110316 0.8000000000000007
    endloop
  endfacet
  facet normal 0.5877852522924707 -0.8090169943749492 0
    outer loop
      vertex 75.11697070767191 53.08205297110316 0.8000000000000007
      vertex 75.52335948675068 53.37731170200806 0.8000000000000007
      vertex 75.11697070767191 53.08205297110316 1.5461448319618967
    endloop
  endfacet
  facet normal 0.5877852522924707 -0.8090169943749492 0
    outer loop
      vertex 75.11697070767191 53.08205297110316 1.5461448319618967
      vertex 75.52335948675068 53.37731170200806 0.8000000000000007
      vertex 75.52335948675068 53.37731170200806 1.5461448319618967
    endloop
  endfacet
  facet normal 0.48989106971292773 -0.6742772113531614 0.5525911527208227
    outer loop
      vertex 75.11697070767191 53.08205297110316 1.5461448319618967
      vertex 75.52335948675068 53.37731170200806 1.5461448319618967
      vertex 75.34166666666667 54.02701812759764 2.5
    endloop
  endfacet
  facet normal 0.40673664307579516 0.9135454576426032 0
    outer loop
      vertex 75.34166666666667 45.97298187240236 2.5
      vertex 75.34166666666667 45.97298187240236 3.25
      vertex 76.22973764282317 45.57758719922754 3.25
    endloop
  endfacet
  facet normal 0.489891069712929 0.6742772113531607 0.5525911527208225
    outer loop
      vertex 75.34166666666667 45.97298187240236 2.5
      vertex 75.67017534627124 46.541975596204836 1.5144739611862992
      vertex 75.52335948675068 46.62268829799194 1.5461448319618967
    endloop
  endfacet
  facet normal 0.33899565936829595 0.7613967171351129 0.5525911527208223
    outer loop
      vertex 75.34166666666667 45.97298187240236 2.5
      vertex 75.96354950040639 46.38069179013592 1.5567265298897706
      vertex 75.67017534627124 46.541975596204836 1.5144739611862992
    endloop
  endfacet
  facet normal 0.3389956593682965 0.7613967171351126 0.5525911527208225
    outer loop
      vertex 75.34166666666667 45.97298187240236 2.5
      vertex 76.22973764282317 45.57758719922754 2.5
      vertex 75.96354950040639 46.38069179013592 1.5567265298897706
    endloop
  endfacet
  facet normal 0.40673664307579516 0.9135454576426032 0
    outer loop
      vertex 75.34166666666667 45.97298187240236 2.5
      vertex 76.22973764282317 45.57758719922754 3.25
      vertex 76.22973764282317 45.57758719922754 2.5
    endloop
  endfacet
  facet normal 0.33899565936829607 0.7613967171351116 -0.5525911527208242
    outer loop
      vertex 75.34166666666667 45.97298187240236 3.25
      vertex 75.59166666666667 46.40599457429458 4
      vertex 76.22973764282317 45.57758719922754 3.25
    endloop
  endfacet
  facet normal 0.489891069712929 -0.6742772113531607 0.5525911527208225
    outer loop
      vertex 75.34166666666667 54.02701812759764 2.5
      vertex 75.52335948675068 53.37731170200806 1.5461448319618967
      vertex 75.67017534627124 53.458024403795164 1.5144739611862992
    endloop
  endfacet
  facet normal 0.3389956593682965 -0.7613967171351127 0.5525911527208222
    outer loop
      vertex 75.34166666666667 54.02701812759764 2.5
      vertex 75.67017534627124 53.458024403795164 1.5144739611862992
      vertex 76.22973764282317 54.42241280077246 2.5
    endloop
  endfacet
  facet normal 0.40673664307579516 -0.9135454576426032 0
    outer loop
      vertex 75.34166666666667 54.02701812759764 2.5
      vertex 76.22973764282317 54.42241280077246 2.5
      vertex 75.34166666666667 54.02701812759764 3.25
    endloop
  endfacet
  facet normal 0.40673664307579516 -0.9135454576426032 0
    outer loop
      vertex 75.34166666666667 54.02701812759764 3.25
      vertex 76.22973764282317 54.42241280077246 2.5
      vertex 76.22973764282317 54.42241280077246 3.25
    endloop
  endfacet
  facet normal 0.33899565936829607 -0.7613967171351116 -0.5525911527208242
    outer loop
      vertex 75.34166666666667 54.02701812759764 3.25
      vertex 76.22973764282317 54.42241280077246 3.25
      vertex 75.59166666666667 53.59400542570542 4
    endloop
  endfacet
  facet normal 0.48175367410171444 0.876306680043864 0
    outer loop
      vertex 75.52335948675068 46.62268829799194 0.8000000000000007
      vertex 75.52335948675068 46.62268829799194 1.5461448319618967
      vertex 75.67017534627124 46.541975596204836 1.5144739611862992
    endloop
  endfacet
  facet normal 0.48175367410171144 0.8763066800438656 7.926904659791934e-16
    outer loop
      vertex 75.52335948675068 46.62268829799194 0.8000000000000007
      vertex 75.67017534627124 46.541975596204836 1.5144739611862992
      vertex 75.96354950040639 46.38069179013592 0.8000000000000007
    endloop
  endfacet
  facet normal 0 0 1
    outer loop
      vertex 75.52335948675068 46.62268829799194 0.8000000000000007
      vertex 75.96354950040639 46.38069179013592 0.8000000000000007
      vertex 75.96354950040639 53.61930820986408 0.8000000000000007
    endloop
  endfacet
  facet normal 0 0 1
    outer loop
      vertex 75.52335948675068 46.62268829799194 0.8000000000000007
      vertex 75.96354950040639 53.61930820986408 0.8000000000000007
      vertex 75.52335948675068 53.37731170200806 0.8000000000000007
    endloop
  endfacet
  facet normal 0.48175367410171444 -0.876306680043864 0
    outer loop
      vertex 75.52335948675068 53.37731170200806 0.8000000000000007
      vertex 75.67017534627124 53.458024403795164 1.5144739611862992
      vertex 75.52335948675068 53.37731170200806 1.5461448319618967
    endloop
  endfacet
  facet normal 0.48175367410171144 -0.8763066800438656 7.926904659791934e-16
    outer loop
      vertex 75.52335948675068 53.37731170200806 0.8000000000000007
      vertex 75.96354950040639 53.61930820986408 0.8000000000000007
      vertex 75.67017534627124 53.458024403795164 1.5144739611862992
    endloop
  endfacet
  facet normal 0.406736643075797 0.9135454576426024 0
    outer loop
      vertex 75.59166666666667 46.40599457429458 4
      vertex 75.59166666666667 46.40599457429458 10
      vertex 76.38424614001065 46.053115457375114 4
    endloop
  endfacet
  facet normal 0.33899565936829795 0.7613967171351118 -0.5525911527208227
    outer loop
      vertex 75.59166666666667 46.40599457429458 4
      vertex 76.38424614001065 46.053115457375114 4
      vertex 76.22973764282317 45.57758719922754 3.25
    endloop
  endfacet
  facet normal 0.406736643075797 0.9135454576426024 0
    outer loop
      vertex 75.59166666666667 46.40599457429458 10
      vertex 76.38424614001065 46.053115457375114 10
      vertex 76.38424614001065 46.053115457375114 4
    endloop
  endfacet
  facet normal 0.33899565936829795 -0.7613967171351118 -0.5525911527208227
    outer loop
      vertex 75.59166666666667 53.59400542570542 4
      vertex 76.22973764282317 54.42241280077246 3.25
      vertex 76.38424614001065 53.946884542624886 4
    endloop
  endfacet
  facet normal 0.406736643075797 -0.9135454576426024 0
    outer loop
      vertex 75.59166666666667 53.59400542570542 4
      vertex 76.38424614001065 53.946884542624886 4
      vertex 76.38424614001065 53.946884542624886 10
    endloop
  endfacet
  facet normal 0.406736643075797 -0.9135454576426024 0
    outer loop
      vertex 75.59166666666667 53.59400542570542 4
      vertex 76.38424614001065 53.946884542624886 10
      vertex 75.59166666666667 53.59400542570542 10
    endloop
  endfacet
  facet normal 0.48175367410170994 0.8763066800438665 0
    outer loop
      vertex 75.67017534627124 46.541975596204836 1.5144739611862992
      vertex 75.96354950040639 46.38069179013592 1.5567265298897706
      vertex 75.96354950040639 46.38069179013592 0.8000000000000007
    endloop
  endfacet
  facet normal 0.48175367410170994 -0.8763066800438665 0
    outer loop
      vertex 75.67017534627124 53.458024403795164 1.5144739611862992
      vertex 75.96354950040639 53.61930820986408 0.8000000000000007
      vertex 75.96354950040639 53.61930820986408 1.5567265298897706
    endloop
  endfacet
  facet normal 0.33899565936829595 -0.7613967171351126 0.5525911527208227
    outer loop
      vertex 75.67017534627124 53.458024403795164 1.5144739611862992
      vertex 75.96354950040639 53.61930820986408 1.5567265298897706
      vertex 76.22973764282317 54.42241280077246 2.5
    endloop
  endfacet
  facet normal 0.3681245526846769 0.9297764858882518 0
    outer loop
      vertex 75.96354950040639 46.38069179013592 0.8000000000000007
      vertex 75.96354950040639 46.38069179013592 1.5567265298897706
      vertex 76.43059868916689 46.195773934819385 1.5250000000000004
    endloop
  endfacet
  facet normal 0 0 1
    outer loop
      vertex 75.96354950040639 46.38069179013592 0.8000000000000007
      vertex 76.43059868916689 46.195773934819385 0.8000000000000007
      vertex 76.43059868916689 53.804226065180615 0.8000000000000007
    endloop
  endfacet
  facet normal 0.36812455268467686 0.9297764858882518 0
    outer loop
      vertex 75.96354950040639 46.38069179013592 0.8000000000000007
      vertex 76.43059868916689 46.195773934819385 1.5250000000000004
      vertex 76.43059868916689 46.195773934819385 0.8000000000000007
    endloop
  endfacet
  facet normal 0 0 1
    outer loop
      vertex 75.96354950040639 46.38069179013592 0.8000000000000007
      vertex 76.43059868916689 53.804226065180615 0.8000000000000007
      vertex 75.96354950040639 53.61930820986408 0.8000000000000007
    endloop
  endfacet
  facet normal 0.3389956593683 0.761396717135112 0.5525911527208209
    outer loop
      vertex 75.96354950040639 46.38069179013592 1.5567265298897706
      vertex 76.22973764282317 45.57758719922754 2.5
      vertex 76.43059868916689 46.195773934819385 1.5250000000000004
    endloop
  endfacet
  facet normal 0.3681245526846769 -0.9297764858882518 0
    outer loop
      vertex 75.96354950040639 53.61930820986408 0.8000000000000007
      vertex 76.43059868916689 53.804226065180615 0.8000000000000007
      vertex 75.96354950040639 53.61930820986408 1.5567265298897706
    endloop
  endfacet
  facet normal 0.36812455268467686 -0.9297764858882518 0
    outer loop
      vertex 75.96354950040639 53.61930820986408 1.5567265298897706
      vertex 76.43059868916689 53.804226065180615 0.8000000000000007
      vertex 76.43059868916689 53.804226065180615 1.5250000000000004
    endloop
  endfacet
  facet normal 0.3389956593683 -0.761396717135112 0.5525911527208209
    outer loop
      vertex 75.96354950040639 53.61930820986408 1.5567265298897706
      vertex 76.43059868916689 53.804226065180615 1.5250000000000004
      vertex 76.22973764282317 54.42241280077246 2.5
    endloop
  endfacet
  facet normal 0.2079116908177627 0.9781476007338049 0
    outer loop
      vertex 76.22973764282317 45.57758719922754 2.5
      vertex 76.22973764282317 45.57758719922754 3.25
      vertex 77.18060931247209 45.375473186537526 3.25
    endloop
  endfacet
  facet normal 0.17328451202762837 0.8152395327914498 0.5525911527208208
    outer loop
      vertex 76.22973764282317 45.57758719922754 2.5
      vertex 76.91714140832377 46.070850997085245 1.5567265298897706
      vertex 76.43059868916689 46.195773934819385 1.5250000000000004
    endloop
  endfacet
  facet normal 0.17328451202762868 0.8152395327914496 0.5525911527208208
    outer loop
      vertex 76.22973764282317 45.57758719922754 2.5
      vertex 77.18060931247209 45.375473186537526 2.5
      vertex 76.91714140832377 46.070850997085245 1.5567265298897706
    endloop
  endfacet
  facet normal 0.2079116908177627 0.9781476007338049 0
    outer loop
      vertex 76.22973764282317 45.57758719922754 2.5
      vertex 77.18060931247209 45.375473186537526 3.25
      vertex 77.18060931247209 45.375473186537526 2.5
    endloop
  endfacet
  facet normal 0.17328451202762857 0.8152395327914489 -0.5525911527208219
    outer loop
      vertex 76.22973764282317 45.57758719922754 3.25
      vertex 76.38424614001065 46.053115457375114 4
      vertex 77.18060931247209 45.375473186537526 3.25
    endloop
  endfacet
  facet normal 0.17328451202762873 -0.8152395327914497 0.5525911527208207
    outer loop
      vertex 76.22973764282317 54.42241280077246 2.5
      vertex 76.43059868916689 53.804226065180615 1.5250000000000004
      vertex 77.18060931247209 54.624526813462474 2.5
    endloop
  endfacet
  facet normal 0.2079116908177627 -0.9781476007338049 0
    outer loop
      vertex 76.22973764282317 54.42241280077246 2.5
      vertex 77.18060931247209 54.624526813462474 2.5
      vertex 76.22973764282317 54.42241280077246 3.25
    endloop
  endfacet
  facet normal 0.2079116908177627 -0.9781476007338049 0
    outer loop
      vertex 76.22973764282317 54.42241280077246 3.25
      vertex 77.18060931247209 54.624526813462474 2.5
      vertex 77.18060931247209 54.624526813462474 3.25
    endloop
  endfacet
  facet normal 0.17328451202762857 -0.8152395327914489 -0.5525911527208219
    outer loop
      vertex 76.22973764282317 54.42241280077246 3.25
      vertex 77.18060931247209 54.624526813462474 3.25
      vertex 76.38424614001065 53.946884542624886 4
    endloop
  endfacet
  facet normal 0.2079116908177605 0.9781476007338054 0
    outer loop
      vertex 76.38424614001065 46.053115457375114 4
      vertex 76.38424614001065 46.053115457375114 10
      vertex 77.23287354410591 45.872734134221666 4
    endloop
  endfacet
  facet normal 0.17328451202762654 0.8152395327914482 -0.5525911527208236
    outer loop
      vertex 76.38424614001065 46.053115457375114 4
      vertex 77.23287354410591 45.872734134221666 4
      vertex 77.18060931247209 45.375473186537526 3.25
    endloop
  endfacet
  facet normal 0.2079116908177605 0.9781476007338054 0
    outer loop
      vertex 76.38424614001065 46.053115457375114 10
      vertex 77.23287354410591 45.872734134221666 10
      vertex 77.23287354410591 45.872734134221666 4
    endloop
  endfacet
  facet normal 0.17328451202762654 -0.8152395327914482 -0.5525911527208236
    outer loop
      vertex 76.38424614001065 53.946884542624886 4
      vertex 77.18060931247209 54.624526813462474 3.25
      vertex 77.23287354410591 54.127265865778334 4
    endloop
  endfacet
  facet normal 0.2079116908177605 -0.9781476007338054 0
    outer loop
      vertex 76.38424614001065 53.946884542624886 4
      vertex 77.23287354410591 54.127265865778334 4
      vertex 77.23287354410591 54.127265865778334 10
    endloop
  endfacet
  facet normal 0.2079116908177605 -0.9781476007338054 0
    outer loop
      vertex 76.38424614001065 53.946884542624886 4
      vertex 77.23287354410591 54.127265865778334 10
      vertex 76.38424614001065 53.946884542624886 10
    endloop
  endfacet
  facet normal 0.24868988716485743 0.9685831611286305 0
    outer loop
      vertex 76.43059868916689 46.195773934819385 0.8000000000000007
      vertex 76.43059868916689 46.195773934819385 1.5250000000000004
      vertex 76.91714140832377 46.070850997085245 1.5567265298897706
    endloop
  endfacet
  facet normal 0 0 1
    outer loop
      vertex 76.43059868916689 46.195773934819385 0.8000000000000007
      vertex 76.91714140832377 46.070850997085245 0.8000000000000007
      vertex 76.91714140832377 53.929149002914755 0.8000000000000007
    endloop
  endfacet
  facet normal 0.24868988716485743 0.9685831611286305 0
    outer loop
      vertex 76.43059868916689 46.195773934819385 0.8000000000000007
      vertex 76.91714140832377 46.070850997085245 1.5567265298897706
      vertex 76.91714140832377 46.070850997085245 0.8000000000000007
    endloop
  endfacet
  facet normal 0 0 1
    outer loop
      vertex 76.43059868916689 46.195773934819385 0.8000000000000007
      vertex 76.91714140832377 53.929149002914755 0.8000000000000007
      vertex 76.43059868916689 53.804226065180615 0.8000000000000007
    endloop
  endfacet
  facet normal 0.24868988716485743 -0.9685831611286305 0
    outer loop
      vertex 76.43059868916689 53.804226065180615 0.8000000000000007
      vertex 76.91714140832377 53.929149002914755 0.8000000000000007
      vertex 76.43059868916689 53.804226065180615 1.5250000000000004
    endloop
  endfacet
  facet normal 0.24868988716485746 -0.9685831611286305 0
    outer loop
      vertex 76.43059868916689 53.804226065180615 1.5250000000000004
      vertex 76.91714140832377 53.929149002914755 0.8000000000000007
      vertex 76.91714140832377 53.929149002914755 1.5567265298897688
    endloop
  endfacet
  facet normal 0.17328451202763054 -0.81523953279145 0.5525911527208197
    outer loop
      vertex 76.43059868916689 53.804226065180615 1.5250000000000004
      vertex 76.91714140832377 53.929149002914755 1.5567265298897688
      vertex 77.18060931247209 54.624526813462474 2.5
    endloop
  endfacet
  facet normal -0.9149495631248825 0.40356820605392935 0
    outer loop
      vertex 76.73197551071644 138.11020407825708 0
      vertex 76.73197551071644 138.11020407825708 10
      vertex 79.00641632825136 143.26670204102993 0
    endloop
  endfacet
  facet normal 0 0 -1
    outer loop
      vertex 76.73197551071644 138.11020407825708 0
      vertex 79.00641632825136 143.26670204102993 0
      vertex 96.69479999691248 132.45000000298023 0
    endloop
  endfacet
  facet normal -0.9149495631248825 0.40356820605392935 0
    outer loop
      vertex 76.73197551071644 138.11020407825708 10
      vertex 79.00641632825136 143.26670204102993 10
      vertex 79.00641632825136 143.26670204102993 0
    endloop
  endfacet
  facet normal 0 0 1
    outer loop
      vertex 76.73197551071644 138.11020407825708 10
      vertex 96.69479999691248 132.45000000298023 10
      vertex 79.00641632825136 143.26670204102993 10
    endloop
  endfacet
  facet normal 0.12533323356429388 0.992114701314479 0
    outer loop
      vertex 76.91714140832377 46.070850997085245 0.8000000000000007
      vertex 76.91714140832377 46.070850997085245 1.5567265298897706
      vertex 77.24928632737038 46.02889133590806 1.5144739611862992
    endloop
  endfacet
  facet normal 0.12533323356430293 0.992114701314478 -4.2631279938637625e-15
    outer loop
      vertex 76.91714140832377 46.070850997085245 0.8000000000000007
      vertex 77.24928632737038 46.02889133590806 1.5144739611862992
      vertex 77.41550458854942 46.00789308628691 0.8000000000000007
    endloop
  endfacet
  facet normal 0 0 1
    outer loop
      vertex 76.91714140832377 46.070850997085245 0.8000000000000007
      vertex 77.41550458854941 53.99210691371309 0.8000000000000007
      vertex 76.91714140832377 53.929149002914755 0.8000000000000007
    endloop
  endfacet
  facet normal 0 0 1
    outer loop
      vertex 76.91714140832377 46.070850997085245 0.8000000000000007
      vertex 77.41550458854942 46.00789308628691 0.8000000000000007
      vertex 77.41550458854941 53.99210691371309 0.8000000000000007
    endloop
  endfacet
  facet normal 0.17328451202761908 0.8152395327914497 0.5525911527208237
    outer loop
      vertex 76.91714140832377 46.070850997085245 1.5567265298897706
      vertex 77.18060931247209 45.375473186537526 2.5
      vertex 77.24928632737038 46.02889133590806 1.5144739611862992
    endloop
  endfacet
  facet normal 0.1253332335642939 -0.9921147013144792 0
    outer loop
      vertex 76.91714140832377 53.929149002914755 0.8000000000000007
      vertex 77.24928632737038 53.97110866409194 1.5144739611862992
      vertex 76.91714140832377 53.929149002914755 1.5567265298897688
    endloop
  endfacet
  facet normal 0.12533323356430645 -0.9921147013144775 -5.925844581039819e-15
    outer loop
      vertex 76.91714140832377 53.929149002914755 0.8000000000000007
      vertex 77.41550458854941 53.99210691371309 0.8000000000000007
      vertex 77.24928632737038 53.97110866409194 1.5144739611862992
    endloop
  endfacet
  facet normal 0.1732845120276162 -0.8152395327914502 0.5525911527208238
    outer loop
      vertex 76.91714140832377 53.929149002914755 1.5567265298897688
      vertex 77.24928632737038 53.97110866409194 1.5144739611862992
      vertex 77.18060931247209 54.624526813462474 2.5
    endloop
  endfacet
  facet normal -0.9213659821690707 -0.38869618843207576 0
    outer loop
      vertex 77.09080000221729 216.9275755137205 0
      vertex 79.25559999793768 211.79613061249256 0
      vertex 79.25559999793768 211.79613061249256 10
    endloop
  endfacet
  facet normal -0.9213659821690707 -0.38869618843207576 0
    outer loop
      vertex 77.09080000221729 216.9275755137205 0
      vertex 79.25559999793768 211.79613061249256 10
      vertex 77.09080000221729 216.9275755137205 10
    endloop
  endfacet
  facet normal 0 0 -1
    outer loop
      vertex 77.09080000221729 216.9275755137205 0
      vertex 100.0307999998331 216.0227999985218 0
      vertex 79.25559999793768 211.79613061249256 0
    endloop
  endfacet
  facet normal 0 0 1
    outer loop
      vertex 77.09080000221729 216.9275755137205 10
      vertex 79.25559999793768 211.79613061249256 10
      vertex 100.0307999998331 216.0227999985218 10
    endloop
  endfacet
  facet normal 0 1 0
    outer loop
      vertex 77.18060931247209 45.375473186537526 2.5
      vertex 77.18060931247209 45.375473186537526 3.25
      vertex 78.15272402086126 45.375473186537526 3.25
    endloop
  endfacet
  facet normal 1.5051489699470122e-14 0.8334524689114973 0.5525911527208247
    outer loop
      vertex 77.18060931247209 45.375473186537526 2.5
      vertex 77.41550458854942 46.00789308628691 1.5461448319618967
      vertex 77.24928632737038 46.02889133590806 1.5144739611862992
    endloop
  endfacet
  facet normal 0 0.8334524689114989 0.552591152720822
    outer loop
      vertex 77.18060931247209 45.375473186537526 2.5
      vertex 77.91782874478392 46.00789308628691 1.5461448319618967
      vertex 77.41550458854942 46.00789308628691 1.5461448319618967
    endloop
  endfacet
  facet normal 0 0.8334524689114989 0.5525911527208219
    outer loop
      vertex 77.18060931247209 45.375473186537526 2.5
      vertex 78.15272402086126 45.375473186537526 2.5
      vertex 77.91782874478392 46.00789308628691 1.5461448319618967
    endloop
  endfacet
  facet normal 0 1 0
    outer loop
      vertex 77.18060931247209 45.375473186537526 2.5
      vertex 78.15272402086126 45.375473186537526 3.25
      vertex 78.15272402086126 45.375473186537526 2.5
    endloop
  endfacet
  facet normal 0 0.833452468911498 -0.5525911527208235
    outer loop
      vertex 77.18060931247209 45.375473186537526 3.25
      vertex 77.23287354410591 45.872734134221666 4
      vertex 78.10045978922743 45.872734134221666 4
    endloop
  endfacet
  facet normal 0 0.8334524689114979 -0.5525911527208235
    outer loop
      vertex 77.18060931247209 45.375473186537526 3.25
      vertex 78.10045978922743 45.872734134221666 4
      vertex 78.15272402086126 45.375473186537526 3.25
    endloop
  endfacet
  facet normal 1.505148969947139e-14 -0.8334524689114973 0.5525911527208246
    outer loop
      vertex 77.18060931247209 54.624526813462474 2.5
      vertex 77.24928632737038 53.97110866409194 1.5144739611862992
      vertex 77.41550458854941 53.99210691371309 1.5461448319618967
    endloop
  endfacet
  facet normal 0 -0.8334524689114989 0.5525911527208219
    outer loop
      vertex 77.18060931247209 54.624526813462474 2.5
      vertex 77.41550458854941 53.99210691371309 1.5461448319618967
      vertex 78.15272402086126 54.624526813462474 2.5
    endloop
  endfacet
  facet normal 0 -1 0
    outer loop
      vertex 77.18060931247209 54.624526813462474 2.5
      vertex 78.15272402086126 54.624526813462474 2.5
      vertex 77.18060931247209 54.624526813462474 3.25
    endloop
  endfacet
  facet normal 0 -1 0
    outer loop
      vertex 77.18060931247209 54.624526813462474 3.25
      vertex 78.15272402086126 54.624526813462474 2.5
      vertex 78.15272402086126 54.624526813462474 3.25
    endloop
  endfacet
  facet normal 0 -0.8334524689114979 -0.5525911527208235
    outer loop
      vertex 77.18060931247209 54.624526813462474 3.25
      vertex 78.15272402086126 54.624526813462474 3.25
      vertex 77.23287354410591 54.127265865778334 4
    endloop
  endfacet
  facet normal 0 1 0
    outer loop
      vertex 77.23287354410591 45.872734134221666 4
      vertex 77.23287354410591 45.872734134221666 10
      vertex 78.10045978922743 45.872734134221666 4
    endloop
  endfacet
  facet normal 0 1 0
    outer loop
      vertex 77.23287354410591 45.872734134221666 10
      vertex 78.10045978922743 45.872734134221666 10
      vertex 78.10045978922743 45.872734134221666 4
    endloop
  endfacet
  facet normal 0 -1 0
    outer loop
      vertex 77.23287354410591 54.127265865778334 4
      vertex 78.10045978922743 54.127265865778334 4
      vertex 78.10045978922743 54.127265865778334 10
    endloop
  endfacet
  facet normal 0 -1 0
    outer loop
      vertex 77.23287354410591 54.127265865778334 4
      vertex 78.10045978922743 54.127265865778334 10
      vertex 77.23287354410591 54.127265865778334 10
    endloop
  endfacet
  facet normal 0 -0.833452468911498 -0.5525911527208235
    outer loop
      vertex 77.23287354410591 54.127265865778334 4
      vertex 78.15272402086126 54.624526813462474 3.25
      vertex 78.10045978922743 54.127265865778334 4
    endloop
  endfacet
  facet normal 0.12533323356432094 0.9921147013144757 0
    outer loop
      vertex 77.24928632737038 46.02889133590806 1.5144739611862992
      vertex 77.41550458854942 46.00789308628691 1.5461448319618967
      vertex 77.41550458854942 46.00789308628691 0.8000000000000007
    endloop
  endfacet
  facet normal 0.1253332335643315 -0.9921147013144743 0
    outer loop
      vertex 77.24928632737038 53.97110866409194 1.5144739611862992
      vertex 77.41550458854941 53.99210691371309 0.8000000000000007
      vertex 77.41550458854941 53.99210691371309 1.5461448319618967
    endloop
  endfacet
  facet normal 0 0 1
    outer loop
      vertex 77.41550458854941 53.99210691371309 0.8000000000000007
      vertex 77.41550458854942 46.00789308628691 0.8000000000000007
      vertex 77.91782874478393 53.99210691371309 0.8000000000000007
    endloop
  endfacet
  facet normal 0 -1 0
    outer loop
      vertex 77.41550458854941 53.99210691371309 0.8000000000000007
      vertex 77.91782874478393 53.99210691371309 0.8000000000000007
      vertex 77.41550458854941 53.99210691371309 1.5461448319618967
    endloop
  endfacet
  facet normal 0 -1 0
    outer loop
      vertex 77.41550458854941 53.99210691371309 1.5461448319618967
      vertex 77.91782874478393 53.99210691371309 0.8000000000000007
      vertex 77.91782874478393 53.99210691371309 1.5461448319618967
    endloop
  endfacet
  facet normal 0 -0.833452468911499 0.552591152720822
    outer loop
      vertex 77.41550458854941 53.99210691371309 1.5461448319618967
      vertex 77.91782874478393 53.99210691371309 1.5461448319618967
      vertex 78.15272402086126 54.624526813462474 2.5
    endloop
  endfacet
  facet normal 0 1 0
    outer loop
      vertex 77.41550458854942 46.00789308628691 0.8000000000000007
      vertex 77.41550458854942 46.00789308628691 1.5461448319618967
      vertex 77.91782874478392 46.00789308628691 1.5461448319618967
    endloop
  endfacet
  facet normal 0 0 1
    outer loop
      vertex 77.41550458854942 46.00789308628691 0.8000000000000007
      vertex 77.91782874478392 46.00789308628691 0.8000000000000007
      vertex 77.91782874478393 53.99210691371309 0.8000000000000007
    endloop
  endfacet
  facet normal 0 1 0
    outer loop
      vertex 77.41550458854942 46.00789308628691 0.8000000000000007
      vertex 77.91782874478392 46.00789308628691 1.5461448319618967
      vertex 77.91782874478392 46.00789308628691 0.8000000000000007
    endloop
  endfacet
  facet normal -0.12533323356432094 0.9921147013144757 0
    outer loop
      vertex 77.91782874478392 46.00789308628691 0.8000000000000007
      vertex 77.91782874478392 46.00789308628691 1.5461448319618967
      vertex 78.08404700596296 46.02889133590806 1.5144739611862992
    endloop
  endfacet
  facet normal -0.12533323356430293 0.992114701314478 -4.2582945154126705e-15
    outer loop
      vertex 77.91782874478392 46.00789308628691 0.8000000000000007
      vertex 78.08404700596296 46.02889133590806 1.5144739611862992
      vertex 78.41619192500957 46.070850997085245 0.8000000000000007
    endloop
  endfacet
  facet normal 0 0 1
    outer loop
      vertex 77.91782874478392 46.00789308628691 0.8000000000000007
      vertex 78.41619192500957 46.070850997085245 0.8000000000000007
      vertex 78.41619192500957 53.929149002914755 0.8000000000000007
    endloop
  endfacet
  facet normal 0 0 1
    outer loop
      vertex 77.91782874478392 46.00789308628691 0.8000000000000007
      vertex 78.41619192500957 53.929149002914755 0.8000000000000007
      vertex 77.91782874478393 53.99210691371309 0.8000000000000007
    endloop
  endfacet
  facet normal -1.5277958873189e-14 0.8334524689114972 0.5525911527208247
    outer loop
      vertex 77.91782874478392 46.00789308628691 1.5461448319618967
      vertex 78.15272402086126 45.375473186537526 2.5
      vertex 78.08404700596296 46.02889133590806 1.5144739611862992
    endloop
  endfacet
  facet normal -0.1253332335643315 -0.9921147013144743 0
    outer loop
      vertex 77.91782874478393 53.99210691371309 0.8000000000000007
      vertex 78.08404700596296 53.97110866409194 1.5144739611862992
      vertex 77.91782874478393 53.99210691371309 1.5461448319618967
    endloop
  endfacet
  facet normal -0.12533323356430645 -0.9921147013144775 -5.921011102588726e-15
    outer loop
      vertex 77.91782874478393 53.99210691371309 0.8000000000000007
      vertex 78.41619192500957 53.929149002914755 0.8000000000000007
      vertex 78.08404700596296 53.97110866409194 1.5144739611862992
    endloop
  endfacet
  facet normal -1.5277958873190288e-14 -0.8334524689114972 0.5525911527208246
    outer loop
      vertex 77.91782874478393 53.99210691371309 1.5461448319618967
      vertex 78.08404700596296 53.97110866409194 1.5144739611862992
      vertex 78.15272402086126 54.624526813462474 2.5
    endloop
  endfacet
  facet normal -0.1732845120276191 0.8152395327914497 0.5525911527208237
    outer loop
      vertex 78.08404700596296 46.02889133590806 1.5144739611862992
      vertex 78.15272402086126 45.375473186537526 2.5
      vertex 78.41619192500957 46.070850997085245 1.5567265298897706
    endloop
  endfacet
  facet normal -0.12533323356429388 0.992114701314479 0
    outer loop
      vertex 78.08404700596296 46.02889133590806 1.5144739611862992
      vertex 78.41619192500957 46.070850997085245 1.5567265298897706
      vertex 78.41619192500957 46.070850997085245 0.8000000000000007
    endloop
  endfacet
  facet normal -0.1253332335642939 -0.9921147013144792 0
    outer loop
      vertex 78.08404700596296 53.97110866409194 1.5144739611862992
      vertex 78.41619192500957 53.929149002914755 0.8000000000000007
      vertex 78.41619192500957 53.929149002914755 1.5567265298897688
    endloop
  endfacet
  facet normal -0.1732845120276162 -0.8152395327914502 0.5525911527208238
    outer loop
      vertex 78.08404700596296 53.97110866409194 1.5144739611862992
      vertex 78.41619192500957 53.929149002914755 1.5567265298897688
      vertex 78.15272402086126 54.624526813462474 2.5
    endloop
  endfacet
  facet normal -0.2079116908177605 0.9781476007338054 0
    outer loop
      vertex 78.10045978922743 45.872734134221666 4
      vertex 78.10045978922743 45.872734134221666 10
      vertex 78.9490871933227 46.053115457375114 4
    endloop
  endfacet
  facet normal -0.17328451202762654 0.8152395327914482 -0.5525911527208236
    outer loop
      vertex 78.10045978922743 45.872734134221666 4
      vertex 78.9490871933227 46.053115457375114 4
      vertex 78.15272402086126 45.375473186537526 3.25
    endloop
  endfacet
  facet normal -0.2079116908177605 0.9781476007338054 0
    outer loop
      vertex 78.10045978922743 45.872734134221666 10
      vertex 78.9490871933227 46.053115457375114 10
      vertex 78.9490871933227 46.053115457375114 4
    endloop
  endfacet
  facet normal 0 0 1
    outer loop
      vertex 78.10045978922743 45.872734134221666 10
      vertex 207.0486666659514 20 10
      vertex 78.9490871933227 46.053115457375114 10
    endloop
  endfacet
  facet normal -0.17328451202762654 -0.8152395327914482 -0.5525911527208236
    outer loop
      vertex 78.10045978922743 54.127265865778334 4
      vertex 78.15272402086126 54.624526813462474 3.25
      vertex 78.9490871933227 53.946884542624886 4
    endloop
  endfacet
  facet normal -0.2079116908177605 -0.9781476007338054 0
    outer loop
      vertex 78.10045978922743 54.127265865778334 4
      vertex 78.9490871933227 53.946884542624886 4
      vertex 78.9490871933227 53.946884542624886 10
    endloop
  endfacet
  facet normal -0.2079116908177605 -0.9781476007338054 0
    outer loop
      vertex 78.10045978922743 54.127265865778334 4
      vertex 78.9490871933227 53.946884542624886 10
      vertex 78.10045978922743 54.127265865778334 10
    endloop
  endfacet
  facet normal 0 0 1
    outer loop
      vertex 78.10045978922743 54.127265865778334 10
      vertex 78.9490871933227 53.946884542624886 10
      vertex 185.04211968411653 123.31204293123542 10
    endloop
  endfacet
  facet normal 0 0 1
    outer loop
      vertex 78.10045978922743 54.127265865778334 10
      vertex 168.54839999973774 120 10
      vertex 96.69479999691248 120 10
    endloop
  endfacet
  facet normal 0 0 1
    outer loop
      vertex 78.10045978922743 54.127265865778334 10
      vertex 184.6833333333333 125 10
      vertex 184.77402079028803 125.8628335168937 10
    endloop
  endfacet
  facet normal 0 0 1
    outer loop
      vertex 78.10045978922743 54.127265865778334 10
      vertex 184.77402079028803 124.1371664831063 10
      vertex 184.6833333333333 125 10
    endloop
  endfacet
  facet normal 0 0 1
    outer loop
      vertex 78.10045978922743 54.127265865778334 10
      vertex 184.77402079028803 125.8628335168937 10
      vertex 168.54839999973774 120 10
    endloop
  endfacet
  facet normal 0 0 1
    outer loop
      vertex 78.10045978922743 54.127265865778334 10
      vertex 185.04211968411653 123.31204293123542 10
      vertex 184.77402079028803 124.1371664831063 10
    endloop
  endfacet
  facet normal -0.2079116908177627 0.9781476007338049 0
    outer loop
      vertex 78.15272402086126 45.375473186537526 2.5
      vertex 78.15272402086126 45.375473186537526 3.25
      vertex 79.10359569051018 45.57758719922754 3.25
    endloop
  endfacet
  facet normal -0.17328451202762835 0.8152395327914497 0.552591152720821
    outer loop
      vertex 78.15272402086126 45.375473186537526 2.5
      vertex 78.90273464416646 46.195773934819385 1.5250000000000004
      vertex 78.41619192500957 46.070850997085245 1.5567265298897706
    endloop
  endfacet
  facet normal -0.17328451202762873 0.8152395327914497 0.5525911527208207
    outer loop
      vertex 78.15272402086126 45.375473186537526 2.5
      vertex 79.10359569051018 45.57758719922754 2.5
      vertex 78.90273464416646 46.195773934819385 1.5250000000000004
    endloop
  endfacet
  facet normal -0.2079116908177627 0.9781476007338049 0
    outer loop
      vertex 78.15272402086126 45.375473186537526 2.5
      vertex 79.10359569051018 45.57758719922754 3.25
      vertex 79.10359569051018 45.57758719922754 2.5
    endloop
  endfacet
  facet normal -0.17328451202762857 0.8152395327914489 -0.552591152720822
    outer loop
      vertex 78.15272402086126 45.375473186537526 3.25
      vertex 78.9490871933227 46.053115457375114 4
      vertex 79.10359569051018 45.57758719922754 3.25
    endloop
  endfacet
  facet normal -0.17328451202762882 -0.8152395327914501 0.5525911527208202
    outer loop
      vertex 78.15272402086126 54.624526813462474 2.5
      vertex 78.41619192500957 53.929149002914755 1.5567265298897688
      vertex 79.10359569051018 54.42241280077246 2.5
    endloop
  endfacet
  facet normal -0.2079116908177627 -0.9781476007338049 0
    outer loop
      vertex 78.15272402086126 54.624526813462474 2.5
      vertex 79.10359569051018 54.42241280077246 2.5
      vertex 78.15272402086126 54.624526813462474 3.25
    endloop
  endfacet
  facet normal -0.2079116908177627 -0.9781476007338049 0
    outer loop
      vertex 78.15272402086126 54.624526813462474 3.25
      vertex 79.10359569051018 54.42241280077246 2.5
      vertex 79.10359569051018 54.42241280077246 3.25
    endloop
  endfacet
  facet normal -0.17328451202762857 -0.8152395327914489 -0.552591152720822
    outer loop
      vertex 78.15272402086126 54.624526813462474 3.25
      vertex 79.10359569051018 54.42241280077246 3.25
      vertex 78.9490871933227 53.946884542624886 4
    endloop
  endfacet
  facet normal -0.24868988716485743 0.9685831611286305 0
    outer loop
      vertex 78.41619192500957 46.070850997085245 0.8000000000000007
      vertex 78.41619192500957 46.070850997085245 1.5567265298897706
      vertex 78.90273464416646 46.195773934819385 1.5250000000000004
    endloop
  endfacet
  facet normal 0 0 1
    outer loop
      vertex 78.41619192500957 46.070850997085245 0.8000000000000007
      vertex 78.90273464416646 46.195773934819385 0.8000000000000007
      vertex 78.90273464416646 53.804226065180615 0.8000000000000007
    endloop
  endfacet
  facet normal -0.24868988716485743 0.9685831611286305 0
    outer loop
      vertex 78.41619192500957 46.070850997085245 0.8000000000000007
      vertex 78.90273464416646 46.195773934819385 1.5250000000000004
      vertex 78.90273464416646 46.195773934819385 0.8000000000000007
    endloop
  endfacet
  facet normal 0 0 1
    outer loop
      vertex 78.41619192500957 46.070850997085245 0.8000000000000007
      vertex 78.90273464416646 53.804226065180615 0.8000000000000007
      vertex 78.41619192500957 53.929149002914755 0.8000000000000007
    endloop
  endfacet
  facet normal -0.2486898871648574 -0.9685831611286303 0
    outer loop
      vertex 78.41619192500957 53.929149002914755 0.8000000000000007
      vertex 78.90273464416646 53.804226065180615 0.8000000000000007
      vertex 78.41619192500957 53.929149002914755 1.5567265298897688
    endloop
  endfacet
  facet normal -0.2486898871648574 -0.9685831611286303 0
    outer loop
      vertex 78.41619192500957 53.929149002914755 1.5567265298897688
      vertex 78.90273464416646 53.804226065180615 0.8000000000000007
      vertex 78.90273464416646 53.804226065180615 1.5250000000000004
    endloop
  endfacet
  facet normal -0.1732845120276303 -0.8152395327914493 0.5525911527208208
    outer loop
      vertex 78.41619192500957 53.929149002914755 1.5567265298897688
      vertex 78.90273464416646 53.804226065180615 1.5250000000000004
      vertex 79.10359569051018 54.42241280077246 2.5
    endloop
  endfacet
  facet normal -0.36812455268467686 0.9297764858882518 0
    outer loop
      vertex 78.90273464416646 46.195773934819385 0.8000000000000007
      vertex 78.90273464416646 46.195773934819385 1.5250000000000004
      vertex 79.36978383292696 46.38069179013592 1.5567265298897706
    endloop
  endfacet
  facet normal 0 0 1
    outer loop
      vertex 78.90273464416646 46.195773934819385 0.8000000000000007
      vertex 79.36978383292696 46.38069179013592 0.8000000000000007
      vertex 79.36978383292696 53.61930820986408 0.8000000000000007
    endloop
  endfacet
  facet normal -0.3681245526846769 0.9297764858882518 0
    outer loop
      vertex 78.90273464416646 46.195773934819385 0.8000000000000007
      vertex 79.36978383292696 46.38069179013592 1.5567265298897706
      vertex 79.36978383292696 46.38069179013592 0.8000000000000007
    endloop
  endfacet
  facet normal 0 0 1
    outer loop
      vertex 78.90273464416646 46.195773934819385 0.8000000000000007
      vertex 79.36978383292696 53.61930820986408 0.8000000000000007
      vertex 78.90273464416646 53.804226065180615 0.8000000000000007
    endloop
  endfacet
  facet normal -0.33899565936829995 0.761396717135112 0.5525911527208209
    outer loop
      vertex 78.90273464416646 46.195773934819385 1.5250000000000004
      vertex 79.10359569051018 45.57758719922754 2.5
      vertex 79.36978383292696 46.38069179013592 1.5567265298897706
    endloop
  endfacet
  facet normal -0.36812455268467686 -0.9297764858882518 0
    outer loop
      vertex 78.90273464416646 53.804226065180615 0.8000000000000007
      vertex 79.36978383292696 53.61930820986408 0.8000000000000007
      vertex 78.90273464416646 53.804226065180615 1.5250000000000004
    endloop
  endfacet
  facet normal -0.3681245526846769 -0.9297764858882518 0
    outer loop
      vertex 78.90273464416646 53.804226065180615 1.5250000000000004
      vertex 79.36978383292696 53.61930820986408 0.8000000000000007
      vertex 79.36978383292696 53.61930820986408 1.5567265298897706
    endloop
  endfacet
  facet normal -0.33899565936829995 -0.761396717135112 0.5525911527208209
    outer loop
      vertex 78.90273464416646 53.804226065180615 1.5250000000000004
      vertex 79.36978383292696 53.61930820986408 1.5567265298897706
      vertex 79.10359569051018 54.42241280077246 2.5
    endloop
  endfacet
  facet normal -0.406736643075797 0.9135454576426024 0
    outer loop
      vertex 78.9490871933227 46.053115457375114 4
      vertex 78.9490871933227 46.053115457375114 10
      vertex 79.74166666666667 46.40599457429458 4
    endloop
  endfacet
  facet normal -0.33899565936829795 0.7613967171351118 -0.5525911527208227
    outer loop
      vertex 78.9490871933227 46.053115457375114 4
      vertex 79.74166666666667 46.40599457429458 4
      vertex 79.10359569051018 45.57758719922754 3.25
    endloop
  endfacet
  facet normal -0.406736643075797 0.9135454576426024 0
    outer loop
      vertex 78.9490871933227 46.053115457375114 10
      vertex 79.74166666666667 46.40599457429458 10
      vertex 79.74166666666667 46.40599457429458 4
    endloop
  endfacet
  facet normal 0 0 1
    outer loop
      vertex 78.9490871933227 46.053115457375114 10
      vertex 207.0486666659514 20 10
      vertex 79.74166666666667 46.40599457429458 10
    endloop
  endfacet
  facet normal -0.33899565936829795 -0.7613967171351118 -0.5525911527208227
    outer loop
      vertex 78.9490871933227 53.946884542624886 4
      vertex 79.10359569051018 54.42241280077246 3.25
      vertex 79.74166666666667 53.59400542570542 4
    endloop
  endfacet
  facet normal -0.406736643075797 -0.9135454576426024 0
    outer loop
      vertex 78.9490871933227 53.946884542624886 4
      vertex 79.74166666666667 53.59400542570542 4
      vertex 79.74166666666667 53.59400542570542 10
    endloop
  endfacet
  facet normal -0.406736643075797 -0.9135454576426024 0
    outer loop
      vertex 78.9490871933227 53.946884542624886 4
      vertex 79.74166666666667 53.59400542570542 10
      vertex 78.9490871933227 53.946884542624886 10
    endloop
  endfacet
  facet normal 0 0 1
    outer loop
      vertex 78.9490871933227 53.946884542624886 10
      vertex 79.74166666666667 53.59400542570542 10
      vertex 207.6990666637818 106.33879999816418 10
    endloop
  endfacet
  facet normal 0 0 1
    outer loop
      vertex 78.9490871933227 53.946884542624886 10
      vertex 185.4759128066773 122.56069120298623 10
      vertex 185.04211968411653 123.31204293123542 10
    endloop
  endfacet
  facet normal 0 0 1
    outer loop
      vertex 78.9490871933227 53.946884542624886 10
      vertex 186.05644131694405 121.91594897426882 10
      vertex 185.4759128066773 122.56069120298623 10
    endloop
  endfacet
  facet normal 0 0 1
    outer loop
      vertex 78.9490871933227 53.946884542624886 10
      vertex 186.75833333333333 121.40599457429458 10
      vertex 186.05644131694405 121.91594897426882 10
    endloop
  endfacet
  facet normal 0 0 1
    outer loop
      vertex 78.9490871933227 53.946884542624886 10
      vertex 187.55091280667727 121.05311545737511 10
      vertex 186.75833333333333 121.40599457429458 10
    endloop
  endfacet
  facet normal 0 0 1
    outer loop
      vertex 78.9490871933227 53.946884542624886 10
      vertex 188.39954021077256 120.87273413422166 10
      vertex 187.55091280667727 121.05311545737511 10
    endloop
  endfacet
  facet normal 0 0 1
    outer loop
      vertex 78.9490871933227 53.946884542624886 10
      vertex 189.26712645589407 120.87273413422166 10
      vertex 188.39954021077256 120.87273413422166 10
    endloop
  endfacet
  facet normal 0 0 1
    outer loop
      vertex 78.9490871933227 53.946884542624886 10
      vertex 207.6990666637818 106.33879999816418 10
      vertex 189.26712645589407 120.87273413422166 10
    endloop
  endfacet
  facet normal -0.9508004275190002 0.30980404618030144 0
    outer loop
      vertex 79.00641632825136 143.26670204102993 0
      vertex 79.00641632825136 143.26670204102993 10
      vertex 80.86732245236635 148.9778938740492 0
    endloop
  endfacet
  facet normal 0 0 -1
    outer loop
      vertex 79.00641632825136 143.26670204102993 0
      vertex 80.86732245236635 148.9778938740492 0
      vertex 96.69479999691248 132.45000000298023 0
    endloop
  endfacet
  facet normal -0.9508004275190002 0.30980404618030144 0
    outer loop
      vertex 79.00641632825136 143.26670204102993 10
      vertex 80.86732245236635 148.9778938740492 10
      vertex 80.86732245236635 148.9778938740492 0
    endloop
  endfacet
  facet normal 0 0 1
    outer loop
      vertex 79.00641632825136 143.26670204102993 10
      vertex 96.69479999691248 132.45000000298023 10
      vertex 80.86732245236635 148.9778938740492 10
    endloop
  endfacet
  facet normal -0.40673664307579516 0.9135454576426032 0
    outer loop
      vertex 79.10359569051018 45.57758719922754 2.5
      vertex 79.10359569051018 45.57758719922754 3.25
      vertex 79.99166666666667 45.97298187240236 3.25
    endloop
  endfacet
  facet normal -0.33899565936829595 0.7613967171351128 0.5525911527208226
    outer loop
      vertex 79.10359569051018 45.57758719922754 2.5
      vertex 79.6631579870621 46.541975596204836 1.5144739611862992
      vertex 79.36978383292696 46.38069179013592 1.5567265298897706
    endloop
  endfacet
  facet normal -0.3389956593682965 0.7613967171351127 0.5525911527208223
    outer loop
      vertex 79.10359569051018 45.57758719922754 2.5
      vertex 79.99166666666667 45.97298187240236 2.5
      vertex 79.6631579870621 46.541975596204836 1.5144739611862992
    endloop
  endfacet
  facet normal -0.40673664307579516 0.9135454576426032 0
    outer loop
      vertex 79.10359569051018 45.57758719922754 2.5
      vertex 79.99166666666667 45.97298187240236 3.25
      vertex 79.99166666666667 45.97298187240236 2.5
    endloop
  endfacet
  facet normal -0.33899565936829607 0.7613967171351116 -0.5525911527208242
    outer loop
      vertex 79.10359569051018 45.57758719922754 3.25
      vertex 79.74166666666667 46.40599457429458 4
      vertex 79.99166666666667 45.97298187240236 3.25
    endloop
  endfacet
  facet normal -0.3389956593682965 -0.7613967171351126 0.5525911527208225
    outer loop
      vertex 79.10359569051018 54.42241280077246 2.5
      vertex 79.36978383292696 53.61930820986408 1.5567265298897706
      vertex 79.99166666666667 54.02701812759764 2.5
    endloop
  endfacet
  facet normal -0.40673664307579516 -0.9135454576426032 0
    outer loop
      vertex 79.10359569051018 54.42241280077246 2.5
      vertex 79.99166666666667 54.02701812759764 2.5
      vertex 79.10359569051018 54.42241280077246 3.25
    endloop
  endfacet
  facet normal -0.40673664307579516 -0.9135454576426032 0
    outer loop
      vertex 79.10359569051018 54.42241280077246 3.25
      vertex 79.99166666666667 54.02701812759764 2.5
      vertex 79.99166666666667 54.02701812759764 3.25
    endloop
  endfacet
  facet normal -0.33899565936829607 -0.7613967171351116 -0.5525911527208242
    outer loop
      vertex 79.10359569051018 54.42241280077246 3.25
      vertex 79.99166666666667 54.02701812759764 3.25
      vertex 79.74166666666667 53.59400542570542 4
    endloop
  endfacet
  facet normal -0.9551941941822064 -0.29597981586690214 0
    outer loop
      vertex 79.25559999793768 211.79613061249256 0
      vertex 81.02679999917746 206.0800653025508 0
      vertex 81.02679999917746 206.0800653025508 10
    endloop
  endfacet
  facet normal -0.9551941941822064 -0.29597981586690214 0
    outer loop
      vertex 79.25559999793768 211.79613061249256 0
      vertex 81.02679999917746 206.0800653025508 10
      vertex 79.25559999793768 211.79613061249256 10
    endloop
  endfacet
  facet normal 0 0 -1
    outer loop
      vertex 79.25559999793768 211.79613061249256 0
      vertex 100.0307999998331 216.0227999985218 0
      vertex 81.02679999917746 206.0800653025508 0
    endloop
  endfacet
  facet normal 0 0 1
    outer loop
      vertex 79.25559999793768 211.79613061249256 10
      vertex 81.02679999917746 206.0800653025508 10
      vertex 100.0307999998331 216.0227999985218 10
    endloop
  endfacet
  facet normal -0.4817536741017099 0.8763066800438665 0
    outer loop
      vertex 79.36978383292696 46.38069179013592 0.8000000000000007
      vertex 79.36978383292696 46.38069179013592 1.5567265298897706
      vertex 79.6631579870621 46.541975596204836 1.5144739611862992
    endloop
  endfacet
  facet normal -0.48175367410171144 0.8763066800438656 8.120243797835639e-16
    outer loop
      vertex 79.36978383292696 46.38069179013592 0.8000000000000007
      vertex 79.6631579870621 46.541975596204836 1.5144739611862992
      vertex 79.80997384658266 46.62268829799194 0.8000000000000007
    endloop
  endfacet
  facet normal 0 0 1
    outer loop
      vertex 79.36978383292696 46.38069179013592 0.8000000000000007
      vertex 79.80997384658265 53.37731170200806 0.8000000000000007
      vertex 79.36978383292696 53.61930820986408 0.8000000000000007
    endloop
  endfacet
  facet normal 0 0 1
    outer loop
      vertex 79.36978383292696 46.38069179013592 0.8000000000000007
      vertex 79.80997384658266 46.62268829799194 0.8000000000000007
      vertex 79.80997384658265 53.37731170200806 0.8000000000000007
    endloop
  endfacet
  facet normal -0.4817536741017099 -0.8763066800438665 0
    outer loop
      vertex 79.36978383292696 53.61930820986408 0.8000000000000007
      vertex 79.6631579870621 53.458024403795164 1.5144739611862992
      vertex 79.36978383292696 53.61930820986408 1.5567265298897706
    endloop
  endfacet
  facet normal -0.48175367410172343 -0.8763066800438591 7.19221593522603e-15
    outer loop
      vertex 79.36978383292696 53.61930820986408 0.8000000000000007
      vertex 79.80997384658265 53.37731170200806 0.8000000000000007
      vertex 79.6631579870621 53.458024403795164 1.5144739611862992
    endloop
  endfacet
  facet normal -0.33899565936829607 -0.7613967171351129 0.5525911527208222
    outer loop
      vertex 79.36978383292696 53.61930820986408 1.5567265298897706
      vertex 79.6631579870621 53.458024403795164 1.5144739611862992
      vertex 79.99166666666667 54.02701812759764 2.5
    endloop
  endfacet
  facet normal -0.48175367410171444 0.876306680043864 0
    outer loop
      vertex 79.6631579870621 46.541975596204836 1.5144739611862992
      vertex 79.80997384658266 46.62268829799194 1.5461448319618967
      vertex 79.80997384658266 46.62268829799194 0.8000000000000007
    endloop
  endfacet
  facet normal -0.4898910697129288 0.6742772113531607 0.5525911527208224
    outer loop
      vertex 79.6631579870621 46.541975596204836 1.5144739611862992
      vertex 79.99166666666667 45.97298187240236 2.5
      vertex 79.80997384658266 46.62268829799194 1.5461448319618967
    endloop
  endfacet
  facet normal -0.4817536741017503 -0.8763066800438444 0
    outer loop
      vertex 79.6631579870621 53.458024403795164 1.5144739611862992
      vertex 79.80997384658265 53.37731170200806 0.8000000000000007
      vertex 79.80997384658265 53.37731170200806 1.5461448319618967
    endloop
  endfacet
  facet normal -0.4898910697129631 -0.6742772113531375 0.5525911527208205
    outer loop
      vertex 79.6631579870621 53.458024403795164 1.5144739611862992
      vertex 79.80997384658265 53.37731170200806 1.5461448319618967
      vertex 79.99166666666667 54.02701812759764 2.5
    endloop
  endfacet
  facet normal -0.5877852522924704 0.8090169943749494 0
    outer loop
      vertex 79.74166666666667 46.40599457429458 4
      vertex 79.74166666666667 46.40599457429458 10
      vertex 80.44355868305594 46.915948974268815 4
    endloop
  endfacet
  facet normal -0.48989106971292684 0.6742772113531608 -0.552591152720824
    outer loop
      vertex 79.74166666666667 46.40599457429458 4
      vertex 80.44355868305594 46.915948974268815 4
      vertex 79.99166666666667 45.97298187240236 3.25
    endloop
  endfacet
  facet normal -0.5877852522924704 0.8090169943749494 0
    outer loop
      vertex 79.74166666666667 46.40599457429458 10
      vertex 80.44355868305594 46.915948974268815 10
      vertex 80.44355868305594 46.915948974268815 4
    endloop
  endfacet
  facet normal 0 0 1
    outer loop
      vertex 79.74166666666667 46.40599457429458 10
      vertex 207.0486666659514 20 10
      vertex 80.44355868305594 46.915948974268815 10
    endloop
  endfacet
  facet normal -0.48989106971292684 -0.6742772113531608 -0.552591152720824
    outer loop
      vertex 79.74166666666667 53.59400542570542 4
      vertex 79.99166666666667 54.02701812759764 3.25
      vertex 80.44355868305594 53.084051025731185 4
    endloop
  endfacet
  facet normal -0.5877852522924704 -0.8090169943749494 0
    outer loop
      vertex 79.74166666666667 53.59400542570542 4
      vertex 80.44355868305594 53.084051025731185 4
      vertex 80.44355868305594 53.084051025731185 10
    endloop
  endfacet
  facet normal -0.5877852522924704 -0.8090169943749494 0
    outer loop
      vertex 79.74166666666667 53.59400542570542 4
      vertex 80.44355868305594 53.084051025731185 10
      vertex 79.74166666666667 53.59400542570542 10
    endloop
  endfacet
  facet normal 0 0 1
    outer loop
      vertex 79.74166666666667 53.59400542570542 10
      vertex 80.44355868305594 53.084051025731185 10
      vertex 207.6990666637818 106.33879999816418 10
    endloop
  endfacet
  facet normal 0 0 1
    outer loop
      vertex 79.80997384658265 53.37731170200806 0.8000000000000007
      vertex 79.80997384658266 46.62268829799194 0.8000000000000007
      vertex 80.21636262566143 53.08205297110315 0.8000000000000007
    endloop
  endfacet
  facet normal -0.5877852522924665 -0.8090169943749522 0
    outer loop
      vertex 79.80997384658265 53.37731170200806 0.8000000000000007
      vertex 80.21636262566143 53.08205297110315 0.8000000000000007
      vertex 79.80997384658265 53.37731170200806 1.5461448319618967
    endloop
  endfacet
  facet normal -0.5877852522924665 -0.8090169943749522 0
    outer loop
      vertex 79.80997384658265 53.37731170200806 1.5461448319618967
      vertex 80.21636262566143 53.08205297110315 0.8000000000000007
      vertex 80.21636262566143 53.08205297110315 1.546144831961895
    endloop
  endfacet
  facet normal -0.4898910697129239 -0.6742772113531668 0.5525911527208195
    outer loop
      vertex 79.80997384658265 53.37731170200806 1.5461448319618967
      vertex 80.21636262566143 53.08205297110315 1.546144831961895
      vertex 80.77812398623536 53.455623438469885 2.5
    endloop
  endfacet
  facet normal -0.4898910697129318 -0.6742772113531551 0.5525911527208265
    outer loop
      vertex 79.80997384658265 53.37731170200806 1.5461448319618967
      vertex 80.77812398623536 53.455623438469885 2.5
      vertex 79.99166666666667 54.02701812759764 2.5
    endloop
  endfacet
  facet normal -0.5877852522924707 0.8090169943749492 0
    outer loop
      vertex 79.80997384658266 46.62268829799194 0.8000000000000007
      vertex 79.80997384658266 46.62268829799194 1.5461448319618967
      vertex 80.21636262566143 46.91794702889684 1.546144831961895
    endloop
  endfacet
  facet normal 0 0 1
    outer loop
      vertex 79.80997384658266 46.62268829799194 0.8000000000000007
      vertex 80.21636262566143 46.91794702889684 0.8000000000000007
      vertex 80.21636262566143 53.08205297110315 0.8000000000000007
    endloop
  endfacet
  facet normal -0.5877852522924707 0.8090169943749492 0
    outer loop
      vertex 79.80997384658266 46.62268829799194 0.8000000000000007
      vertex 80.21636262566143 46.91794702889684 1.546144831961895
      vertex 80.21636262566143 46.91794702889684 0.8000000000000007
    endloop
  endfacet
  facet normal -0.48989106971292595 0.6742772113531623 0.552591152720823
    outer loop
      vertex 79.80997384658266 46.62268829799194 1.5461448319618967
      vertex 79.99166666666667 45.97298187240236 2.5
      vertex 80.21636262566143 46.91794702889684 1.546144831961895
    endloop
  endfacet
  facet normal -0.5877852522924774 0.8090169943749443 0
    outer loop
      vertex 79.99166666666667 45.97298187240236 2.5
      vertex 79.99166666666667 45.97298187240236 3.25
      vertex 80.77812398623536 46.544376561530115 3.25
    endloop
  endfacet
  facet normal -0.489891069712935 0.6742772113531597 0.5525911527208183
    outer loop
      vertex 79.99166666666667 45.97298187240236 2.5
      vertex 80.77812398623536 46.544376561530115 2.5
      vertex 80.21636262566143 46.91794702889684 1.546144831961895
    endloop
  endfacet
  facet normal -0.5877852522924774 0.8090169943749443 0
    outer loop
      vertex 79.99166666666667 45.97298187240236 2.5
      vertex 80.77812398623536 46.544376561530115 3.25
      vertex 80.77812398623536 46.544376561530115 2.5
    endloop
  endfacet
  facet normal -0.4898910697129352 0.6742772113531599 -0.5525911527208179
    outer loop
      vertex 79.99166666666667 45.97298187240236 3.25
      vertex 80.44355868305594 46.915948974268815 4
      vertex 80.77812398623536 46.544376561530115 3.25
    endloop
  endfacet
  facet normal -0.5877852522924774 -0.8090169943749443 0
    outer loop
      vertex 79.99166666666667 54.02701812759764 2.5
      vertex 80.77812398623536 53.455623438469885 2.5
      vertex 79.99166666666667 54.02701812759764 3.25
    endloop
  endfacet
  facet normal -0.5877852522924774 -0.8090169943749443 0
    outer loop
      vertex 79.99166666666667 54.02701812759764 3.25
      vertex 80.77812398623536 53.455623438469885 2.5
      vertex 80.77812398623536 53.455623438469885 3.25
    endloop
  endfacet
  facet normal -0.4898910697129352 -0.6742772113531599 -0.5525911527208179
    outer loop
      vertex 79.99166666666667 54.02701812759764 3.25
      vertex 80.77812398623536 53.455623438469885 3.25
      vertex 80.44355868305594 53.084051025731185 4
    endloop
  endfacet
  facet normal -0.684547105928724 0.7289686274213782 0
    outer loop
      vertex 80.21636262566143 46.91794702889684 0.8000000000000007
      vertex 80.21636262566143 46.91794702889684 1.546144831961895
      vertex 80.33849356227945 47.03263561227521 1.5144739611862992
    endloop
  endfacet
  facet normal -0.6845471059286906 0.7289686274214098 -1.0749656075230225e-14
    outer loop
      vertex 80.21636262566143 46.91794702889684 0.8000000000000007
      vertex 80.33849356227945 47.03263561227521 1.5144739611862992
      vertex 80.58254117635232 47.26181157628525 0.8000000000000007
    endloop
  endfacet
  facet normal 0 0 1
    outer loop
      vertex 80.21636262566143 46.91794702889684 0.8000000000000007
      vertex 80.58254117635232 47.26181157628525 0.8000000000000007
      vertex 80.58254117635232 52.73818842371475 0.8000000000000007
    endloop
  endfacet
  facet normal 0 0 1
    outer loop
      vertex 80.21636262566143 46.91794702889684 0.8000000000000007
      vertex 80.58254117635232 52.73818842371475 0.8000000000000007
      vertex 80.21636262566143 53.08205297110315 0.8000000000000007
    endloop
  endfacet
  facet normal -0.48989106971296204 0.674277211353135 0.5525911527208245
    outer loop
      vertex 80.21636262566143 46.91794702889684 1.546144831961895
      vertex 80.77812398623536 46.544376561530115 2.5
      vertex 80.33849356227945 47.03263561227521 1.5144739611862992
    endloop
  endfacet
  facet normal -0.6845471059287016 -0.7289686274213995 0
    outer loop
      vertex 80.21636262566143 53.08205297110315 0.8000000000000007
      vertex 80.33849356227945 52.96736438772479 1.5144739611862992
      vertex 80.21636262566143 53.08205297110315 1.546144831961895
    endloop
  endfacet
  facet normal -0.6845471059286831 -0.7289686274214168 -5.9161776241375544e-15
    outer loop
      vertex 80.21636262566143 53.08205297110315 0.8000000000000007
      vertex 80.58254117635232 52.73818842371475 0.8000000000000007
      vertex 80.33849356227945 52.96736438772479 1.5144739611862992
    endloop
  endfacet
  facet normal -0.4898910697129395 -0.6742772113531524 0.5525911527208232
    outer loop
      vertex 80.21636262566143 53.08205297110315 1.546144831961895
      vertex 80.33849356227945 52.96736438772479 1.5144739611862992
      vertex 80.77812398623536 53.455623438469885 2.5
    endloop
  endfacet
  facet normal -0.6845471059286738 0.7289686274214253 0
    outer loop
      vertex 80.33849356227945 47.03263561227521 1.5144739611862992
      vertex 80.58254117635232 47.26181157628525 1.5567265298897706
      vertex 80.58254117635232 47.26181157628525 0.8000000000000007
    endloop
  endfacet
  facet normal -0.6193758895529384 0.5576885558940393 0.5525911527208225
    outer loop
      vertex 80.33849356227945 47.03263561227521 1.5144739611862992
      vertex 80.77812398623536 46.544376561530115 2.5
      vertex 81.42859569051018 47.26679857684 2.5
    endloop
  endfacet
  facet normal -0.6193758895529321 0.5576885558940577 0.5525911527208112
    outer loop
      vertex 80.33849356227945 47.03263561227521 1.5144739611862992
      vertex 81.42859569051018 47.26679857684 2.5
      vertex 80.58254117635232 47.26181157628525 1.5567265298897706
    endloop
  endfacet
  facet normal -0.6845471059286738 -0.7289686274214253 0
    outer loop
      vertex 80.33849356227945 52.96736438772479 1.5144739611862992
      vertex 80.58254117635232 52.73818842371475 0.8000000000000007
      vertex 80.58254117635232 52.73818842371475 1.5567265298897706
    endloop
  endfacet
  facet normal -0.6193758895529321 -0.5576885558940577 0.5525911527208112
    outer loop
      vertex 80.33849356227945 52.96736438772479 1.5144739611862992
      vertex 80.58254117635232 52.73818842371475 1.5567265298897706
      vertex 81.42859569051018 52.73320142316 2.5
    endloop
  endfacet
  facet normal -0.6193758895529384 -0.5576885558940393 0.5525911527208225
    outer loop
      vertex 80.33849356227945 52.96736438772479 1.5144739611862992
      vertex 81.42859569051018 52.73320142316 2.5
      vertex 80.77812398623536 53.455623438469885 2.5
    endloop
  endfacet
  facet normal -0.7431448254773985 0.6691306063588535 0
    outer loop
      vertex 80.44355868305594 46.915948974268815 4
      vertex 80.44355868305594 46.915948974268815 10
      vertex 81.0240871933227 47.560691202986234 4
    endloop
  endfacet
  facet normal -0.6193758895529431 0.557688555894035 -0.5525911527208214
    outer loop
      vertex 80.44355868305594 46.915948974268815 4
      vertex 81.0240871933227 47.560691202986234 4
      vertex 81.42859569051018 47.26679857684 3.25
    endloop
  endfacet
  facet normal -0.6193758895529415 0.5576885558940422 -0.552591152720816
    outer loop
      vertex 80.44355868305594 46.915948974268815 4
      vertex 81.42859569051018 47.26679857684 3.25
      vertex 80.77812398623536 46.544376561530115 3.25
    endloop
  endfacet
  facet normal -0.7431448254773985 0.6691306063588535 0
    outer loop
      vertex 80.44355868305594 46.915948974268815 10
      vertex 81.0240871933227 47.560691202986234 10
      vertex 81.0240871933227 47.560691202986234 4
    endloop
  endfacet
  facet normal 0 0 1
    outer loop
      vertex 80.44355868305594 46.915948974268815 10
      vertex 207.0486666659514 20 10
      vertex 81.0240871933227 47.560691202986234 10
    endloop
  endfacet
  facet normal -0.6193758895529415 -0.5576885558940422 -0.552591152720816
    outer loop
      vertex 80.44355868305594 53.084051025731185 4
      vertex 80.77812398623536 53.455623438469885 3.25
      vertex 81.42859569051018 52.73320142316 3.25
    endloop
  endfacet
  facet normal -0.7431448254773985 -0.6691306063588535 0
    outer loop
      vertex 80.44355868305594 53.084051025731185 4
      vertex 81.0240871933227 52.439308797013766 4
      vertex 81.0240871933227 52.439308797013766 10
    endloop
  endfacet
  facet normal -0.7431448254773985 -0.6691306063588535 0
    outer loop
      vertex 80.44355868305594 53.084051025731185 4
      vertex 81.0240871933227 52.439308797013766 10
      vertex 80.44355868305594 53.084051025731185 10
    endloop
  endfacet
  facet normal -0.6193758895529431 -0.557688555894035 -0.5525911527208214
    outer loop
      vertex 80.44355868305594 53.084051025731185 4
      vertex 81.42859569051018 52.73320142316 3.25
      vertex 81.0240871933227 52.439308797013766 4
    endloop
  endfacet
  facet normal 0 0 1
    outer loop
      vertex 80.44355868305594 53.084051025731185 10
      vertex 81.0240871933227 52.439308797013766 10
      vertex 207.6990666637818 106.33879999816418 10
    endloop
  endfacet
  facet normal -0.770513242775795 0.6374239897486826 0
    outer loop
      vertex 80.58254117635232 47.26181157628525 0.8000000000000007
      vertex 80.58254117635232 47.26181157628525 1.5567265298897706
      vertex 80.90273464416646 47.64885899083011 1.5249999999999986
    endloop
  endfacet
  facet normal 0 0 1
    outer loop
      vertex 80.58254117635232 47.26181157628525 0.8000000000000007
      vertex 80.90273464416646 47.64885899083011 0.8000000000000007
      vertex 80.90273464416646 52.35114100916989 0.8000000000000007
    endloop
  endfacet
  facet normal -0.770513242775795 0.6374239897486826 0
    outer loop
      vertex 80.58254117635232 47.26181157628525 0.8000000000000007
      vertex 80.90273464416646 47.64885899083011 1.5249999999999986
      vertex 80.90273464416646 47.64885899083011 0.8000000000000007
    endloop
  endfacet
  facet normal 0 0 1
    outer loop
      vertex 80.58254117635232 47.26181157628525 0.8000000000000007
      vertex 80.90273464416646 52.35114100916989 0.8000000000000007
      vertex 80.58254117635232 52.73818842371475 0.8000000000000007
    endloop
  endfacet
  facet normal -0.6193758895529433 0.5576885558940349 0.5525911527208214
    outer loop
      vertex 80.58254117635232 47.26181157628525 1.5567265298897706
      vertex 81.42859569051018 47.26679857684 2.5
      vertex 80.90273464416646 47.64885899083011 1.5249999999999986
    endloop
  endfacet
  facet normal -0.770513242775795 -0.6374239897486826 0
    outer loop
      vertex 80.58254117635232 52.73818842371475 0.8000000000000007
      vertex 80.90273464416646 52.35114100916989 0.8000000000000007
      vertex 80.90273464416646 52.35114100916989 1.5249999999999986
    endloop
  endfacet
  facet normal -0.770513242775795 -0.6374239897486826 0
    outer loop
      vertex 80.58254117635232 52.73818842371475 0.8000000000000007
      vertex 80.90273464416646 52.35114100916989 1.5249999999999986
      vertex 80.58254117635232 52.73818842371475 1.5567265298897706
    endloop
  endfacet
  facet normal -0.6193758895529433 -0.5576885558940349 0.5525911527208214
    outer loop
      vertex 80.58254117635232 52.73818842371475 1.5567265298897706
      vertex 80.90273464416646 52.35114100916989 1.5249999999999986
      vertex 81.42859569051018 52.73320142316 2.5
    endloop
  endfacet
  facet normal -0.7431448254773934 0.6691306063588591 0
    outer loop
      vertex 80.77812398623536 46.544376561530115 2.5
      vertex 80.77812398623536 46.544376561530115 3.25
      vertex 81.42859569051018 47.26679857684 2.5
    endloop
  endfacet
  facet normal -0.7431448254773934 0.6691306063588591 0
    outer loop
      vertex 80.77812398623536 46.544376561530115 3.25
      vertex 81.42859569051018 47.26679857684 3.25
      vertex 81.42859569051018 47.26679857684 2.5
    endloop
  endfacet
  facet normal -0.7431448254773934 -0.6691306063588591 0
    outer loop
      vertex 80.77812398623536 53.455623438469885 2.5
      vertex 81.42859569051018 52.73320142316 2.5
      vertex 81.42859569051018 52.73320142316 3.25
    endloop
  endfacet
  facet normal -0.7431448254773934 -0.6691306063588591 0
    outer loop
      vertex 80.77812398623536 53.455623438469885 2.5
      vertex 81.42859569051018 52.73320142316 3.25
      vertex 80.77812398623536 53.455623438469885 3.25
    endloop
  endfacet
  facet normal -0.9743435507003773 0.22506586859979727 0
    outer loop
      vertex 80.86732245236635 148.9778938740492 0
      vertex 80.86732245236635 148.9778938740492 10
      vertex 82.31469387561083 155.24377959221601 0
    endloop
  endfacet
  facet normal 0 0 -1
    outer loop
      vertex 80.86732245236635 148.9778938740492 0
      vertex 82.31469387561083 155.24377959221601 0
      vertex 96.69479999691248 132.45000000298023 0
    endloop
  endfacet
  facet normal -0.9743435507003773 0.22506586859979727 0
    outer loop
      vertex 80.86732245236635 148.9778938740492 10
      vertex 82.31469387561083 155.24377959221601 10
      vertex 82.31469387561083 155.24377959221601 0
    endloop
  endfacet
  facet normal 0 0 1
    outer loop
      vertex 80.86732245236635 148.9778938740492 10
      vertex 96.69479999691248 132.45000000298023 10
      vertex 82.31469387561083 155.24377959221601 10
    endloop
  endfacet
  facet normal -0.8443279255020079 0.5358267949790081 0
    outer loop
      vertex 80.90273464416646 47.64885899083011 0.8000000000000007
      vertex 80.90273464416646 47.64885899083011 1.5249999999999986
      vertex 81.17189338684213 48.072985303593136 1.5567265298897706
    endloop
  endfacet
  facet normal 0 0 1
    outer loop
      vertex 80.90273464416646 47.64885899083011 0.8000000000000007
      vertex 81.17189338684213 48.072985303593136 0.8000000000000007
      vertex 81.17189338684213 51.927014696406864 0.8000000000000007
    endloop
  endfacet
  facet normal -0.8443279255020079 0.5358267949790081 0
    outer loop
      vertex 80.90273464416646 47.64885899083011 0.8000000000000007
      vertex 81.17189338684213 48.072985303593136 1.5567265298897706
      vertex 81.17189338684213 48.072985303593136 0.8000000000000007
    endloop
  endfacet
  facet normal 0 0 1
    outer loop
      vertex 80.90273464416646 47.64885899083011 0.8000000000000007
      vertex 81.17189338684213 51.927014696406864 0.8000000000000007
      vertex 80.90273464416646 52.35114100916989 0.8000000000000007
    endloop
  endfacet
  facet normal -0.7217910109242193 0.41672623445574813 0.5525911527208218
    outer loop
      vertex 80.90273464416646 47.64885899083011 1.5249999999999986
      vertex 81.42859569051018 47.26679857684 2.5
      vertex 81.91465304470476 48.10867460969753 2.5
    endloop
  endfacet
  facet normal -0.7217910109242175 0.4167262344557613 0.5525911527208138
    outer loop
      vertex 80.90273464416646 47.64885899083011 1.5249999999999986
      vertex 81.91465304470476 48.10867460969753 2.5
      vertex 81.17189338684213 48.072985303593136 1.5567265298897706
    endloop
  endfacet
  facet normal -0.8443279255020079 -0.5358267949790081 0
    outer loop
      vertex 80.90273464416646 52.35114100916989 0.8000000000000007
      vertex 81.17189338684213 51.927014696406864 0.8000000000000007
      vertex 80.90273464416646 52.35114100916989 1.5249999999999986
    endloop
  endfacet
  facet normal -0.8443279255020079 -0.5358267949790081 0
    outer loop
      vertex 80.90273464416646 52.35114100916989 1.5249999999999986
      vertex 81.17189338684213 51.927014696406864 0.8000000000000007
      vertex 81.17189338684213 51.927014696406864 1.5567265298897706
    endloop
  endfacet
  facet normal -0.7217910109242175 -0.4167262344557613 0.5525911527208138
    outer loop
      vertex 80.90273464416646 52.35114100916989 1.5249999999999986
      vertex 81.17189338684213 51.927014696406864 1.5567265298897706
      vertex 81.91465304470476 51.89132539030247 2.5
    endloop
  endfacet
  facet normal -0.7217910109242193 -0.41672623445574813 0.5525911527208218
    outer loop
      vertex 80.90273464416646 52.35114100916989 1.5249999999999986
      vertex 81.91465304470476 51.89132539030247 2.5
      vertex 81.42859569051018 52.73320142316 2.5
    endloop
  endfacet
  facet normal -0.866025403784435 0.5000000000000061 0
    outer loop
      vertex 81.0240871933227 47.560691202986234 4
      vertex 81.0240871933227 47.560691202986234 10
      vertex 81.45788031588347 48.31204293123543 4
    endloop
  endfacet
  facet normal -0.7217910109242188 0.4167262344557567 -0.5525911527208157
    outer loop
      vertex 81.0240871933227 47.560691202986234 4
      vertex 81.45788031588347 48.31204293123543 4
      vertex 81.91465304470476 48.10867460969753 3.25
    endloop
  endfacet
  facet normal -0.7217910109242188 0.4167262344557479 -0.5525911527208222
    outer loop
      vertex 81.0240871933227 47.560691202986234 4
      vertex 81.91465304470476 48.10867460969753 3.25
      vertex 81.42859569051018 47.26679857684 3.25
    endloop
  endfacet
  facet normal -0.866025403784435 0.5000000000000061 0
    outer loop
      vertex 81.0240871933227 47.560691202986234 10
      vertex 81.45788031588347 48.31204293123543 10
      vertex 81.45788031588347 48.31204293123543 4
    endloop
  endfacet
  facet normal 0 0 1
    outer loop
      vertex 81.0240871933227 47.560691202986234 10
      vertex 207.0486666659514 20 10
      vertex 81.45788031588347 48.31204293123543 10
    endloop
  endfacet
  facet normal -0.7217910109242188 -0.4167262344557479 -0.5525911527208222
    outer loop
      vertex 81.0240871933227 52.439308797013766 4
      vertex 81.42859569051018 52.73320142316 3.25
      vertex 81.91465304470476 51.89132539030247 3.25
    endloop
  endfacet
  facet normal -0.866025403784435 -0.5000000000000061 0
    outer loop
      vertex 81.0240871933227 52.439308797013766 4
      vertex 81.45788031588347 51.68795706876457 4
      vertex 81.45788031588347 51.68795706876457 10
    endloop
  endfacet
  facet normal -0.866025403784435 -0.5000000000000061 0
    outer loop
      vertex 81.0240871933227 52.439308797013766 4
      vertex 81.45788031588347 51.68795706876457 10
      vertex 81.0240871933227 52.439308797013766 10
    endloop
  endfacet
  facet normal -0.7217910109242188 -0.4167262344557567 -0.5525911527208157
    outer loop
      vertex 81.0240871933227 52.439308797013766 4
      vertex 81.91465304470476 51.89132539030247 3.25
      vertex 81.45788031588347 51.68795706876457 4
    endloop
  endfacet
  facet normal 0 0 1
    outer loop
      vertex 81.0240871933227 52.439308797013766 10
      vertex 81.45788031588347 51.68795706876457 10
      vertex 220.64701769004265 51.187240816652775 10
    endloop
  endfacet
  facet normal 0 0 1
    outer loop
      vertex 81.0240871933227 52.439308797013766 10
      vertex 220.64701769004265 51.187240816652775 10
      vertex 207.6990666637818 106.33879999816418 10
    endloop
  endfacet
  facet normal -0.9769218609144107 -0.2135969982643126 0
    outer loop
      vertex 81.02679999917746 206.0800653025508 0
      vertex 82.40439999848604 199.7793795913458 0
      vertex 82.40439999848604 199.7793795913458 10
    endloop
  endfacet
  facet normal -0.9769218609144107 -0.2135969982643126 0
    outer loop
      vertex 81.02679999917746 206.0800653025508 0
      vertex 82.40439999848604 199.7793795913458 10
      vertex 81.02679999917746 206.0800653025508 10
    endloop
  endfacet
  facet normal 0 0 -1
    outer loop
      vertex 81.02679999917746 206.0800653025508 0
      vertex 100.0307999998331 202.1891999989748 0
      vertex 82.40439999848604 199.7793795913458 0
    endloop
  endfacet
  facet normal 0 0 -1
    outer loop
      vertex 81.02679999917746 206.0800653025508 0
      vertex 100.0307999998331 216.0227999985218 0
      vertex 100.0307999998331 202.1891999989748 0
    endloop
  endfacet
  facet normal 0 0 1
    outer loop
      vertex 81.02679999917746 206.0800653025508 10
      vertex 82.40439999848604 199.7793795913458 10
      vertex 125.90760000050068 132.45000000298023 10
    endloop
  endfacet
  facet normal 0 0 1
    outer loop
      vertex 81.02679999917746 206.0800653025508 10
      vertex 100.0307999998331 202.1891999989748 10
      vertex 100.0307999998331 216.0227999985218 10
    endloop
  endfacet
  facet normal 0 0 1
    outer loop
      vertex 81.02679999917746 206.0800653025508 10
      vertex 125.90760000050068 132.45000000298023 10
      vertex 100.0307999998331 202.1891999989748 10
    endloop
  endfacet
  facet normal -0.9048270524660228 0.4257792915650656 0
    outer loop
      vertex 81.17189338684213 48.072985303593136 0.8000000000000007
      vertex 81.17189338684213 48.072985303593136 1.5567265298897706
      vertex 81.31443782060693 48.37590764482478 1.5144739611862992
    endloop
  endfacet
  facet normal -0.904827052466024 0.425779291565063 1.3533739663059784e-15
    outer loop
      vertex 81.17189338684213 48.072985303593136 0.8000000000000007
      vertex 81.31443782060693 48.37590764482478 1.5144739611862992
      vertex 81.38577261021968 48.52750178926129 0.8000000000000007
    endloop
  endfacet
  facet normal 0 0 1
    outer loop
      vertex 81.17189338684213 48.072985303593136 0.8000000000000007
      vertex 81.38577261021968 48.52750178926129 0.8000000000000007
      vertex 81.38577261021968 51.47249821073871 0.8000000000000007
    endloop
  endfacet
  facet normal 0 0 1
    outer loop
      vertex 81.17189338684213 48.072985303593136 0.8000000000000007
      vertex 81.38577261021968 51.47249821073871 0.8000000000000007
      vertex 81.17189338684213 51.927014696406864 0.8000000000000007
    endloop
  endfacet
  facet normal -0.7217910109242229 0.41672623445574564 0.5525911527208187
    outer loop
      vertex 81.17189338684213 48.072985303593136 1.5567265298897706
      vertex 81.91465304470476 48.10867460969753 2.5
      vertex 81.31443782060693 48.37590764482478 1.5144739611862992
    endloop
  endfacet
  facet normal -0.9048270524660228 -0.4257792915650656 0
    outer loop
      vertex 81.17189338684213 51.927014696406864 0.8000000000000007
      vertex 81.31443782060693 51.62409235517522 1.5144739611862992
      vertex 81.17189338684213 51.927014696406864 1.5567265298897706
    endloop
  endfacet
  facet normal -0.904827052466024 -0.425779291565063 1.3533739663059784e-15
    outer loop
      vertex 81.17189338684213 51.927014696406864 0.8000000000000007
      vertex 81.38577261021968 51.47249821073871 0.8000000000000007
      vertex 81.31443782060693 51.62409235517522 1.5144739611862992
    endloop
  endfacet
  facet normal -0.7217910109242229 -0.41672623445574564 0.5525911527208187
    outer loop
      vertex 81.17189338684213 51.927014696406864 1.5567265298897706
      vertex 81.31443782060693 51.62409235517522 1.5144739611862992
      vertex 81.91465304470476 51.89132539030247 2.5
    endloop
  endfacet
  facet normal -0.9048270524660263 0.42577929156505784 0
    outer loop
      vertex 81.31443782060693 48.37590764482478 1.5144739611862992
      vertex 81.38577261021968 48.52750178926129 1.5461448319618967
      vertex 81.38577261021968 48.52750178926129 0.8000000000000007
    endloop
  endfacet
  facet normal -0.7926604015805729 0.25755097689739576 0.5525911527208177
    outer loop
      vertex 81.31443782060693 48.37590764482478 1.5144739611862992
      vertex 81.91465304470476 48.10867460969753 2.5
      vertex 81.38577261021968 48.52750178926129 1.5461448319618967
    endloop
  endfacet
  facet normal -0.9048270524660263 -0.42577929156505784 0
    outer loop
      vertex 81.31443782060693 51.62409235517522 1.5144739611862992
      vertex 81.38577261021968 51.47249821073871 0.8000000000000007
      vertex 81.38577261021968 51.47249821073871 1.5461448319618967
    endloop
  endfacet
  facet normal -0.7926604015805729 -0.25755097689739576 0.5525911527208177
    outer loop
      vertex 81.31443782060693 51.62409235517522 1.5144739611862992
      vertex 81.38577261021968 51.47249821073871 1.5461448319618967
      vertex 81.91465304470476 51.89132539030247 2.5
    endloop
  endfacet
  facet normal -0.9510565162951532 0.30901699437494834 0
    outer loop
      vertex 81.38577261021968 48.52750178926129 0.8000000000000007
      vertex 81.38577261021968 48.52750178926129 1.5461448319618967
      vertex 81.5409993111812 49.00524045134058 1.546144831961895
    endloop
  endfacet
  facet normal 0 0 1
    outer loop
      vertex 81.38577261021968 48.52750178926129 0.8000000000000007
      vertex 81.5409993111812 49.00524045134058 0.8000000000000007
      vertex 81.5409993111812 50.99475954865942 0.8000000000000007
    endloop
  endfacet
  facet normal -0.9510565162951533 0.30901699437494834 0
    outer loop
      vertex 81.38577261021968 48.52750178926129 0.8000000000000007
      vertex 81.5409993111812 49.00524045134058 1.546144831961895
      vertex 81.5409993111812 49.00524045134058 0.8000000000000007
    endloop
  endfacet
  facet normal 0 0 1
    outer loop
      vertex 81.38577261021968 48.52750178926129 0.8000000000000007
      vertex 81.5409993111812 50.99475954865942 0.8000000000000007
      vertex 81.38577261021968 51.47249821073871 0.8000000000000007
    endloop
  endfacet
  facet normal -0.7926604015805676 0.25755097689740714 0.5525911527208198
    outer loop
      vertex 81.38577261021968 48.52750178926129 1.5461448319618967
      vertex 81.91465304470476 48.10867460969753 2.5
      vertex 82.21505301007886 49.03321063769742 2.5
    endloop
  endfacet
  facet normal -0.7926604015805679 0.2575509768974146 0.5525911527208162
    outer loop
      vertex 81.38577261021968 48.52750178926129 1.5461448319618967
      vertex 82.21505301007886 49.03321063769742 2.5
      vertex 81.5409993111812 49.00524045134058 1.546144831961895
    endloop
  endfacet
  facet normal -0.9510565162951532 -0.30901699437494834 0
    outer loop
      vertex 81.38577261021968 51.47249821073871 0.8000000000000007
      vertex 81.5409993111812 50.99475954865942 0.8000000000000007
      vertex 81.38577261021968 51.47249821073871 1.5461448319618967
    endloop
  endfacet
  facet normal -0.9510565162951532 -0.30901699437494834 0
    outer loop
      vertex 81.38577261021968 51.47249821073871 1.5461448319618967
      vertex 81.5409993111812 50.99475954865942 0.8000000000000007
      vertex 81.5409993111812 50.99475954865942 1.5461448319618967
    endloop
  endfacet
  facet normal -0.7926604015805678 -0.25755097689741246 0.552591152720817
    outer loop
      vertex 81.38577261021968 51.47249821073871 1.5461448319618967
      vertex 81.5409993111812 50.99475954865942 1.5461448319618967
      vertex 82.21505301007886 50.96678936230258 2.5
    endloop
  endfacet
  facet normal -0.7926604015805676 -0.25755097689740714 0.5525911527208198
    outer loop
      vertex 81.38577261021968 51.47249821073871 1.5461448319618967
      vertex 82.21505301007886 50.96678936230258 2.5
      vertex 81.91465304470476 51.89132539030247 2.5
    endloop
  endfacet
  facet normal -0.8660254037844397 0.4999999999999982 0
    outer loop
      vertex 81.42859569051018 47.26679857684 2.5
      vertex 81.42859569051018 47.26679857684 3.25
      vertex 81.91465304470476 48.10867460969753 2.5
    endloop
  endfacet
  facet normal -0.8660254037844397 0.4999999999999982 0
    outer loop
      vertex 81.42859569051018 47.26679857684 3.25
      vertex 81.91465304470476 48.10867460969753 3.25
      vertex 81.91465304470476 48.10867460969753 2.5
    endloop
  endfacet
  facet normal -0.8660254037844397 -0.4999999999999982 0
    outer loop
      vertex 81.42859569051018 52.73320142316 2.5
      vertex 81.91465304470476 51.89132539030247 2.5
      vertex 81.91465304470476 51.89132539030247 3.25
    endloop
  endfacet
  facet normal -0.8660254037844397 -0.4999999999999982 0
    outer loop
      vertex 81.42859569051018 52.73320142316 2.5
      vertex 81.91465304470476 51.89132539030247 3.25
      vertex 81.42859569051018 52.73320142316 3.25
    endloop
  endfacet
  facet normal -0.9510565162951552 0.3090169943749425 0
    outer loop
      vertex 81.45788031588347 48.31204293123543 4
      vertex 81.45788031588347 48.31204293123543 10
      vertex 81.72597920971197 49.1371664831063 4
    endloop
  endfacet
  facet normal -0.7926604015805707 0.257550976897408 -0.5525911527208153
    outer loop
      vertex 81.45788031588347 48.31204293123543 4
      vertex 81.72597920971197 49.1371664831063 4
      vertex 82.21505301007886 49.03321063769742 3.25
    endloop
  endfacet
  facet normal -0.7926604015805707 0.25755097689740825 -0.552591152720815
    outer loop
      vertex 81.45788031588347 48.31204293123543 4
      vertex 82.21505301007886 49.03321063769742 3.25
      vertex 81.91465304470476 48.10867460969753 3.25
    endloop
  endfacet
  facet normal -0.9510565162951552 0.3090169943749425 0
    outer loop
      vertex 81.45788031588347 48.31204293123543 10
      vertex 81.72597920971197 49.1371664831063 10
      vertex 81.72597920971197 49.1371664831063 4
    endloop
  endfacet
  facet normal 0 0 1
    outer loop
      vertex 81.45788031588347 48.31204293123543 10
      vertex 207.0486666659514 20 10
      vertex 207.0486666659514 30.33439999818802 10
    endloop
  endfacet
  facet normal 0 0 1
    outer loop
      vertex 81.45788031588347 48.31204293123543 10
      vertex 207.0486666659514 30.33439999818802 10
      vertex 81.72597920971197 49.1371664831063 10
    endloop
  endfacet
  facet normal -0.9510565162951552 -0.3090169943749425 0
    outer loop
      vertex 81.45788031588347 51.68795706876457 4
      vertex 81.72597920971197 50.8628335168937 4
      vertex 81.72597920971197 50.8628335168937 10
    endloop
  endfacet
  facet normal -0.9510565162951552 -0.3090169943749425 0
    outer loop
      vertex 81.45788031588347 51.68795706876457 4
      vertex 81.72597920971197 50.8628335168937 10
      vertex 81.45788031588347 51.68795706876457 10
    endloop
  endfacet
  facet normal -0.7926604015805707 -0.25755097689740825 -0.552591152720815
    outer loop
      vertex 81.45788031588347 51.68795706876457 4
      vertex 81.91465304470476 51.89132539030247 3.25
      vertex 82.21505301007886 50.96678936230258 3.25
    endloop
  endfacet
  facet normal -0.7926604015805707 -0.257550976897408 -0.5525911527208153
    outer loop
      vertex 81.45788031588347 51.68795706876457 4
      vertex 82.21505301007886 50.96678936230258 3.25
      vertex 81.72597920971197 50.8628335168937 4
    endloop
  endfacet
  facet normal 0 0 1
    outer loop
      vertex 81.45788031588347 51.68795706876457 10
      vertex 81.72597920971197 50.8628335168937 10
      vertex 220.64701769004265 51.187240816652775 10
    endloop
  endfacet
  facet normal -0.9822872507286802 0.18738131458576945 0
    outer loop
      vertex 81.5409993111812 49.00524045134058 0.8000000000000007
      vertex 81.5409993111812 49.00524045134058 1.546144831961895
      vertex 81.572393056528 49.16981222774721 1.5144739611862992
    endloop
  endfacet
  facet normal -0.9822872507286887 0.18738131458572496 1.0619152157050955e-14
    outer loop
      vertex 81.5409993111812 49.00524045134058 0.8000000000000007
      vertex 81.572393056528 49.16981222774721 1.5144739611862992
      vertex 81.63512547192458 49.49866706574278 0.8000000000000007
    endloop
  endfacet
  facet normal 0 0 1
    outer loop
      vertex 81.5409993111812 49.00524045134058 0.8000000000000007
      vertex 81.63512547192458 49.49866706574278 0.8000000000000007
      vertex 81.63512547192458 50.50133293425721 0.8000000000000007
    endloop
  endfacet
  facet normal 0 0 1
    outer loop
      vertex 81.5409993111812 49.00524045134058 0.8000000000000007
      vertex 81.63512547192458 50.50133293425721 0.8000000000000007
      vertex 81.5409993111812 50.99475954865942 0.8000000000000007
    endloop
  endfacet
  facet normal -0.7926604015805617 0.2575509768974446 0.5525911527208108
    outer loop
      vertex 81.5409993111812 49.00524045134058 1.546144831961895
      vertex 82.21505301007886 49.03321063769742 2.5
      vertex 81.572393056528 49.16981222774721 1.5144739611862992
    endloop
  endfacet
  facet normal -0.9822872507286801 -0.18738131458576945 0
    outer loop
      vertex 81.5409993111812 50.99475954865942 0.8000000000000007
      vertex 81.572393056528 50.83018777225279 1.5144739611862992
      vertex 81.5409993111812 50.99475954865942 1.5461448319618967
    endloop
  endfacet
  facet normal -0.9822872507286892 -0.18738131458572235 1.1242670877241773e-14
    outer loop
      vertex 81.5409993111812 50.99475954865942 0.8000000000000007
      vertex 81.63512547192458 50.50133293425721 0.8000000000000007
      vertex 81.572393056528 50.83018777225279 1.5144739611862992
    endloop
  endfacet
  facet normal -0.7926604015805603 -0.25755097689745027 0.5525911527208106
    outer loop
      vertex 81.5409993111812 50.99475954865942 1.5461448319618967
      vertex 81.572393056528 50.83018777225279 1.5144739611862992
      vertex 82.21505301007886 50.96678936230258 2.5
    endloop
  endfacet
  facet normal -0.9822872507286929 0.1873813145857027 0
    outer loop
      vertex 81.572393056528 49.16981222774721 1.5144739611862992
      vertex 81.63512547192458 49.49866706574278 1.5567265298897706
      vertex 81.63512547192458 49.49866706574278 0.8000000000000007
    endloop
  endfacet
  facet normal -0.8288867290812396 0.08711950578193224 0.5525911527208118
    outer loop
      vertex 81.572393056528 49.16981222774721 1.5144739611862992
      vertex 82.21505301007886 49.03321063769742 2.5
      vertex 81.63512547192458 49.49866706574278 1.5567265298897706
    endloop
  endfacet
  facet normal -0.9822872507286935 -0.18738131458569876 0
    outer loop
      vertex 81.572393056528 50.83018777225279 1.5144739611862992
      vertex 81.63512547192458 50.50133293425721 0.8000000000000007
      vertex 81.63512547192458 50.50133293425721 1.5567265298897706
    endloop
  endfacet
  facet normal -0.8288867290812398 -0.08711950578193041 0.5525911527208117
    outer loop
      vertex 81.572393056528 50.83018777225279 1.5144739611862992
      vertex 81.63512547192458 50.50133293425721 1.5567265298897706
      vertex 82.21505301007886 50.96678936230258 2.5
    endloop
  endfacet
  facet normal -0.9980267284282714 0.0627905195293152 0
    outer loop
      vertex 81.63512547192458 49.49866706574278 0.8000000000000007
      vertex 81.63512547192458 49.49866706574278 1.5567265298897706
      vertex 81.66666666666667 50 1.5249999999999986
    endloop
  endfacet
  facet normal 0 0 1
    outer loop
      vertex 81.63512547192458 49.49866706574278 0.8000000000000007
      vertex 81.66666666666667 50 0.8000000000000007
      vertex 81.63512547192458 50.50133293425721 0.8000000000000007
    endloop
  endfacet
  facet normal -0.9980267284282714 0.0627905195293152 0
    outer loop
      vertex 81.63512547192458 49.49866706574278 0.8000000000000007
      vertex 81.66666666666667 50 1.5249999999999986
      vertex 81.66666666666667 50 0.8000000000000007
    endloop
  endfacet
  facet normal -0.8288867290812331 0.08711950578195343 0.5525911527208182
    outer loop
      vertex 81.63512547192458 49.49866706574278 1.5567265298897706
      vertex 82.21505301007886 49.03321063769742 2.5
      vertex 81.66666666666667 50 1.5249999999999986
    endloop
  endfacet
  facet normal -0.9980267284282713 -0.06279051952931611 0
    outer loop
      vertex 81.63512547192458 50.50133293425721 0.8000000000000007
      vertex 81.66666666666667 50 0.8000000000000007
      vertex 81.66666666666667 50 1.5249999999999986
    endloop
  endfacet
  facet normal -0.9980267284282714 -0.0627905195293161 0
    outer loop
      vertex 81.63512547192458 50.50133293425721 0.8000000000000007
      vertex 81.66666666666667 50 1.5249999999999986
      vertex 81.63512547192458 50.50133293425721 1.5567265298897706
    endloop
  endfacet
  facet normal -0.8288867290812294 -0.08711950578195479 0.5525911527208236
    outer loop
      vertex 81.63512547192458 50.50133293425721 1.5567265298897706
      vertex 81.66666666666667 50 1.5249999999999986
      vertex 82.31666666666668 50 2.5
    endloop
  endfacet
  facet normal -0.8288867290812305 -0.0871195057819611 0.552591152720821
    outer loop
      vertex 81.63512547192458 50.50133293425721 1.5567265298897706
      vertex 82.31666666666668 50 2.5
      vertex 82.21505301007886 50.96678936230258 2.5
    endloop
  endfacet
  facet normal -0.828886729081229 0.08711950578196094 0.5525911527208234
    outer loop
      vertex 81.66666666666667 50 1.5249999999999986
      vertex 82.21505301007886 49.03321063769742 2.5
      vertex 82.31666666666668 50 2.5
    endloop
  endfacet
  facet normal -0.9945218953682727 0.10452846326765888 0
    outer loop
      vertex 81.72597920971197 49.1371664831063 4
      vertex 81.72597920971197 49.1371664831063 10
      vertex 81.81666666666668 50 4
    endloop
  endfacet
  facet normal -0.8288867290812312 0.08711950578195532 -0.5525911527208208
    outer loop
      vertex 81.72597920971197 49.1371664831063 4
      vertex 81.81666666666668 50 4
      vertex 82.31666666666668 50 3.25
    endloop
  endfacet
  facet normal -0.8288867290812338 0.08711950578196148 -0.5525911527208157
    outer loop
      vertex 81.72597920971197 49.1371664831063 4
      vertex 82.31666666666668 50 3.25
      vertex 82.21505301007886 49.03321063769742 3.25
    endloop
  endfacet
  facet normal -0.9945218953682727 0.10452846326765888 0
    outer loop
      vertex 81.72597920971197 49.1371664831063 10
      vertex 81.81666666666668 50 10
      vertex 81.81666666666668 50 4
    endloop
  endfacet
  facet normal 0 0 1
    outer loop
      vertex 81.72597920971197 49.1371664831063 10
      vertex 207.0486666659514 30.33439999818802 10
      vertex 81.81666666666668 50 10
    endloop
  endfacet
  facet normal -0.9945218953682727 -0.10452846326765888 0
    outer loop
      vertex 81.72597920971197 50.8628335168937 4
      vertex 81.81666666666668 50 4
      vertex 81.81666666666668 50 10
    endloop
  endfacet
  facet normal -0.9945218953682727 -0.10452846326765888 0
    outer loop
      vertex 81.72597920971197 50.8628335168937 4
      vertex 81.81666666666668 50 10
      vertex 81.72597920971197 50.8628335168937 10
    endloop
  endfacet
  facet normal -0.8288867290812338 -0.08711950578196148 -0.5525911527208157
    outer loop
      vertex 81.72597920971197 50.8628335168937 4
      vertex 82.21505301007886 50.96678936230258 3.25
      vertex 82.31666666666668 50 3.25
    endloop
  endfacet
  facet normal -0.8288867290812312 -0.08711950578195532 -0.5525911527208208
    outer loop
      vertex 81.72597920971197 50.8628335168937 4
      vertex 82.31666666666668 50 3.25
      vertex 81.81666666666668 50 4
    endloop
  endfacet
  facet normal 0 0 1
    outer loop
      vertex 81.72597920971197 50.8628335168937 10
      vertex 81.81666666666668 50 10
      vertex 220.64701769004265 51.187240816652775 10
    endloop
  endfacet
  facet normal 0 0 1
    outer loop
      vertex 81.81666666666668 50 10
      vertex 207.0486666659514 30.33439999818802 10
      vertex 208.2716380978624 33.0089550986886 10
    endloop
  endfacet
  facet normal 0 0 1
    outer loop
      vertex 81.81666666666668 50 10
      vertex 208.2716380978624 33.0089550986886 10
      vertex 209.5693523834149 35.592163264751434 10
    endloop
  endfacet
  facet normal 0 0 1
    outer loop
      vertex 81.81666666666668 50 10
      vertex 209.5693523834149 35.592163264751434 10
      vertex 210.9418095226089 38.084024488925934 10
    endloop
  endfacet
  facet normal 0 0 1
    outer loop
      vertex 81.81666666666668 50 10
      vertex 210.9418095226089 38.084024488925934 10
      vertex 212.389009522895 40.48453877866268 10
    endloop
  endfacet
  facet normal 0 0 1
    outer loop
      vertex 81.81666666666668 50 10
      vertex 212.389009522895 40.48453877866268 10
      vertex 213.9109523842732 42.793706119060516 10
    endloop
  endfacet
  facet normal 0 0 1
    outer loop
      vertex 81.81666666666668 50 10
      vertex 213.9109523842732 42.793706119060516 10
      vertex 215.50763809184232 45.01152653247118 10
    endloop
  endfacet
  facet normal 0 0 1
    outer loop
      vertex 81.81666666666668 50 10
      vertex 215.50763809184232 45.01152653247118 10
      vertex 217.17906666795412 47.13799999654293 10
    endloop
  endfacet
  facet normal 0 0 1
    outer loop
      vertex 81.81666666666668 50 10
      vertex 217.17906666795412 47.13799999654293 10
      vertex 218.90062584976354 49.19088163226843 10
    endloop
  endfacet
  facet normal 0 0 1
    outer loop
      vertex 81.81666666666668 50 10
      vertex 218.90062584976354 49.19088163226843 10
      vertex 220.64701769004265 51.187240816652775 10
    endloop
  endfacet
  facet normal -0.9510565162951551 0.30901699437494273 0
    outer loop
      vertex 81.91465304470476 48.10867460969753 2.5
      vertex 81.91465304470476 48.10867460969753 3.25
      vertex 82.21505301007886 49.03321063769742 2.5
    endloop
  endfacet
  facet normal -0.9510565162951551 0.30901699437494273 0
    outer loop
      vertex 81.91465304470476 48.10867460969753 3.25
      vertex 82.21505301007886 49.03321063769742 3.25
      vertex 82.21505301007886 49.03321063769742 2.5
    endloop
  endfacet
  facet normal -0.9510565162951551 -0.30901699437494273 0
    outer loop
      vertex 81.91465304470476 51.89132539030247 2.5
      vertex 82.21505301007886 50.96678936230258 2.5
      vertex 82.21505301007886 50.96678936230258 3.25
    endloop
  endfacet
  facet normal -0.9510565162951551 -0.30901699437494273 0
    outer loop
      vertex 81.91465304470476 51.89132539030247 2.5
      vertex 82.21505301007886 50.96678936230258 3.25
      vertex 81.91465304470476 51.89132539030247 3.25
    endloop
  endfacet
  facet normal -0.9945218953682721 0.10452846326766588 0
    outer loop
      vertex 82.21505301007886 49.03321063769742 2.5
      vertex 82.21505301007886 49.03321063769742 3.25
      vertex 82.31666666666668 50 2.5
    endloop
  endfacet
  facet normal -0.9945218953682721 0.10452846326766588 0
    outer loop
      vertex 82.21505301007886 49.03321063769742 3.25
      vertex 82.31666666666668 50 3.25
      vertex 82.31666666666668 50 2.5
    endloop
  endfacet
  facet normal -0.9945218953682721 -0.10452846326766588 0
    outer loop
      vertex 82.21505301007886 50.96678936230258 2.5
      vertex 82.31666666666668 50 2.5
      vertex 82.31666666666668 50 3.25
    endloop
  endfacet
  facet normal -0.9945218953682721 -0.10452846326766588 0
    outer loop
      vertex 82.21505301007886 50.96678936230258 2.5
      vertex 82.31666666666668 50 3.25
      vertex 82.21505301007886 50.96678936230258 3.25
    endloop
  endfacet
  facet normal -0.9887065795428676 0.14986427048714265 0
    outer loop
      vertex 82.31469387561083 155.24377959221601 0
      vertex 82.31469387561083 155.24377959221601 10
      vertex 83.34853061288595 162.06435918062925 0
    endloop
  endfacet
  facet normal 0 0 -1
    outer loop
      vertex 82.31469387561083 155.24377959221601 0
      vertex 83.34853061288595 162.06435918062925 0
      vertex 125.90760000050068 132.45000000298023 0
    endloop
  endfacet
  facet normal 0 0 -1
    outer loop
      vertex 82.31469387561083 155.24377959221601 0
      vertex 125.90760000050068 132.45000000298023 0
      vertex 96.69479999691248 132.45000000298023 0
    endloop
  endfacet
  facet normal -0.9887065795428676 0.14986427048714265 0
    outer loop
      vertex 82.31469387561083 155.24377959221601 10
      vertex 83.34853061288595 162.06435918062925 10
      vertex 83.34853061288595 162.06435918062925 0
    endloop
  endfacet
  facet normal 0 0 1
    outer loop
      vertex 82.31469387561083 155.24377959221601 10
      vertex 96.69479999691248 132.45000000298023 10
      vertex 125.90760000050068 132.45000000298023 10
    endloop
  endfacet
  facet normal 0 0 1
    outer loop
      vertex 82.31469387561083 155.24377959221601 10
      vertex 125.90760000050068 132.45000000298023 10
      vertex 83.34853061288595 162.06435918062925 10
    endloop
  endfacet
  facet normal -0.989941745773054 -0.1414755808463001 0
    outer loop
      vertex 82.40439999848604 199.7793795913458 0
      vertex 83.38840000331402 192.89407347142696 0
      vertex 83.38840000331402 192.89407347142696 10
    endloop
  endfacet
  facet normal -0.989941745773054 -0.1414755808463001 0
    outer loop
      vertex 82.40439999848604 199.7793795913458 0
      vertex 83.38840000331402 192.89407347142696 10
      vertex 82.40439999848604 199.7793795913458 10
    endloop
  endfacet
  facet normal 0 0 -1
    outer loop
      vertex 82.40439999848604 199.7793795913458 0
      vertex 100.0307999998331 202.1891999989748 0
      vertex 83.38840000331402 192.89407347142696 0
    endloop
  endfacet
  facet normal 0 0 1
    outer loop
      vertex 82.40439999848604 199.7793795913458 10
      vertex 83.38840000331402 192.89407347142696 10
      vertex 125.90760000050068 132.45000000298023 10
    endloop
  endfacet
  facet normal -0.9964817755866348 0.0838097304834458 0
    outer loop
      vertex 83.34853061288595 162.06435918062925 0
      vertex 83.34853061288595 162.06435918062925 10
      vertex 83.96883265674114 169.43963265419006 0
    endloop
  endfacet
  facet normal 0 0 -1
    outer loop
      vertex 83.34853061288595 162.06435918062925 0
      vertex 83.96883265674114 169.43963265419006 0
      vertex 125.90760000050068 132.45000000298023 0
    endloop
  endfacet
  facet normal -0.9964817755866348 0.0838097304834458 0
    outer loop
      vertex 83.34853061288595 162.06435918062925 10
      vertex 83.96883265674114 169.43963265419006 10
      vertex 83.96883265674114 169.43963265419006 0
    endloop
  endfacet
  facet normal 0 0 1
    outer loop
      vertex 83.34853061288595 162.06435918062925 10
      vertex 125.90760000050068 132.45000000298023 10
      vertex 83.96883265674114 169.43963265419006 10
    endloop
  endfacet
  facet normal -0.9968911403798338 -0.0787912065664335 0
    outer loop
      vertex 83.38840000331402 192.89407347142696 0
      vertex 83.97879999876022 185.42414693534374 0
      vertex 83.97879999876022 185.42414693534374 10
    endloop
  endfacet
  facet normal -0.9968911403798338 -0.0787912065664335 0
    outer loop
      vertex 83.38840000331402 192.89407347142696 0
      vertex 83.97879999876022 185.42414693534374 10
      vertex 83.38840000331402 192.89407347142696 10
    endloop
  endfacet
  facet normal 0 0 -1
    outer loop
      vertex 83.38840000331402 192.89407347142696 0
      vertex 100.0307999998331 202.1891999989748 0
      vertex 83.97879999876022 185.42414693534374 0
    endloop
  endfacet
  facet normal 0 0 1
    outer loop
      vertex 83.38840000331402 192.89407347142696 10
      vertex 83.97879999876022 185.42414693534374 10
      vertex 125.90760000050068 132.45000000298023 10
    endloop
  endfacet
  facet normal -0.9996602419744544 0.026065314415436188 0
    outer loop
      vertex 83.96883265674114 169.43963265419006 0
      vertex 83.96883265674114 169.43963265419006 10
      vertex 84.17559999972582 177.36959999799728 0
    endloop
  endfacet
  facet normal 0 0 -1
    outer loop
      vertex 83.96883265674114 169.43963265419006 0
      vertex 84.17559999972582 177.36959999799728 0
      vertex 125.90760000050068 132.45000000298023 0
    endloop
  endfacet
  facet normal -0.9996602419744544 0.026065314415436188 0
    outer loop
      vertex 83.96883265674114 169.43963265419006 10
      vertex 84.17559999972582 177.36959999799728 10
      vertex 84.17559999972582 177.36959999799728 0
    endloop
  endfacet
  facet normal 0 0 1
    outer loop
      vertex 83.96883265674114 169.43963265419006 10
      vertex 125.90760000050068 132.45000000298023 10
      vertex 84.17559999972582 177.36959999799728 10
    endloop
  endfacet
  facet normal -0.9997016379626055 -0.024426114199436723 0
    outer loop
      vertex 83.97879999876022 185.42414693534374 0
      vertex 84.17559999972582 177.36959999799728 0
      vertex 84.17559999972582 177.36959999799728 10
    endloop
  endfacet
  facet normal -0.9997016379626055 -0.024426114199436723 0
    outer loop
      vertex 83.97879999876022 185.42414693534374 0
      vertex 84.17559999972582 177.36959999799728 10
      vertex 83.97879999876022 185.42414693534374 10
    endloop
  endfacet
  facet normal 0 0 -1
    outer loop
      vertex 83.97879999876022 185.42414693534374 0
      vertex 100.0307999998331 202.1891999989748 0
      vertex 84.17559999972582 177.36959999799728 0
    endloop
  endfacet
  facet normal 0 0 1
    outer loop
      vertex 83.97879999876022 185.42414693534374 10
      vertex 84.17559999972582 177.36959999799728 10
      vertex 125.90760000050068 132.45000000298023 10
    endloop
  endfacet
  facet normal 0 0 -1
    outer loop
      vertex 84.17559999972582 177.36959999799728 0
      vertex 100.0307999998331 202.1891999989748 0
      vertex 125.90760000050068 132.45000000298023 0
    endloop
  endfacet
  facet normal 0 1 0
    outer loop
      vertex 96.69479999691248 120 0
      vertex 96.69479999691248 120 10
      vertex 168.54839999973774 120 0
    endloop
  endfacet
  facet normal 1 0 0
    outer loop
      vertex 96.69479999691248 120 0
      vertex 96.69479999691248 132.45000000298023 0
      vertex 96.69479999691248 132.45000000298023 10
    endloop
  endfacet
  facet normal 1 0 0
    outer loop
      vertex 96.69479999691248 120 0
      vertex 96.69479999691248 132.45000000298023 10
      vertex 96.69479999691248 120 10
    endloop
  endfacet
  facet normal 0 1 0
    outer loop
      vertex 96.69479999691248 120 10
      vertex 168.54839999973774 120 10
      vertex 168.54839999973774 120 0
    endloop
  endfacet
  facet normal 0 -1 0
    outer loop
      vertex 96.69479999691248 132.45000000298023 0
      vertex 125.90760000050068 132.45000000298023 0
      vertex 125.90760000050068 132.45000000298023 10
    endloop
  endfacet
  facet normal 0 -1 0
    outer loop
      vertex 96.69479999691248 132.45000000298023 0
      vertex 125.90760000050068 132.45000000298023 10
      vertex 96.69479999691248 132.45000000298023 10
    endloop
  endfacet
  facet normal -0.5809918117080154 0.8139094020394642 0
    outer loop
      vertex 100.0307999998331 202.1891999989748 0
      vertex 100.0307999998331 202.1891999989748 10
      vertex 125.90760000050068 220.66080000251532 0
    endloop
  endfacet
  facet normal 1 0 0
    outer loop
      vertex 100.0307999998331 202.1891999989748 0
      vertex 100.0307999998331 216.0227999985218 0
      vertex 100.0307999998331 216.0227999985218 10
    endloop
  endfacet
  facet normal 1 0 0
    outer loop
      vertex 100.0307999998331 202.1891999989748 0
      vertex 100.0307999998331 216.0227999985218 10
      vertex 100.0307999998331 202.1891999989748 10
    endloop
  endfacet
  facet normal 0 0 -1
    outer loop
      vertex 100.0307999998331 202.1891999989748 0
      vertex 125.90760000050068 220.66080000251532 0
      vertex 125.90760000050068 132.45000000298023 0
    endloop
  endfacet
  facet normal 0 0 1
    outer loop
      vertex 100.0307999998331 202.1891999989748 10
      vertex 125.90760000050068 132.45000000298023 10
      vertex 125.90760000050068 220.66080000251532 10
    endloop
  endfacet
  facet normal -0.5809918117080154 0.8139094020394642 0
    outer loop
      vertex 100.0307999998331 202.1891999989748 10
      vertex 125.90760000050068 220.66080000251532 10
      vertex 125.90760000050068 220.66080000251532 0
    endloop
  endfacet
  facet normal 0.5666248304471327 -0.8239759107648463 0
    outer loop
      vertex 100.0307999998331 216.0227999985218 0
      vertex 127.12919999659061 234.65760000050068 0
      vertex 127.12919999659061 234.65760000050068 10
    endloop
  endfacet
  facet normal 0.5666248304471327 -0.8239759107648463 0
    outer loop
      vertex 100.0307999998331 216.0227999985218 0
      vertex 127.12919999659061 234.65760000050068 10
      vertex 100.0307999998331 216.0227999985218 10
    endloop
  endfacet
  facet normal 1 0 0
    outer loop
      vertex 125.90760000050068 132.45000000298023 0
      vertex 125.90760000050068 220.66080000251532 0
      vertex 125.90760000050068 220.66080000251532 10
    endloop
  endfacet
  facet normal 1 0 0
    outer loop
      vertex 125.90760000050068 132.45000000298023 0
      vertex 125.90760000050068 220.66080000251532 10
      vertex 125.90760000050068 132.45000000298023 10
    endloop
  endfacet
  facet normal 0 -1 0
    outer loop
      vertex 127.12919999659061 234.65760000050068 0
      vertex 140.63759999722242 234.65760000050068 0
      vertex 140.63759999722242 234.65760000050068 10
    endloop
  endfacet
  facet normal 0 -1 0
    outer loop
      vertex 127.12919999659061 234.65760000050068 0
      vertex 140.63759999722242 234.65760000050068 10
      vertex 127.12919999659061 234.65760000050068 10
    endloop
  endfacet
  facet normal 0 0 1
    outer loop
      vertex 127.12919999659061 234.65760000050068 10
      vertex 140.63759999722242 234.65760000050068 10
      vertex 465 250 10
    endloop
  endfacet
  facet normal -1 0 0
    outer loop
      vertex 140.63759999722242 132.45000000298023 0
      vertex 140.63759999722242 132.45000000298023 10
      vertex 140.63759999722242 234.65760000050068 10
    endloop
  endfacet
  facet normal 0 0 -1
    outer loop
      vertex 140.63759999722242 132.45000000298023 0
      vertex 140.63759999722242 234.65760000050068 0
      vertex 168.54839999973774 132.45000000298023 0
    endloop
  endfacet
  facet normal -1 0 0
    outer loop
      vertex 140.63759999722242 132.45000000298023 0
      vertex 140.63759999722242 234.65760000050068 10
      vertex 140.63759999722242 234.65760000050068 0
    endloop
  endfacet
  facet normal 0 -1 0
    outer loop
      vertex 140.63759999722242 132.45000000298023 0
      vertex 168.54839999973774 132.45000000298023 0
      vertex 168.54839999973774 132.45000000298023 10
    endloop
  endfacet
  facet normal 0 -1 0
    outer loop
      vertex 140.63759999722242 132.45000000298023 0
      vertex 168.54839999973774 132.45000000298023 10
      vertex 140.63759999722242 132.45000000298023 10
    endloop
  endfacet
  facet normal 0 0 1
    outer loop
      vertex 140.63759999722242 132.45000000298023 10
      vertex 168.54839999973774 132.45000000298023 10
      vertex 140.63759999722242 234.65760000050068 10
    endloop
  endfacet
  facet normal 0 0 -1
    outer loop
      vertex 140.63759999722242 234.65760000050068 0
      vertex 214.32098503659168 123.11982040852308 0
      vertex 168.54839999973774 132.45000000298023 0
    endloop
  endfacet
  facet normal 0 0 -1
    outer loop
      vertex 140.63759999722242 234.65760000050068 0
      vertex 216.67673197637 125.78849796205759 0
      vertex 214.32098503659168 123.11982040852308 0
    endloop
  endfacet
  facet normal 0 0 -1
    outer loop
      vertex 140.63759999722242 234.65760000050068 0
      vertex 219.37626666824022 128.2280000001192 0
      vertex 216.67673197637 125.78849796205759 0
    endloop
  endfacet
  facet normal 0 0 -1
    outer loop
      vertex 140.63759999722242 234.65760000050068 0
      vertex 222.36478095004955 130.38716734945774 0
      vertex 219.37626666824022 128.2280000001192 0
    endloop
  endfacet
  facet normal 0 0 -1
    outer loop
      vertex 140.63759999722242 234.65760000050068 0
      vertex 225.5874666670958 132.214155100286 0
      vertex 222.36478095004955 130.38716734945774 0
    endloop
  endfacet
  facet normal 0 0 -1
    outer loop
      vertex 140.63759999722242 234.65760000050068 0
      vertex 229.04432381192842 133.70896326750517 0
      vertex 225.5874666670958 132.214155100286 0
    endloop
  endfacet
  facet normal 0 0 -1
    outer loop
      vertex 140.63759999722242 234.65760000050068 0
      vertex 232.73535238454738 134.87159183621407 0
      vertex 229.04432381192842 133.70896326750517 0
    endloop
  endfacet
  facet normal 0 0 -1
    outer loop
      vertex 140.63759999722242 234.65760000050068 0
      vertex 236.6605523775021 135.70204081386328 0
      vertex 232.73535238454738 134.87159183621407 0
    endloop
  endfacet
  facet normal 0 0 -1
    outer loop
      vertex 140.63759999722242 234.65760000050068 0
      vertex 240.81992381314436 136.2003102004528 0
      vertex 236.6605523775021 135.70204081386328 0
    endloop
  endfacet
  facet normal 0 0 -1
    outer loop
      vertex 140.63759999722242 234.65760000050068 0
      vertex 245.21346666912237 136.36640000343323 0
      vertex 240.81992381314436 136.2003102004528 0
    endloop
  endfacet
  facet normal 0 0 -1
    outer loop
      vertex 140.63759999722242 234.65760000050068 0
      vertex 250.00210339824358 136.19950204342604 0
      vertex 245.21346666912237 136.36640000343323 0
    endloop
  endfacet
  facet normal 0 0 -1
    outer loop
      vertex 140.63759999722242 234.65760000050068 0
      vertex 465 250 0
      vertex 250.00210339824358 136.19950204342604 0
    endloop
  endfacet
  facet normal 0 0 1
    outer loop
      vertex 140.63759999722242 234.65760000050068 10
      vertex 168.54839999973774 132.45000000298023 10
      vertex 184.77402079028803 125.8628335168937 10
    endloop
  endfacet
  facet normal 0 0 1
    outer loop
      vertex 140.63759999722242 234.65760000050068 10
      vertex 184.77402079028803 125.8628335168937 10
      vertex 185.04211968411653 126.68795706876458 10
    endloop
  endfacet
  facet normal 0 0 1
    outer loop
      vertex 140.63759999722242 234.65760000050068 10
      vertex 185.04211968411653 126.68795706876458 10
      vertex 185.4759128066773 127.43930879701377 10
    endloop
  endfacet
  facet normal 0 0 1
    outer loop
      vertex 140.63759999722242 234.65760000050068 10
      vertex 185.4759128066773 127.43930879701377 10
      vertex 186.05644131694405 128.08405102573118 10
    endloop
  endfacet
  facet normal 0 0 1
    outer loop
      vertex 140.63759999722242 234.65760000050068 10
      vertex 186.05644131694405 128.08405102573118 10
      vertex 186.75833333333333 128.59400542570543 10
    endloop
  endfacet
  facet normal 0 0 1
    outer loop
      vertex 140.63759999722242 234.65760000050068 10
      vertex 186.75833333333333 128.59400542570543 10
      vertex 187.55091280667727 128.9468845426249 10
    endloop
  endfacet
  facet normal 0 0 1
    outer loop
      vertex 140.63759999722242 234.65760000050068 10
      vertex 187.55091280667727 128.9468845426249 10
      vertex 188.39954021077256 129.12726586577833 10
    endloop
  endfacet
  facet normal 0 0 1
    outer loop
      vertex 140.63759999722242 234.65760000050068 10
      vertex 188.39954021077256 129.12726586577833 10
      vertex 189.26712645589407 129.12726586577833 10
    endloop
  endfacet
  facet normal 0 0 1
    outer loop
      vertex 140.63759999722242 234.65760000050068 10
      vertex 189.26712645589407 129.12726586577833 10
      vertex 190.11575385998935 128.9468845426249 10
    endloop
  endfacet
  facet normal 0 0 1
    outer loop
      vertex 140.63759999722242 234.65760000050068 10
      vertex 190.11575385998935 128.9468845426249 10
      vertex 190.9083333333333 128.59400542570543 10
    endloop
  endfacet
  facet normal 0 0 1
    outer loop
      vertex 140.63759999722242 234.65760000050068 10
      vertex 190.9083333333333 128.59400542570543 10
      vertex 191.61022534972258 128.08405102573118 10
    endloop
  endfacet
  facet normal 0 0 1
    outer loop
      vertex 140.63759999722242 234.65760000050068 10
      vertex 191.61022534972258 128.08405102573118 10
      vertex 219.37626666824022 128.2280000001192 10
    endloop
  endfacet
  facet normal 0 0 1
    outer loop
      vertex 140.63759999722242 234.65760000050068 10
      vertex 219.37626666824022 128.2280000001192 10
      vertex 222.36478095004955 130.38716734945774 10
    endloop
  endfacet
  facet normal 0 0 1
    outer loop
      vertex 140.63759999722242 234.65760000050068 10
      vertex 222.36478095004955 130.38716734945774 10
      vertex 225.5874666670958 132.214155100286 10
    endloop
  endfacet
  facet normal 0 0 1
    outer loop
      vertex 140.63759999722242 234.65760000050068 10
      vertex 225.5874666670958 132.214155100286 10
      vertex 229.04432381192842 133.70896326750517 10
    endloop
  endfacet
  facet normal 0 0 1
    outer loop
      vertex 140.63759999722242 234.65760000050068 10
      vertex 229.04432381192842 133.70896326750517 10
      vertex 232.73535238454738 134.87159183621407 10
    endloop
  endfacet
  facet normal 0 0 1
    outer loop
      vertex 140.63759999722242 234.65760000050068 10
      vertex 232.73535238454738 134.87159183621407 10
      vertex 236.6605523775021 135.70204081386328 10
    endloop
  endfacet
  facet normal 0 0 1
    outer loop
      vertex 140.63759999722242 234.65760000050068 10
      vertex 236.6605523775021 135.70204081386328 10
      vertex 240.81992381314436 136.2003102004528 10
    endloop
  endfacet
  facet normal 0 0 1
    outer loop
      vertex 140.63759999722242 234.65760000050068 10
      vertex 240.81992381314436 136.2003102004528 10
      vertex 245.21346666912237 136.36640000343323 10
    endloop
  endfacet
  facet normal 0 0 1
    outer loop
      vertex 140.63759999722242 234.65760000050068 10
      vertex 245.21346666912237 136.36640000343323 10
      vertex 250.00210339824358 136.19950204342604 10
    endloop
  endfacet
  facet normal 0 0 1
    outer loop
      vertex 140.63759999722242 234.65760000050068 10
      vertex 250.00210339824358 136.19950204342604 10
      vertex 254.46355646351972 135.69880816340446 10
    endloop
  endfacet
  facet normal 0 0 1
    outer loop
      vertex 140.63759999722242 234.65760000050068 10
      vertex 254.46355646351972 135.69880816340446 10
      vertex 258.5978258500496 134.8643183708191 10
    endloop
  endfacet
  facet normal 0 0 1
    outer loop
      vertex 140.63759999722242 234.65760000050068 10
      vertex 258.5978258500496 134.8643183708191 10
      vertex 262.4049115652839 133.69603265076876 10
    endloop
  endfacet
  facet normal 0 0 1
    outer loop
      vertex 140.63759999722242 234.65760000050068 10
      vertex 262.4049115652839 133.69603265076876 10
      vertex 329.27402079028803 201.13716648310628 10
    endloop
  endfacet
  facet normal 0 0 1
    outer loop
      vertex 140.63759999722242 234.65760000050068 10
      vertex 329.18333333333334 202 10
      vertex 329.27402079028803 202.86283351689372 10
    endloop
  endfacet
  facet normal 0 0 1
    outer loop
      vertex 140.63759999722242 234.65760000050068 10
      vertex 329.27402079028803 201.13716648310628 10
      vertex 329.18333333333334 202 10
    endloop
  endfacet
  facet normal 0 0 1
    outer loop
      vertex 140.63759999722242 234.65760000050068 10
      vertex 329.27402079028803 202.86283351689372 10
      vertex 329.5421196841165 203.68795706876458 10
    endloop
  endfacet
  facet normal 0 0 1
    outer loop
      vertex 140.63759999722242 234.65760000050068 10
      vertex 329.5421196841165 203.68795706876458 10
      vertex 329.9759128066773 204.43930879701375 10
    endloop
  endfacet
  facet normal 0 0 1
    outer loop
      vertex 140.63759999722242 234.65760000050068 10
      vertex 329.9759128066773 204.43930879701375 10
      vertex 330.5564413169441 205.08405102573118 10
    endloop
  endfacet
  facet normal 0 0 1
    outer loop
      vertex 140.63759999722242 234.65760000050068 10
      vertex 330.5564413169441 205.08405102573118 10
      vertex 331.2583333333333 205.59400542570543 10
    endloop
  endfacet
  facet normal 0 0 1
    outer loop
      vertex 140.63759999722242 234.65760000050068 10
      vertex 331.2583333333333 205.59400542570543 10
      vertex 332.0509128066773 205.9468845426249 10
    endloop
  endfacet
  facet normal 0 0 1
    outer loop
      vertex 140.63759999722242 234.65760000050068 10
      vertex 332.0509128066773 205.9468845426249 10
      vertex 332.89954021077256 206.12726586577833 10
    endloop
  endfacet
  facet normal 0 0 1
    outer loop
      vertex 140.63759999722242 234.65760000050068 10
      vertex 332.89954021077256 206.12726586577833 10
      vertex 333.7671264558941 206.12726586577833 10
    endloop
  endfacet
  facet normal 0 0 1
    outer loop
      vertex 140.63759999722242 234.65760000050068 10
      vertex 333.7671264558941 206.12726586577833 10
      vertex 465 250 10
    endloop
  endfacet
  facet normal -1 0 0
    outer loop
      vertex 168.54839999973774 120 0
      vertex 168.54839999973774 120 10
      vertex 168.54839999973774 132.45000000298023 0
    endloop
  endfacet
  facet normal 0 0 -1
    outer loop
      vertex 168.54839999973774 120 0
      vertex 168.54839999973774 132.45000000298023 0
      vertex 210.64085442076126 117.09493877738714 0
    endloop
  endfacet
  facet normal -1 0 0
    outer loop
      vertex 168.54839999973774 120 10
      vertex 168.54839999973774 132.45000000298023 10
      vertex 168.54839999973774 132.45000000298023 0
    endloop
  endfacet
  facet normal 0 0 1
    outer loop
      vertex 168.54839999973774 120 10
      vertex 184.77402079028803 125.8628335168937 10
      vertex 168.54839999973774 132.45000000298023 10
    endloop
  endfacet
  facet normal 0 0 -1
    outer loop
      vertex 168.54839999973774 132.45000000298023 0
      vertex 212.30902584890524 120.22196734696627 0
      vertex 210.64085442076126 117.09493877738714 0
    endloop
  endfacet
  facet normal 0 0 -1
    outer loop
      vertex 168.54839999973774 132.45000000298023 0
      vertex 214.32098503659168 123.11982040852308 0
      vertex 212.30902584890524 120.22196734696627 0
    endloop
  endfacet
  facet normal 0.9945218953682735 0.10452846326765142 0
    outer loop
      vertex 184.1833333333333 125 2.5
      vertex 184.1833333333333 125 3.25
      vertex 184.2849469899211 124.03321063769742 2.5
    endloop
  endfacet
  facet normal 0.8288867290812287 0.08711950578194877 0.5525911527208257
    outer loop
      vertex 184.1833333333333 125 2.5
      vertex 184.2849469899211 124.03321063769742 2.5
      vertex 184.8648745280754 124.49866706574278 1.5567265298897706
    endloop
  endfacet
  facet normal 0.9945218953682735 -0.10452846326765142 0
    outer loop
      vertex 184.1833333333333 125 2.5
      vertex 184.2849469899211 125.96678936230258 2.5
      vertex 184.2849469899211 125.96678936230258 3.25
    endloop
  endfacet
  facet normal 0.9945218953682735 -0.10452846326765142 0
    outer loop
      vertex 184.1833333333333 125 2.5
      vertex 184.2849469899211 125.96678936230258 3.25
      vertex 184.1833333333333 125 3.25
    endloop
  endfacet
  facet normal 0.8288867290812297 -0.08711950578194887 0.5525911527208239
    outer loop
      vertex 184.1833333333333 125 2.5
      vertex 184.83333333333331 125 1.5249999999999986
      vertex 184.2849469899211 125.96678936230258 2.5
    endloop
  endfacet
  facet normal 0.8288867290812294 0.08711950578195375 0.5525911527208237
    outer loop
      vertex 184.1833333333333 125 2.5
      vertex 184.8648745280754 124.49866706574278 1.5567265298897706
      vertex 184.83333333333331 125 1.5249999999999986
    endloop
  endfacet
  facet normal 0.9945218953682735 0.10452846326765142 0
    outer loop
      vertex 184.1833333333333 125 3.25
      vertex 184.2849469899211 124.03321063769742 3.25
      vertex 184.2849469899211 124.03321063769742 2.5
    endloop
  endfacet
  facet normal 0.8288867290812212 -0.08711950578194796 -0.5525911527208371
    outer loop
      vertex 184.1833333333333 125 3.25
      vertex 184.2849469899211 125.96678936230258 3.25
      vertex 184.77402079028803 125.8628335168937 4
    endloop
  endfacet
  facet normal 0.8288867290812303 0.08711950578196886 -0.5525911527208202
    outer loop
      vertex 184.1833333333333 125 3.25
      vertex 184.6833333333333 125 4
      vertex 184.77402079028803 124.1371664831063 4
    endloop
  endfacet
  facet normal 0.8288867290812212 0.08711950578194796 -0.5525911527208371
    outer loop
      vertex 184.1833333333333 125 3.25
      vertex 184.77402079028803 124.1371664831063 4
      vertex 184.2849469899211 124.03321063769742 3.25
    endloop
  endfacet
  facet normal 0.8288867290812303 -0.08711950578196886 -0.5525911527208202
    outer loop
      vertex 184.1833333333333 125 3.25
      vertex 184.77402079028803 125.8628335168937 4
      vertex 184.6833333333333 125 4
    endloop
  endfacet
  facet normal 0.9510565162951508 0.30901699437495594 0
    outer loop
      vertex 184.2849469899211 124.03321063769742 2.5
      vertex 184.2849469899211 124.03321063769742 3.25
      vertex 184.58534695529522 123.10867460969753 2.5
    endloop
  endfacet
  facet normal 0.7926604015805672 0.2575509768974193 0.5525911527208148
    outer loop
      vertex 184.2849469899211 124.03321063769742 2.5
      vertex 184.58534695529522 123.10867460969753 2.5
      vertex 185.1142273897803 123.5275017892613 1.5461448319618967
    endloop
  endfacet
  facet normal 0.8288867290812238 0.08711950578196473 0.5525911527208304
    outer loop
      vertex 184.2849469899211 124.03321063769742 2.5
      vertex 184.927606943472 124.16981222774722 1.5144739611862992
      vertex 184.8648745280754 124.49866706574278 1.5567265298897706
    endloop
  endfacet
  facet normal 0.7926604015805883 0.257550976897312 0.5525911527208345
    outer loop
      vertex 184.2849469899211 124.03321063769742 2.5
      vertex 184.95900068881878 124.00524045134058 1.5461448319618967
      vertex 184.927606943472 124.16981222774722 1.5144739611862992
    endloop
  endfacet
  facet normal 0.792660401580567 0.257550976897416 0.5525911527208165
    outer loop
      vertex 184.2849469899211 124.03321063769742 2.5
      vertex 185.1142273897803 123.5275017892613 1.5461448319618967
      vertex 184.95900068881878 124.00524045134058 1.5461448319618967
    endloop
  endfacet
  facet normal 0.9510565162951508 0.30901699437495594 0
    outer loop
      vertex 184.2849469899211 124.03321063769742 3.25
      vertex 184.58534695529522 123.10867460969753 3.25
      vertex 184.58534695529522 123.10867460969753 2.5
    endloop
  endfacet
  facet normal 0.7926604015805581 0.2575509768974017 -0.5525911527208363
    outer loop
      vertex 184.2849469899211 124.03321063769742 3.25
      vertex 184.77402079028803 124.1371664831063 4
      vertex 185.04211968411653 123.31204293123542 4
    endloop
  endfacet
  facet normal 0.7926604015805612 0.25755097689741735 -0.5525911527208243
    outer loop
      vertex 184.2849469899211 124.03321063769742 3.25
      vertex 185.04211968411653 123.31204293123542 4
      vertex 184.58534695529522 123.10867460969753 3.25
    endloop
  endfacet
  facet normal 0.9510565162951508 -0.30901699437495594 0
    outer loop
      vertex 184.2849469899211 125.96678936230258 2.5
      vertex 184.58534695529522 126.89132539030247 2.5
      vertex 184.58534695529522 126.89132539030247 3.25
    endloop
  endfacet
  facet normal 0.9510565162951508 -0.30901699437495594 0
    outer loop
      vertex 184.2849469899211 125.96678936230258 2.5
      vertex 184.58534695529522 126.89132539030247 3.25
      vertex 184.2849469899211 125.96678936230258 3.25
    endloop
  endfacet
  facet normal 0.8288867290812272 -0.08711950578195365 0.5525911527208273
    outer loop
      vertex 184.2849469899211 125.96678936230258 2.5
      vertex 184.83333333333331 125 1.5249999999999986
      vertex 184.8648745280754 125.50133293425722 1.5567265298897706
    endloop
  endfacet
  facet normal 0.8288867290812238 -0.08711950578196473 0.5525911527208304
    outer loop
      vertex 184.2849469899211 125.96678936230258 2.5
      vertex 184.8648745280754 125.50133293425722 1.5567265298897706
      vertex 184.927606943472 125.83018777225278 1.5144739611862992
    endloop
  endfacet
  facet normal 0.7926604015805883 -0.257550976897312 0.5525911527208345
    outer loop
      vertex 184.2849469899211 125.96678936230258 2.5
      vertex 184.927606943472 125.83018777225278 1.5144739611862992
      vertex 184.95900068881878 125.99475954865942 1.5461448319618967
    endloop
  endfacet
  facet normal 0.792660401580567 -0.257550976897416 0.5525911527208165
    outer loop
      vertex 184.2849469899211 125.96678936230258 2.5
      vertex 184.95900068881878 125.99475954865942 1.5461448319618967
      vertex 185.1142273897803 126.4724982107387 1.5461448319618967
    endloop
  endfacet
  facet normal 0.7926604015805672 -0.2575509768974193 0.5525911527208148
    outer loop
      vertex 184.2849469899211 125.96678936230258 2.5
      vertex 185.1142273897803 126.4724982107387 1.5461448319618967
      vertex 184.58534695529522 126.89132539030247 2.5
    endloop
  endfacet
  facet normal 0.7926604015805612 -0.25755097689741735 -0.5525911527208243
    outer loop
      vertex 184.2849469899211 125.96678936230258 3.25
      vertex 184.58534695529522 126.89132539030247 3.25
      vertex 185.04211968411653 126.68795706876458 4
    endloop
  endfacet
  facet normal 0.7926604015805581 -0.2575509768974017 -0.5525911527208363
    outer loop
      vertex 184.2849469899211 125.96678936230258 3.25
      vertex 185.04211968411653 126.68795706876458 4
      vertex 184.77402079028803 125.8628335168937 4
    endloop
  endfacet
  facet normal 0.8660254037844334 0.5000000000000092 0
    outer loop
      vertex 184.58534695529522 123.10867460969753 2.5
      vertex 184.58534695529522 123.10867460969753 3.25
      vertex 185.07140430948982 122.26679857684 2.5
    endloop
  endfacet
  facet normal 0.7217910109242219 0.4167262344557619 0.5525911527208076
    outer loop
      vertex 184.58534695529522 123.10867460969753 2.5
      vertex 185.07140430948982 122.26679857684 2.5
      vertex 185.5972653558335 122.6488589908301 1.5249999999999986
    endloop
  endfacet
  facet normal 0.792660401580554 0.2575509768974487 0.5525911527208202
    outer loop
      vertex 184.58534695529522 123.10867460969753 2.5
      vertex 185.18556217939306 123.37590764482478 1.5144739611862992
      vertex 185.1142273897803 123.5275017892613 1.5461448319618967
    endloop
  endfacet
  facet normal 0.7217910109242045 0.4167262344557802 0.5525911527208168
    outer loop
      vertex 184.58534695529522 123.10867460969753 2.5
      vertex 185.32810661315787 123.07298530359314 1.5567265298897706
      vertex 185.18556217939306 123.37590764482478 1.5144739611862992
    endloop
  endfacet
  facet normal 0.7217910109242281 0.41672623445571094 0.5525911527208381
    outer loop
      vertex 184.58534695529522 123.10867460969753 2.5
      vertex 185.5972653558335 122.6488589908301 1.5249999999999986
      vertex 185.32810661315787 123.07298530359314 1.5567265298897706
    endloop
  endfacet
  facet normal 0.7217910109242189 0.4167262344557471 -0.5525911527208228
    outer loop
      vertex 184.58534695529522 123.10867460969753 3.25
      vertex 185.04211968411653 123.31204293123542 4
      vertex 185.4759128066773 122.56069120298623 4
    endloop
  endfacet
  facet normal 0.8660254037844334 0.5000000000000092 0
    outer loop
      vertex 184.58534695529522 123.10867460969753 3.25
      vertex 185.07140430948982 122.26679857684 3.25
      vertex 185.07140430948982 122.26679857684 2.5
    endloop
  endfacet
  facet normal 0.7217910109242188 0.41672623445576007 -0.5525911527208133
    outer loop
      vertex 184.58534695529522 123.10867460969753 3.25
      vertex 185.4759128066773 122.56069120298623 4
      vertex 185.07140430948982 122.26679857684 3.25
    endloop
  endfacet
  facet normal 0.8660254037844334 -0.5000000000000092 0
    outer loop
      vertex 184.58534695529522 126.89132539030247 2.5
      vertex 185.07140430948982 127.73320142316 2.5
      vertex 185.07140430948982 127.73320142316 3.25
    endloop
  endfacet
  facet normal 0.8660254037844334 -0.5000000000000092 0
    outer loop
      vertex 184.58534695529522 126.89132539030247 2.5
      vertex 185.07140430948982 127.73320142316 3.25
      vertex 184.58534695529522 126.89132539030247 3.25
    endloop
  endfacet
  facet normal 0.792660401580554 -0.2575509768974487 0.5525911527208202
    outer loop
      vertex 184.58534695529522 126.89132539030247 2.5
      vertex 185.1142273897803 126.4724982107387 1.5461448319618967
      vertex 185.18556217939306 126.62409235517522 1.5144739611862992
    endloop
  endfacet
  facet normal 0.7217910109242045 -0.4167262344557802 0.5525911527208168
    outer loop
      vertex 184.58534695529522 126.89132539030247 2.5
      vertex 185.18556217939306 126.62409235517522 1.5144739611862992
      vertex 185.32810661315787 126.92701469640686 1.5567265298897706
    endloop
  endfacet
  facet normal 0.7217910109242281 -0.41672623445571094 0.5525911527208381
    outer loop
      vertex 184.58534695529522 126.89132539030247 2.5
      vertex 185.32810661315787 126.92701469640686 1.5567265298897706
      vertex 185.5972653558335 127.3511410091699 1.5249999999999986
    endloop
  endfacet
  facet normal 0.7217910109242219 -0.4167262344557619 0.5525911527208076
    outer loop
      vertex 184.58534695529522 126.89132539030247 2.5
      vertex 185.5972653558335 127.3511410091699 1.5249999999999986
      vertex 185.07140430948982 127.73320142316 2.5
    endloop
  endfacet
  facet normal 0.7217910109242188 -0.41672623445576007 -0.5525911527208133
    outer loop
      vertex 184.58534695529522 126.89132539030247 3.25
      vertex 185.07140430948982 127.73320142316 3.25
      vertex 185.4759128066773 127.43930879701377 4
    endloop
  endfacet
  facet normal 0.7217910109242189 -0.4167262344557471 -0.5525911527208228
    outer loop
      vertex 184.58534695529522 126.89132539030247 3.25
      vertex 185.4759128066773 127.43930879701377 4
      vertex 185.04211968411653 126.68795706876458 4
    endloop
  endfacet
  facet normal 0.9945218953682711 0.10452846326767508 0
    outer loop
      vertex 184.6833333333333 125 4
      vertex 184.6833333333333 125 10
      vertex 184.77402079028803 124.1371664831063 4
    endloop
  endfacet
  facet normal 0.9945218953682711 -0.10452846326767508 0
    outer loop
      vertex 184.6833333333333 125 4
      vertex 184.77402079028803 125.8628335168937 4
      vertex 184.77402079028803 125.8628335168937 10
    endloop
  endfacet
  facet normal 0.9945218953682711 -0.10452846326767508 0
    outer loop
      vertex 184.6833333333333 125 4
      vertex 184.77402079028803 125.8628335168937 10
      vertex 184.6833333333333 125 10
    endloop
  endfacet
  facet normal 0.9945218953682711 0.10452846326767508 0
    outer loop
      vertex 184.6833333333333 125 10
      vertex 184.77402079028803 124.1371664831063 10
      vertex 184.77402079028803 124.1371664831063 4
    endloop
  endfacet
  facet normal 0.9510565162951559 0.30901699437494007 0
    outer loop
      vertex 184.77402079028803 124.1371664831063 4
      vertex 184.77402079028803 124.1371664831063 10
      vertex 185.04211968411653 123.31204293123542 4
    endloop
  endfacet
  facet normal 0.9510565162951559 0.30901699437494007 0
    outer loop
      vertex 184.77402079028803 124.1371664831063 10
      vertex 185.04211968411653 123.31204293123542 10
      vertex 185.04211968411653 123.31204293123542 4
    endloop
  endfacet
  facet normal 0.9510565162951559 -0.30901699437494007 0
    outer loop
      vertex 184.77402079028803 125.8628335168937 4
      vertex 185.04211968411653 126.68795706876458 4
      vertex 185.04211968411653 126.68795706876458 10
    endloop
  endfacet
  facet normal 0.9510565162951559 -0.30901699437494007 0
    outer loop
      vertex 184.77402079028803 125.8628335168937 4
      vertex 185.04211968411653 126.68795706876458 10
      vertex 184.77402079028803 125.8628335168937 10
    endloop
  endfacet
  facet normal 0.9980267284282714 0.0627905195293152 0
    outer loop
      vertex 184.83333333333331 125 0.8000000000000007
      vertex 184.83333333333331 125 1.5249999999999986
      vertex 184.8648745280754 124.49866706574278 0.8000000000000007
    endloop
  endfacet
  facet normal 0 0 1
    outer loop
      vertex 184.83333333333331 125 0.8000000000000007
      vertex 184.8648745280754 124.49866706574278 0.8000000000000007
      vertex 184.8648745280754 125.50133293425722 0.8000000000000007
    endloop
  endfacet
  facet normal 0.9980267284282714 -0.0627905195293152 0
    outer loop
      vertex 184.83333333333331 125 0.8000000000000007
      vertex 184.8648745280754 125.50133293425722 0.8000000000000007
      vertex 184.83333333333331 125 1.5249999999999986
    endloop
  endfacet
  facet normal 0.9980267284282714 0.0627905195293152 0
    outer loop
      vertex 184.83333333333331 125 1.5249999999999986
      vertex 184.8648745280754 124.49866706574278 1.5567265298897706
      vertex 184.8648745280754 124.49866706574278 0.8000000000000007
    endloop
  endfacet
  facet normal 0.9980267284282714 -0.0627905195293152 0
    outer loop
      vertex 184.83333333333331 125 1.5249999999999986
      vertex 184.8648745280754 125.50133293425722 0.8000000000000007
      vertex 184.8648745280754 125.50133293425722 1.5567265298897706
    endloop
  endfacet
  facet normal 0.9822872507286844 0.18738131458574755 0
    outer loop
      vertex 184.8648745280754 124.49866706574278 0.8000000000000007
      vertex 184.8648745280754 124.49866706574278 1.5567265298897706
      vertex 184.927606943472 124.16981222774722 1.5144739611862992
    endloop
  endfacet
  facet normal 0.9822872507286938 0.18738131458569768 -2.3800047893181236e-14
    outer loop
      vertex 184.8648745280754 124.49866706574278 0.8000000000000007
      vertex 184.927606943472 124.16981222774722 1.5144739611862992
      vertex 184.95900068881878 124.00524045134058 0.8000000000000007
    endloop
  endfacet
  facet normal 0 0 1
    outer loop
      vertex 184.8648745280754 124.49866706574278 0.8000000000000007
      vertex 184.95900068881878 124.00524045134058 0.8000000000000007
      vertex 184.95900068881878 125.99475954865942 0.8000000000000007
    endloop
  endfacet
  facet normal 0 0 1
    outer loop
      vertex 184.8648745280754 124.49866706574278 0.8000000000000007
      vertex 184.95900068881878 125.99475954865942 0.8000000000000007
      vertex 184.8648745280754 125.50133293425722 0.8000000000000007
    endloop
  endfacet
  facet normal 0.9822872507286844 -0.18738131458574755 0
    outer loop
      vertex 184.8648745280754 125.50133293425722 0.8000000000000007
      vertex 184.927606943472 125.83018777225278 1.5144739611862992
      vertex 184.8648745280754 125.50133293425722 1.5567265298897706
    endloop
  endfacet
  facet normal 0.9822872507286938 -0.18738131458569768 -2.3800047893181236e-14
    outer loop
      vertex 184.8648745280754 125.50133293425722 0.8000000000000007
      vertex 184.95900068881878 125.99475954865942 0.8000000000000007
      vertex 184.927606943472 125.83018777225278 1.5144739611862992
    endloop
  endfacet
  facet normal 0.9822872507287128 0.18738131458559795 0
    outer loop
      vertex 184.927606943472 124.16981222774722 1.5144739611862992
      vertex 184.95900068881878 124.00524045134058 1.5461448319618967
      vertex 184.95900068881878 124.00524045134058 0.8000000000000007
    endloop
  endfacet
  facet normal 0.9822872507287128 -0.18738131458559795 0
    outer loop
      vertex 184.927606943472 125.83018777225278 1.5144739611862992
      vertex 184.95900068881878 125.99475954865942 0.8000000000000007
      vertex 184.95900068881878 125.99475954865942 1.5461448319618967
    endloop
  endfacet
  facet normal 0.951056516295152 0.30901699437495256 0
    outer loop
      vertex 184.95900068881878 124.00524045134058 0.8000000000000007
      vertex 184.95900068881878 124.00524045134058 1.5461448319618967
      vertex 185.1142273897803 123.5275017892613 1.5461448319618967
    endloop
  endfacet
  facet normal 0 0 1
    outer loop
      vertex 184.95900068881878 124.00524045134058 0.8000000000000007
      vertex 185.1142273897803 123.5275017892613 0.8000000000000007
      vertex 185.1142273897803 126.4724982107387 0.8000000000000007
    endloop
  endfacet
  facet normal 0.951056516295152 0.30901699437495256 0
    outer loop
      vertex 184.95900068881878 124.00524045134058 0.8000000000000007
      vertex 185.1142273897803 123.5275017892613 1.5461448319618967
      vertex 185.1142273897803 123.5275017892613 0.8000000000000007
    endloop
  endfacet
  facet normal 0 0 1
    outer loop
      vertex 184.95900068881878 124.00524045134058 0.8000000000000007
      vertex 185.1142273897803 126.4724982107387 0.8000000000000007
      vertex 184.95900068881878 125.99475954865942 0.8000000000000007
    endloop
  endfacet
  facet normal 0.951056516295152 -0.30901699437495256 0
    outer loop
      vertex 184.95900068881878 125.99475954865942 0.8000000000000007
      vertex 185.1142273897803 126.4724982107387 0.8000000000000007
      vertex 184.95900068881878 125.99475954865942 1.5461448319618967
    endloop
  endfacet
  facet normal 0.951056516295152 -0.30901699437495256 0
    outer loop
      vertex 184.95900068881878 125.99475954865942 1.5461448319618967
      vertex 185.1142273897803 126.4724982107387 0.8000000000000007
      vertex 185.1142273897803 126.4724982107387 1.5461448319618967
    endloop
  endfacet
  facet normal 0.8660254037844402 0.49999999999999745 0
    outer loop
      vertex 185.04211968411653 123.31204293123542 4
      vertex 185.04211968411653 123.31204293123542 10
      vertex 185.4759128066773 122.56069120298623 4
    endloop
  endfacet
  facet normal 0.8660254037844402 0.49999999999999745 0
    outer loop
      vertex 185.04211968411653 123.31204293123542 10
      vertex 185.4759128066773 122.56069120298623 10
      vertex 185.4759128066773 122.56069120298623 4
    endloop
  endfacet
  facet normal 0.8660254037844402 -0.49999999999999745 0
    outer loop
      vertex 185.04211968411653 126.68795706876458 4
      vertex 185.4759128066773 127.43930879701377 4
      vertex 185.4759128066773 127.43930879701377 10
    endloop
  endfacet
  facet normal 0.8660254037844402 -0.49999999999999745 0
    outer loop
      vertex 185.04211968411653 126.68795706876458 4
      vertex 185.4759128066773 127.43930879701377 10
      vertex 185.04211968411653 126.68795706876458 10
    endloop
  endfacet
  facet normal 0.743144825477408 0.669130606358843 0
    outer loop
      vertex 185.07140430948982 122.26679857684 2.5
      vertex 185.07140430948982 122.26679857684 3.25
      vertex 185.72187601376461 121.54437656153011 2.5
    endloop
  endfacet
  facet normal 0.6193758895529489 0.5576885558940244 0.5525911527208257
    outer loop
      vertex 185.07140430948982 122.26679857684 2.5
      vertex 185.72187601376461 121.54437656153011 2.5
      vertex 186.16150643772053 122.0326356122752 1.514473961186301
    endloop
  endfacet
  facet normal 0.6193758895529328 0.5576885558940602 0.5525911527208075
    outer loop
      vertex 185.07140430948982 122.26679857684 2.5
      vertex 185.91745882364768 122.26181157628524 1.5567265298897706
      vertex 185.5972653558335 122.6488589908301 1.5249999999999986
    endloop
  endfacet
  facet normal 0.619375889552945 0.5576885558940359 0.5525911527208186
    outer loop
      vertex 185.07140430948982 122.26679857684 2.5
      vertex 186.16150643772053 122.0326356122752 1.514473961186301
      vertex 185.91745882364768 122.26181157628524 1.5567265298897706
    endloop
  endfacet
  facet normal 0.6193758895529471 0.5576885558940387 -0.5525911527208133
    outer loop
      vertex 185.07140430948982 122.26679857684 3.25
      vertex 185.4759128066773 122.56069120298623 4
      vertex 186.05644131694405 121.91594897426882 4
    endloop
  endfacet
  facet normal 0.743144825477408 0.669130606358843 0
    outer loop
      vertex 185.07140430948982 122.26679857684 3.25
      vertex 185.72187601376461 121.54437656153011 3.25
      vertex 185.72187601376461 121.54437656153011 2.5
    endloop
  endfacet
  facet normal 0.6193758895529501 0.5576885558940256 -0.5525911527208234
    outer loop
      vertex 185.07140430948982 122.26679857684 3.25
      vertex 186.05644131694405 121.91594897426882 4
      vertex 185.72187601376461 121.54437656153011 3.25
    endloop
  endfacet
  facet normal 0.6193758895529328 -0.5576885558940602 0.5525911527208075
    outer loop
      vertex 185.07140430948982 127.73320142316 2.5
      vertex 185.5972653558335 127.3511410091699 1.5249999999999986
      vertex 185.91745882364768 127.73818842371476 1.5567265298897706
    endloop
  endfacet
  facet normal 0.7431448254774015 -0.6691306063588504 0
    outer loop
      vertex 185.07140430948982 127.73320142316 2.5
      vertex 185.72187601376461 128.45562343846987 2.5
      vertex 185.72187601376461 128.45562343846987 3.25
    endloop
  endfacet
  facet normal 0.7431448254774015 -0.6691306063588504 0
    outer loop
      vertex 185.07140430948982 127.73320142316 2.5
      vertex 185.72187601376461 128.45562343846987 3.25
      vertex 185.07140430948982 127.73320142316 3.25
    endloop
  endfacet
  facet normal 0.619375889552945 -0.5576885558940359 0.5525911527208186
    outer loop
      vertex 185.07140430948982 127.73320142316 2.5
      vertex 185.91745882364768 127.73818842371476 1.5567265298897706
      vertex 186.16150643772053 127.9673643877248 1.514473961186301
    endloop
  endfacet
  facet normal 0.619375889552946 -0.5576885558940328 0.5525911527208205
    outer loop
      vertex 185.07140430948982 127.73320142316 2.5
      vertex 186.16150643772053 127.9673643877248 1.514473961186301
      vertex 185.72187601376461 128.45562343846987 2.5
    endloop
  endfacet
  facet normal 0.6193758895529481 -0.5576885558940347 -0.5525911527208164
    outer loop
      vertex 185.07140430948982 127.73320142316 3.25
      vertex 185.72187601376461 128.45562343846987 3.25
      vertex 186.05644131694405 128.08405102573118 4
    endloop
  endfacet
  facet normal 0.6193758895529471 -0.5576885558940387 -0.5525911527208133
    outer loop
      vertex 185.07140430948982 127.73320142316 3.25
      vertex 186.05644131694405 128.08405102573118 4
      vertex 185.4759128066773 127.43930879701377 4
    endloop
  endfacet
  facet normal 0.9048270524660015 0.425779291565111 0
    outer loop
      vertex 185.1142273897803 123.5275017892613 0.8000000000000007
      vertex 185.1142273897803 123.5275017892613 1.5461448319618967
      vertex 185.18556217939306 123.37590764482478 1.5144739611862992
    endloop
  endfacet
  facet normal 0.9048270524660021 0.42577929156510935 -4.253461036961544e-16
    outer loop
      vertex 185.1142273897803 123.5275017892613 0.8000000000000007
      vertex 185.18556217939306 123.37590764482478 1.5144739611862992
      vertex 185.32810661315787 123.07298530359314 0.8000000000000007
    endloop
  endfacet
  facet normal 0 0 1
    outer loop
      vertex 185.1142273897803 123.5275017892613 0.8000000000000007
      vertex 185.32810661315787 123.07298530359314 0.8000000000000007
      vertex 185.32810661315787 126.92701469640686 0.8000000000000007
    endloop
  endfacet
  facet normal 0 0 1
    outer loop
      vertex 185.1142273897803 123.5275017892613 0.8000000000000007
      vertex 185.32810661315787 126.92701469640686 0.8000000000000007
      vertex 185.1142273897803 126.4724982107387 0.8000000000000007
    endloop
  endfacet
  facet normal 0.9048270524660015 -0.425779291565111 0
    outer loop
      vertex 185.1142273897803 126.4724982107387 0.8000000000000007
      vertex 185.18556217939306 126.62409235517522 1.5144739611862992
      vertex 185.1142273897803 126.4724982107387 1.5461448319618967
    endloop
  endfacet
  facet normal 0.9048270524660021 -0.42577929156510935 -4.253461036961544e-16
    outer loop
      vertex 185.1142273897803 126.4724982107387 0.8000000000000007
      vertex 185.32810661315787 126.92701469640686 0.8000000000000007
      vertex 185.18556217939306 126.62409235517522 1.5144739611862992
    endloop
  endfacet
  facet normal 0.9048270524660026 0.4257792915651085 0
    outer loop
      vertex 185.18556217939306 123.37590764482478 1.5144739611862992
      vertex 185.32810661315787 123.07298530359314 1.5567265298897706
      vertex 185.32810661315787 123.07298530359314 0.8000000000000007
    endloop
  endfacet
  facet normal 0.9048270524660026 -0.4257792915651085 0
    outer loop
      vertex 185.18556217939306 126.62409235517522 1.5144739611862992
      vertex 185.32810661315787 126.92701469640686 0.8000000000000007
      vertex 185.32810661315787 126.92701469640686 1.5567265298897706
    endloop
  endfacet
  facet normal 0.8443279255020375 0.5358267949789614 0
    outer loop
      vertex 185.32810661315787 123.07298530359314 0.8000000000000007
      vertex 185.32810661315787 123.07298530359314 1.5567265298897706
      vertex 185.5972653558335 122.6488589908301 1.5249999999999986
    endloop
  endfacet
  facet normal 0 0 1
    outer loop
      vertex 185.32810661315787 123.07298530359314 0.8000000000000007
      vertex 185.5972653558335 122.6488589908301 0.8000000000000007
      vertex 185.5972653558335 127.3511410091699 0.8000000000000007
    endloop
  endfacet
  facet normal 0.8443279255020375 0.5358267949789612 0
    outer loop
      vertex 185.32810661315787 123.07298530359314 0.8000000000000007
      vertex 185.5972653558335 122.6488589908301 1.5249999999999986
      vertex 185.5972653558335 122.6488589908301 0.8000000000000007
    endloop
  endfacet
  facet normal 0 0 1
    outer loop
      vertex 185.32810661315787 123.07298530359314 0.8000000000000007
      vertex 185.5972653558335 127.3511410091699 0.8000000000000007
      vertex 185.32810661315787 126.92701469640686 0.8000000000000007
    endloop
  endfacet
  facet normal 0.8443279255020375 -0.5358267949789614 0
    outer loop
      vertex 185.32810661315787 126.92701469640686 0.8000000000000007
      vertex 185.5972653558335 127.3511410091699 0.8000000000000007
      vertex 185.32810661315787 126.92701469640686 1.5567265298897706
    endloop
  endfacet
  facet normal 0.8443279255020374 -0.5358267949789612 0
    outer loop
      vertex 185.32810661315787 126.92701469640686 1.5567265298897706
      vertex 185.5972653558335 127.3511410091699 0.8000000000000007
      vertex 185.5972653558335 127.3511410091699 1.5249999999999986
    endloop
  endfacet
  facet normal 0.7431448254773985 0.6691306063588535 0
    outer loop
      vertex 185.4759128066773 122.56069120298623 4
      vertex 185.4759128066773 122.56069120298623 10
      vertex 186.05644131694405 121.91594897426882 4
    endloop
  endfacet
  facet normal 0.7431448254773985 0.6691306063588535 0
    outer loop
      vertex 185.4759128066773 122.56069120298623 10
      vertex 186.05644131694405 121.91594897426882 10
      vertex 186.05644131694405 121.91594897426882 4
    endloop
  endfacet
  facet normal 0.7431448254773985 -0.6691306063588535 0
    outer loop
      vertex 185.4759128066773 127.43930879701377 4
      vertex 186.05644131694405 128.08405102573118 4
      vertex 186.05644131694405 128.08405102573118 10
    endloop
  endfacet
  facet normal 0.7431448254773985 -0.6691306063588535 0
    outer loop
      vertex 185.4759128066773 127.43930879701377 4
      vertex 186.05644131694405 128.08405102573118 10
      vertex 185.4759128066773 127.43930879701377 10
    endloop
  endfacet
  facet normal 0.7705132427757732 0.6374239897487094 0
    outer loop
      vertex 185.5972653558335 122.6488589908301 0.8000000000000007
      vertex 185.5972653558335 122.6488589908301 1.5249999999999986
      vertex 185.91745882364768 122.26181157628524 0.8000000000000007
    endloop
  endfacet
  facet normal 0 0 1
    outer loop
      vertex 185.5972653558335 122.6488589908301 0.8000000000000007
      vertex 185.91745882364768 122.26181157628524 0.8000000000000007
      vertex 185.91745882364768 127.73818842371476 0.8000000000000007
    endloop
  endfacet
  facet normal 0 0 1
    outer loop
      vertex 185.5972653558335 122.6488589908301 0.8000000000000007
      vertex 185.91745882364768 127.73818842371476 0.8000000000000007
      vertex 185.5972653558335 127.3511410091699 0.8000000000000007
    endloop
  endfacet
  facet normal 0.770513242775773 0.6374239897487093 0
    outer loop
      vertex 185.5972653558335 122.6488589908301 1.5249999999999986
      vertex 185.91745882364768 122.26181157628524 1.5567265298897706
      vertex 185.91745882364768 122.26181157628524 0.8000000000000007
    endloop
  endfacet
  facet normal 0.7705132427757732 -0.6374239897487094 0
    outer loop
      vertex 185.5972653558335 127.3511410091699 0.8000000000000007
      vertex 185.91745882364768 127.73818842371476 0.8000000000000007
      vertex 185.5972653558335 127.3511410091699 1.5249999999999986
    endloop
  endfacet
  facet normal 0.770513242775773 -0.6374239897487093 0
    outer loop
      vertex 185.5972653558335 127.3511410091699 1.5249999999999986
      vertex 185.91745882364768 127.73818842371476 0.8000000000000007
      vertex 185.91745882364768 127.73818842371476 1.5567265298897706
    endloop
  endfacet
  facet normal 0.5877852522924635 0.8090169943749544 0
    outer loop
      vertex 185.72187601376461 121.54437656153011 2.5
      vertex 185.72187601376461 121.54437656153011 3.25
      vertex 186.50833333333333 120.97298187240236 3.25
    endloop
  endfacet
  facet normal 0.48989106971291574 0.6742772113531691 0.5525911527208238
    outer loop
      vertex 185.72187601376461 121.54437656153011 2.5
      vertex 186.28363737433855 121.91794702889685 1.5461448319618967
      vertex 186.16150643772053 122.0326356122752 1.514473961186301
    endloop
  endfacet
  facet normal 0.4898910697129213 0.6742772113531651 0.552591152720824
    outer loop
      vertex 185.72187601376461 121.54437656153011 2.5
      vertex 186.50833333333333 120.97298187240236 2.5
      vertex 186.69002615341734 121.62268829799194 1.5461448319618967
    endloop
  endfacet
  facet normal 0.5877852522924635 0.8090169943749544 0
    outer loop
      vertex 185.72187601376461 121.54437656153011 2.5
      vertex 186.50833333333333 120.97298187240236 3.25
      vertex 186.50833333333333 120.97298187240236 2.5
    endloop
  endfacet
  facet normal 0.48989106971292307 0.6742772113531624 0.5525911527208256
    outer loop
      vertex 185.72187601376461 121.54437656153011 2.5
      vertex 186.69002615341734 121.62268829799194 1.5461448319618967
      vertex 186.28363737433855 121.91794702889685 1.5461448319618967
    endloop
  endfacet
  facet normal 0.48989106971292135 0.6742772113531652 -0.5525911527208236
    outer loop
      vertex 185.72187601376461 121.54437656153011 3.25
      vertex 186.05644131694405 121.91594897426882 4
      vertex 186.50833333333333 120.97298187240236 3.25
    endloop
  endfacet
  facet normal 0.48989106971296464 -0.6742772113531367 0.5525911527208198
    outer loop
      vertex 185.72187601376461 128.45562343846987 2.5
      vertex 186.16150643772053 127.9673643877248 1.514473961186301
      vertex 186.28363737433855 128.08205297110317 1.5461448319618967
    endloop
  endfacet
  facet normal 0.4898910697129335 -0.6742772113531651 0.5525911527208127
    outer loop
      vertex 185.72187601376461 128.45562343846987 2.5
      vertex 186.28363737433855 128.08205297110317 1.5461448319618967
      vertex 186.50833333333333 129.02701812759764 2.5
    endloop
  endfacet
  facet normal 0.587785252292473 -0.8090169943749475 0
    outer loop
      vertex 185.72187601376461 128.45562343846987 2.5
      vertex 186.50833333333333 129.02701812759764 2.5
      vertex 185.72187601376461 128.45562343846987 3.25
    endloop
  endfacet
  facet normal 0.587785252292473 -0.8090169943749475 0
    outer loop
      vertex 185.72187601376461 128.45562343846987 3.25
      vertex 186.50833333333333 129.02701812759764 2.5
      vertex 186.50833333333333 129.02701812759764 3.25
    endloop
  endfacet
  facet normal 0.4898910697129326 -0.6742772113531639 -0.5525911527208153
    outer loop
      vertex 185.72187601376461 128.45562343846987 3.25
      vertex 186.50833333333333 129.02701812759764 3.25
      vertex 186.05644131694405 128.08405102573118 4
    endloop
  endfacet
  facet normal 0.6845471059286949 0.7289686274214054 0
    outer loop
      vertex 185.91745882364768 122.26181157628524 0.8000000000000007
      vertex 185.91745882364768 122.26181157628524 1.5567265298897706
      vertex 186.16150643772053 122.0326356122752 1.514473961186301
    endloop
  endfacet
  facet normal 0.6845471059286897 0.7289686274214106 3.441436657178151e-15
    outer loop
      vertex 185.91745882364768 122.26181157628524 0.8000000000000007
      vertex 186.16150643772053 122.0326356122752 1.514473961186301
      vertex 186.28363737433855 121.91794702889685 0.8000000000000007
    endloop
  endfacet
  facet normal 0 0 1
    outer loop
      vertex 185.91745882364768 122.26181157628524 0.8000000000000007
      vertex 186.28363737433855 121.91794702889685 0.8000000000000007
      vertex 186.28363737433855 128.08205297110317 0.8000000000000007
    endloop
  endfacet
  facet normal 0 0 1
    outer loop
      vertex 185.91745882364768 122.26181157628524 0.8000000000000007
      vertex 186.28363737433855 128.08205297110317 0.8000000000000007
      vertex 185.91745882364768 127.73818842371476 0.8000000000000007
    endloop
  endfacet
  facet normal 0.6845471059286949 -0.7289686274214054 0
    outer loop
      vertex 185.91745882364768 127.73818842371476 0.8000000000000007
      vertex 186.16150643772053 127.9673643877248 1.514473961186301
      vertex 185.91745882364768 127.73818842371476 1.5567265298897706
    endloop
  endfacet
  facet normal 0.6845471059287048 -0.7289686274213965 -6.2255202450075464e-15
    outer loop
      vertex 185.91745882364768 127.73818842371476 0.8000000000000007
      vertex 186.28363737433855 128.08205297110317 0.8000000000000007
      vertex 186.16150643772053 127.9673643877248 1.514473961186301
    endloop
  endfacet
  facet normal 0.5877852522924625 0.8090169943749551 0
    outer loop
      vertex 186.05644131694405 121.91594897426882 4
      vertex 186.05644131694405 121.91594897426882 10
      vertex 186.75833333333333 121.40599457429458 4
    endloop
  endfacet
  facet normal 0.48989106971292024 0.6742772113531653 -0.5525911527208245
    outer loop
      vertex 186.05644131694405 121.91594897426882 4
      vertex 186.75833333333333 121.40599457429458 4
      vertex 186.50833333333333 120.97298187240236 3.25
    endloop
  endfacet
  facet normal 0.5877852522924625 0.8090169943749551 0
    outer loop
      vertex 186.05644131694405 121.91594897426882 10
      vertex 186.75833333333333 121.40599457429458 10
      vertex 186.75833333333333 121.40599457429458 4
    endloop
  endfacet
  facet normal 0.48989106971293284 -0.6742772113531639 -0.5525911527208152
    outer loop
      vertex 186.05644131694405 128.08405102573118 4
      vertex 186.50833333333333 129.02701812759764 3.25
      vertex 186.75833333333333 128.59400542570543 4
    endloop
  endfacet
  facet normal 0.5877852522924732 -0.8090169943749473 0
    outer loop
      vertex 186.05644131694405 128.08405102573118 4
      vertex 186.75833333333333 128.59400542570543 4
      vertex 186.75833333333333 128.59400542570543 10
    endloop
  endfacet
  facet normal 0.5877852522924732 -0.8090169943749473 0
    outer loop
      vertex 186.05644131694405 128.08405102573118 4
      vertex 186.75833333333333 128.59400542570543 10
      vertex 186.05644131694405 128.08405102573118 10
    endloop
  endfacet
  facet normal 0.684547105928679 0.7289686274214205 0
    outer loop
      vertex 186.16150643772053 122.0326356122752 1.514473961186301
      vertex 186.28363737433855 121.91794702889685 1.5461448319618967
      vertex 186.28363737433855 121.91794702889685 0.8000000000000007
    endloop
  endfacet
  facet normal 0.6845471059287239 -0.7289686274213782 0
    outer loop
      vertex 186.16150643772053 127.9673643877248 1.514473961186301
      vertex 186.28363737433855 128.08205297110317 0.8000000000000007
      vertex 186.28363737433855 128.08205297110317 1.5461448319618967
    endloop
  endfacet
  facet normal 0.5877852522924665 0.8090169943749522 0
    outer loop
      vertex 186.28363737433855 121.91794702889685 0.8000000000000007
      vertex 186.28363737433855 121.91794702889685 1.5461448319618967
      vertex 186.69002615341734 121.62268829799194 1.5461448319618967
    endloop
  endfacet
  facet normal 0 0 1
    outer loop
      vertex 186.28363737433855 121.91794702889685 0.8000000000000007
      vertex 186.69002615341734 121.62268829799194 0.8000000000000007
      vertex 186.69002615341734 128.37731170200806 0.8000000000000007
    endloop
  endfacet
  facet normal 0.5877852522924665 0.8090169943749522 0
    outer loop
      vertex 186.28363737433855 121.91794702889685 0.8000000000000007
      vertex 186.69002615341734 121.62268829799194 1.5461448319618967
      vertex 186.69002615341734 121.62268829799194 0.8000000000000007
    endloop
  endfacet
  facet normal 0 0 1
    outer loop
      vertex 186.28363737433855 121.91794702889685 0.8000000000000007
      vertex 186.69002615341734 128.37731170200806 0.8000000000000007
      vertex 186.28363737433855 128.08205297110317 0.8000000000000007
    endloop
  endfacet
  facet normal 0.5877852522924479 -0.8090169943749657 0
    outer loop
      vertex 186.28363737433855 128.08205297110317 0.8000000000000007
      vertex 186.69002615341734 128.37731170200806 0.8000000000000007
      vertex 186.28363737433855 128.08205297110317 1.5461448319618967
    endloop
  endfacet
  facet normal 0.5877852522924479 -0.8090169943749657 0
    outer loop
      vertex 186.28363737433855 128.08205297110317 1.5461448319618967
      vertex 186.69002615341734 128.37731170200806 0.8000000000000007
      vertex 186.69002615341734 128.37731170200806 1.5461448319618967
    endloop
  endfacet
  facet normal 0.48989106971290725 -0.674277211353173 0.5525911527208267
    outer loop
      vertex 186.28363737433855 128.08205297110317 1.5461448319618967
      vertex 186.69002615341734 128.37731170200806 1.5461448319618967
      vertex 186.50833333333333 129.02701812759764 2.5
    endloop
  endfacet
  facet normal 0.40673664307580054 0.9135454576426008 0
    outer loop
      vertex 186.50833333333333 120.97298187240236 2.5
      vertex 186.50833333333333 120.97298187240236 3.25
      vertex 187.3964043094898 120.57758719922754 3.25
    endloop
  endfacet
  facet normal 0.489891069712929 0.6742772113531607 0.5525911527208225
    outer loop
      vertex 186.50833333333333 120.97298187240236 2.5
      vertex 186.8368420129379 121.54197559620484 1.5144739611862992
      vertex 186.69002615341734 121.62268829799194 1.5461448319618967
    endloop
  endfacet
  facet normal 0.33899565936829446 0.7613967171351136 0.5525911527208223
    outer loop
      vertex 186.50833333333333 120.97298187240236 2.5
      vertex 187.13021616707303 121.38069179013593 1.5567265298897706
      vertex 186.8368420129379 121.54197559620484 1.5144739611862992
    endloop
  endfacet
  facet normal 0.3389956593683005 0.7613967171351093 0.5525911527208243
    outer loop
      vertex 186.50833333333333 120.97298187240236 2.5
      vertex 187.3964043094898 120.57758719922754 2.5
      vertex 187.13021616707303 121.38069179013593 1.5567265298897706
    endloop
  endfacet
  facet normal 0.40673664307580054 0.9135454576426008 0
    outer loop
      vertex 186.50833333333333 120.97298187240236 2.5
      vertex 187.3964043094898 120.57758719922754 3.25
      vertex 187.3964043094898 120.57758719922754 2.5
    endloop
  endfacet
  facet normal 0.3389956593683005 0.7613967171351094 -0.5525911527208244
    outer loop
      vertex 186.50833333333333 120.97298187240236 3.25
      vertex 186.75833333333333 121.40599457429458 4
      vertex 187.3964043094898 120.57758719922754 3.25
    endloop
  endfacet
  facet normal 0.48989106971288077 -0.6742772113531879 0.5525911527208318
    outer loop
      vertex 186.50833333333333 129.02701812759764 2.5
      vertex 186.69002615341734 128.37731170200806 1.5461448319618967
      vertex 186.8368420129379 128.45802440379515 1.5144739611862992
    endloop
  endfacet
  facet normal 0.33899565936829895 -0.7613967171351058 0.5525911527208301
    outer loop
      vertex 186.50833333333333 129.02701812759764 2.5
      vertex 186.8368420129379 128.45802440379515 1.5144739611862992
      vertex 187.3964043094898 129.42241280077246 2.5
    endloop
  endfacet
  facet normal 0.40673664307580054 -0.9135454576426008 0
    outer loop
      vertex 186.50833333333333 129.02701812759764 2.5
      vertex 187.3964043094898 129.42241280077246 2.5
      vertex 186.50833333333333 129.02701812759764 3.25
    endloop
  endfacet
  facet normal 0.40673664307580054 -0.9135454576426008 0
    outer loop
      vertex 186.50833333333333 129.02701812759764 3.25
      vertex 187.3964043094898 129.42241280077246 2.5
      vertex 187.3964043094898 129.42241280077246 3.25
    endloop
  endfacet
  facet normal 0.33899565936830317 -0.7613967171351154 -0.5525911527208143
    outer loop
      vertex 186.50833333333333 129.02701812759764 3.25
      vertex 187.3964043094898 129.42241280077246 3.25
      vertex 186.75833333333333 128.59400542570543 4
    endloop
  endfacet
  facet normal 0.48175367410171444 0.876306680043864 0
    outer loop
      vertex 186.69002615341734 121.62268829799194 0.8000000000000007
      vertex 186.69002615341734 121.62268829799194 1.5461448319618967
      vertex 186.8368420129379 121.54197559620484 1.5144739611862992
    endloop
  endfacet
  facet normal 0.48175367410171255 0.8763066800438651 5.026817589136508e-16
    outer loop
      vertex 186.69002615341734 121.62268829799194 0.8000000000000007
      vertex 186.8368420129379 121.54197559620484 1.5144739611862992
      vertex 187.13021616707303 121.38069179013593 0.8000000000000007
    endloop
  endfacet
  facet normal 0 0 1
    outer loop
      vertex 186.69002615341734 121.62268829799194 0.8000000000000007
      vertex 187.13021616707303 121.38069179013593 0.8000000000000007
      vertex 187.13021616707303 128.61930820986407 0.8000000000000007
    endloop
  endfacet
  facet normal 0 0 1
    outer loop
      vertex 186.69002615341734 121.62268829799194 0.8000000000000007
      vertex 187.13021616707303 128.61930820986407 0.8000000000000007
      vertex 186.69002615341734 128.37731170200806 0.8000000000000007
    endloop
  endfacet
  facet normal 0.4817536741016493 -0.8763066800438998 0
    outer loop
      vertex 186.69002615341734 128.37731170200806 0.8000000000000007
      vertex 186.8368420129379 128.45802440379515 1.5144739611862992
      vertex 186.69002615341734 128.37731170200806 1.5461448319618967
    endloop
  endfacet
  facet normal 0.48175367410171255 -0.8763066800438651 -1.6917174578824786e-14
    outer loop
      vertex 186.69002615341734 128.37731170200806 0.8000000000000007
      vertex 187.13021616707303 128.61930820986407 0.8000000000000007
      vertex 186.8368420129379 128.45802440379515 1.5144739611862992
    endloop
  endfacet
  facet normal 0.40673664307580915 0.913545457642597 0
    outer loop
      vertex 186.75833333333333 121.40599457429458 4
      vertex 186.75833333333333 121.40599457429458 10
      vertex 187.55091280667727 121.05311545737511 4
    endloop
  endfacet
  facet normal 0.33899565936830944 0.7613967171351103 -0.5525911527208177
    outer loop
      vertex 186.75833333333333 121.40599457429458 4
      vertex 187.55091280667727 121.05311545737511 4
      vertex 187.3964043094898 120.57758719922754 3.25
    endloop
  endfacet
  facet normal 0.40673664307580915 0.913545457642597 0
    outer loop
      vertex 186.75833333333333 121.40599457429458 10
      vertex 187.55091280667727 121.05311545737511 10
      vertex 187.55091280667727 121.05311545737511 4
    endloop
  endfacet
  facet normal 0.3389956593683121 -0.7613967171351163 -0.5525911527208077
    outer loop
      vertex 186.75833333333333 128.59400542570543 4
      vertex 187.3964043094898 129.42241280077246 3.25
      vertex 187.55091280667727 128.9468845426249 4
    endloop
  endfacet
  facet normal 0.40673664307580915 -0.913545457642597 0
    outer loop
      vertex 186.75833333333333 128.59400542570543 4
      vertex 187.55091280667727 128.9468845426249 4
      vertex 187.55091280667727 128.9468845426249 10
    endloop
  endfacet
  facet normal 0.40673664307580915 -0.913545457642597 0
    outer loop
      vertex 186.75833333333333 128.59400542570543 4
      vertex 187.55091280667727 128.9468845426249 10
      vertex 186.75833333333333 128.59400542570543 10
    endloop
  endfacet
  facet normal 0.4817536741017116 0.8763066800438656 0
    outer loop
      vertex 186.8368420129379 121.54197559620484 1.5144739611862992
      vertex 187.13021616707303 121.38069179013593 1.5567265298897706
      vertex 187.13021616707303 121.38069179013593 0.8000000000000007
    endloop
  endfacet
  facet normal 0.48175367410174424 -0.8763066800438477 0
    outer loop
      vertex 186.8368420129379 128.45802440379515 1.5144739611862992
      vertex 187.13021616707303 128.61930820986407 0.8000000000000007
      vertex 187.13021616707303 128.61930820986407 1.5567265298897706
    endloop
  endfacet
  facet normal 0.33899565936832815 -0.7613967171351054 0.552591152720813
    outer loop
      vertex 186.8368420129379 128.45802440379515 1.5144739611862992
      vertex 187.13021616707303 128.61930820986407 1.5567265298897706
      vertex 187.3964043094898 129.42241280077246 2.5
    endloop
  endfacet
  facet normal 0.3681245526846988 0.929776485888243 0
    outer loop
      vertex 187.13021616707303 121.38069179013593 0.8000000000000007
      vertex 187.13021616707303 121.38069179013593 1.5567265298897706
      vertex 187.5972653558335 121.19577393481939 1.5250000000000004
    endloop
  endfacet
  facet normal 0 0 1
    outer loop
      vertex 187.13021616707303 121.38069179013593 0.8000000000000007
      vertex 187.5972653558335 121.19577393481939 0.8000000000000007
      vertex 187.5972653558335 128.80422606518061 0.8000000000000007
    endloop
  endfacet
  facet normal 0.36812455268469885 0.9297764858882431 0
    outer loop
      vertex 187.13021616707303 121.38069179013593 0.8000000000000007
      vertex 187.5972653558335 121.19577393481939 1.5250000000000004
      vertex 187.5972653558335 121.19577393481939 0.8000000000000007
    endloop
  endfacet
  facet normal 0 0 1
    outer loop
      vertex 187.13021616707303 121.38069179013593 0.8000000000000007
      vertex 187.5972653558335 128.80422606518061 0.8000000000000007
      vertex 187.13021616707303 128.61930820986407 0.8000000000000007
    endloop
  endfacet
  facet normal 0.3389956593683194 0.7613967171351065 0.5525911527208166
    outer loop
      vertex 187.13021616707303 121.38069179013593 1.5567265298897706
      vertex 187.3964043094898 120.57758719922754 2.5
      vertex 187.5972653558335 121.19577393481939 1.5250000000000004
    endloop
  endfacet
  facet normal 0.3681245526846988 -0.929776485888243 0
    outer loop
      vertex 187.13021616707303 128.61930820986407 0.8000000000000007
      vertex 187.5972653558335 128.80422606518061 0.8000000000000007
      vertex 187.13021616707303 128.61930820986407 1.5567265298897706
    endloop
  endfacet
  facet normal 0.36812455268469885 -0.9297764858882431 0
    outer loop
      vertex 187.13021616707303 128.61930820986407 1.5567265298897706
      vertex 187.5972653558335 128.80422606518061 0.8000000000000007
      vertex 187.5972653558335 128.80422606518061 1.5250000000000004
    endloop
  endfacet
  facet normal 0.3389956593683194 -0.7613967171351065 0.5525911527208166
    outer loop
      vertex 187.13021616707303 128.61930820986407 1.5567265298897706
      vertex 187.5972653558335 128.80422606518061 1.5250000000000004
      vertex 187.3964043094898 129.42241280077246 2.5
    endloop
  endfacet
  facet normal 0.2079116908177587 0.9781476007338059 0
    outer loop
      vertex 187.3964043094898 120.57758719922754 2.5
      vertex 187.3964043094898 120.57758719922754 3.25
      vertex 188.34727597913871 120.37547318653753 3.25
    endloop
  endfacet
  facet normal 0.17328451202761927 0.8152395327914533 0.5525911527208186
    outer loop
      vertex 187.3964043094898 120.57758719922754 2.5
      vertex 188.08380807499043 121.07085099708524 1.5567265298897706
      vertex 187.5972653558335 121.19577393481939 1.5250000000000004
    endloop
  endfacet
  facet normal 0.1732845120276253 0.81523953279145 0.5525911527208213
    outer loop
      vertex 187.3964043094898 120.57758719922754 2.5
      vertex 188.34727597913871 120.37547318653753 2.5
      vertex 188.08380807499043 121.07085099708524 1.5567265298897706
    endloop
  endfacet
  facet normal 0.2079116908177587 0.9781476007338059 0
    outer loop
      vertex 187.3964043094898 120.57758719922754 2.5
      vertex 188.34727597913871 120.37547318653753 3.25
      vertex 188.34727597913871 120.37547318653753 2.5
    endloop
  endfacet
  facet normal 0.17328451202762554 0.8152395327914512 -0.5525911527208195
    outer loop
      vertex 187.3964043094898 120.57758719922754 3.25
      vertex 187.55091280667727 121.05311545737511 4
      vertex 188.34727597913871 120.37547318653753 3.25
    endloop
  endfacet
  facet normal 0.17328451202762563 -0.8152395327914516 0.5525911527208187
    outer loop
      vertex 187.3964043094898 129.42241280077246 2.5
      vertex 187.5972653558335 128.80422606518061 1.5250000000000004
      vertex 188.34727597913871 129.62452681346247 2.5
    endloop
  endfacet
  facet normal 0.2079116908177587 -0.9781476007338059 0
    outer loop
      vertex 187.3964043094898 129.42241280077246 2.5
      vertex 188.34727597913871 129.62452681346247 2.5
      vertex 187.3964043094898 129.42241280077246 3.25
    endloop
  endfacet
  facet normal 0.2079116908177587 -0.9781476007338059 0
    outer loop
      vertex 187.3964043094898 129.42241280077246 3.25
      vertex 188.34727597913871 129.62452681346247 2.5
      vertex 188.34727597913871 129.62452681346247 3.25
    endloop
  endfacet
  facet normal 0.17328451202762704 -0.8152395327914582 -0.5525911527208088
    outer loop
      vertex 187.3964043094898 129.42241280077246 3.25
      vertex 188.34727597913871 129.62452681346247 3.25
      vertex 187.55091280667727 128.9468845426249 4
    endloop
  endfacet
  facet normal 0.20791169081776503 0.9781476007338045 0
    outer loop
      vertex 187.55091280667727 121.05311545737511 4
      vertex 187.55091280667727 121.05311545737511 10
      vertex 188.39954021077256 120.87273413422166 4
    endloop
  endfacet
  facet normal 0.17328451202763145 0.815239532791453 -0.5525911527208149
    outer loop
      vertex 187.55091280667727 121.05311545737511 4
      vertex 188.39954021077256 120.87273413422166 4
      vertex 188.34727597913871 120.37547318653753 3.25
    endloop
  endfacet
  facet normal 0.20791169081776503 0.9781476007338045 0
    outer loop
      vertex 187.55091280667727 121.05311545737511 10
      vertex 188.39954021077256 120.87273413422166 10
      vertex 188.39954021077256 120.87273413422166 4
    endloop
  endfacet
  facet normal 0.1732845120276037 -0.8152395327914508 -0.5525911527208269
    outer loop
      vertex 187.55091280667727 128.9468845426249 4
      vertex 188.34727597913871 129.62452681346247 3.25
      vertex 188.39954021077256 129.12726586577833 4
    endloop
  endfacet
  facet normal 0.2079116908177337 -0.9781476007338111 0
    outer loop
      vertex 187.55091280667727 128.9468845426249 4
      vertex 188.39954021077256 129.12726586577833 4
      vertex 188.39954021077256 129.12726586577833 10
    endloop
  endfacet
  facet normal 0.2079116908177337 -0.9781476007338111 0
    outer loop
      vertex 187.55091280667727 128.9468845426249 4
      vertex 188.39954021077256 129.12726586577833 10
      vertex 187.55091280667727 128.9468845426249 10
    endloop
  endfacet
  facet normal 0.24868988716484375 0.9685831611286339 0
    outer loop
      vertex 187.5972653558335 121.19577393481939 0.8000000000000007
      vertex 187.5972653558335 121.19577393481939 1.5250000000000004
      vertex 188.08380807499043 121.07085099708524 1.5567265298897706
    endloop
  endfacet
  facet normal 0 0 1
    outer loop
      vertex 187.5972653558335 121.19577393481939 0.8000000000000007
      vertex 188.08380807499043 121.07085099708524 0.8000000000000007
      vertex 188.08380807499043 128.92914900291476 0.8000000000000007
    endloop
  endfacet
  facet normal 0.24868988716484383 0.9685831611286341 0
    outer loop
      vertex 187.5972653558335 121.19577393481939 0.8000000000000007
      vertex 188.08380807499043 121.07085099708524 1.5567265298897706
      vertex 188.08380807499043 121.07085099708524 0.8000000000000007
    endloop
  endfacet
  facet normal 0 0 1
    outer loop
      vertex 187.5972653558335 121.19577393481939 0.8000000000000007
      vertex 188.08380807499043 128.92914900291476 0.8000000000000007
      vertex 187.5972653558335 128.80422606518061 0.8000000000000007
    endloop
  endfacet
  facet normal 0.24868988716484375 -0.9685831611286339 0
    outer loop
      vertex 187.5972653558335 128.80422606518061 0.8000000000000007
      vertex 188.08380807499043 128.92914900291476 0.8000000000000007
      vertex 187.5972653558335 128.80422606518061 1.5250000000000004
    endloop
  endfacet
  facet normal 0.24868988716484378 -0.968583161128634 0
    outer loop
      vertex 187.5972653558335 128.80422606518061 1.5250000000000004
      vertex 188.08380807499043 128.92914900291476 0.8000000000000007
      vertex 188.08380807499043 128.92914900291476 1.5567265298897688
    endloop
  endfacet
  facet normal 0.17328451202762038 -0.8152395327914506 0.5525911527208219
    outer loop
      vertex 187.5972653558335 128.80422606518061 1.5250000000000004
      vertex 188.08380807499043 128.92914900291476 1.5567265298897688
      vertex 188.34727597913871 129.62452681346247 2.5
    endloop
  endfacet
  facet normal 0.12533323356429388 0.992114701314479 0
    outer loop
      vertex 188.08380807499043 121.07085099708524 0.8000000000000007
      vertex 188.08380807499043 121.07085099708524 1.5567265298897706
      vertex 188.41595299403704 121.02889133590806 1.5144739611862992
    endloop
  endfacet
  facet normal 0.12533323356430998 0.9921147013144772 -7.588561168215968e-15
    outer loop
      vertex 188.08380807499043 121.07085099708524 0.8000000000000007
      vertex 188.41595299403704 121.02889133590806 1.5144739611862992
      vertex 188.58217125521605 121.00789308628691 0.8000000000000007
    endloop
  endfacet
  facet normal 0 0 1
    outer loop
      vertex 188.08380807499043 121.07085099708524 0.8000000000000007
      vertex 188.58217125521605 121.00789308628691 0.8000000000000007
      vertex 188.58217125521605 128.9921069137131 0.8000000000000007
    endloop
  endfacet
  facet normal 0 0 1
    outer loop
      vertex 188.08380807499043 121.07085099708524 0.8000000000000007
      vertex 188.58217125521605 128.9921069137131 0.8000000000000007
      vertex 188.08380807499043 128.92914900291476 0.8000000000000007
    endloop
  endfacet
  facet normal 0.17328451202761902 0.8152395327914502 0.552591152720823
    outer loop
      vertex 188.08380807499043 121.07085099708524 1.5567265298897706
      vertex 188.34727597913871 120.37547318653753 2.5
      vertex 188.41595299403704 121.02889133590806 1.5144739611862992
    endloop
  endfacet
  facet normal 0.12533323356433568 -0.9921147013144738 0
    outer loop
      vertex 188.08380807499043 128.92914900291476 0.8000000000000007
      vertex 188.41595299403704 128.97110866409196 1.5144739611862992
      vertex 188.08380807499043 128.92914900291476 1.5567265298897688
    endloop
  endfacet
  facet normal 0.12533323356430998 -0.9921147013144772 1.2151364826047737e-14
    outer loop
      vertex 188.08380807499043 128.92914900291476 0.8000000000000007
      vertex 188.58217125521605 128.9921069137131 0.8000000000000007
      vertex 188.41595299403704 128.97110866409196 1.5144739611862992
    endloop
  endfacet
  facet normal 0.17328451202764975 -0.8152395327914501 0.5525911527208135
    outer loop
      vertex 188.08380807499043 128.92914900291476 1.5567265298897688
      vertex 188.41595299403704 128.97110866409196 1.5144739611862992
      vertex 188.34727597913871 129.62452681346247 2.5
    endloop
  endfacet
  facet normal 0 1 0
    outer loop
      vertex 188.34727597913871 120.37547318653753 2.5
      vertex 188.34727597913871 120.37547318653753 3.25
      vertex 189.3193906875279 120.37547318653753 3.25
    endloop
  endfacet
  facet normal 1.6166414862396525e-14 0.8334524689114999 0.5525911527208205
    outer loop
      vertex 188.34727597913871 120.37547318653753 2.5
      vertex 188.58217125521605 121.00789308628691 1.5461448319618967
      vertex 188.41595299403704 121.02889133590806 1.5144739611862992
    endloop
  endfacet
  facet normal 0 0.8334524689115018 0.5525911527208178
    outer loop
      vertex 188.34727597913871 120.37547318653753 2.5
      vertex 189.08449541145058 121.00789308628691 1.5461448319618967
      vertex 188.58217125521605 121.00789308628691 1.5461448319618967
    endloop
  endfacet
  facet normal 0 0.8334524689115018 0.5525911527208177
    outer loop
      vertex 188.34727597913871 120.37547318653753 2.5
      vertex 189.3193906875279 120.37547318653753 2.5
      vertex 189.08449541145058 121.00789308628691 1.5461448319618967
    endloop
  endfacet
  facet normal 0 1 0
    outer loop
      vertex 188.34727597913871 120.37547318653753 2.5
      vertex 189.3193906875279 120.37547318653753 3.25
      vertex 189.3193906875279 120.37547318653753 2.5
    endloop
  endfacet
  facet normal 0 0.8334524689115053 -0.5525911527208125
    outer loop
      vertex 188.34727597913871 120.37547318653753 3.25
      vertex 188.39954021077256 120.87273413422166 4
      vertex 189.26712645589407 120.87273413422166 4
    endloop
  endfacet
  facet normal 0 0.8334524689115053 -0.5525911527208125
    outer loop
      vertex 188.34727597913871 120.37547318653753 3.25
      vertex 189.26712645589407 120.87273413422166 4
      vertex 189.3193906875279 120.37547318653753 3.25
    endloop
  endfacet
  facet normal -5.184402007596175e-14 -0.8334524689115076 0.5525911527208088
    outer loop
      vertex 188.34727597913871 129.62452681346247 2.5
      vertex 188.41595299403704 128.97110866409196 1.5144739611862992
      vertex 188.58217125521605 128.9921069137131 1.5461448319618967
    endloop
  endfacet
  facet normal 0 -0.8334524689115018 0.5525911527208177
    outer loop
      vertex 188.34727597913871 129.62452681346247 2.5
      vertex 188.58217125521605 128.9921069137131 1.5461448319618967
      vertex 189.3193906875279 129.62452681346247 2.5
    endloop
  endfacet
  facet normal 0 -1 0
    outer loop
      vertex 188.34727597913871 129.62452681346247 2.5
      vertex 189.3193906875279 129.62452681346247 2.5
      vertex 188.34727597913871 129.62452681346247 3.25
    endloop
  endfacet
  facet normal 0 -1 0
    outer loop
      vertex 188.34727597913871 129.62452681346247 3.25
      vertex 189.3193906875279 129.62452681346247 2.5
      vertex 189.3193906875279 129.62452681346247 3.25
    endloop
  endfacet
  facet normal 0 -0.8334524689114979 -0.5525911527208235
    outer loop
      vertex 188.34727597913871 129.62452681346247 3.25
      vertex 189.3193906875279 129.62452681346247 3.25
      vertex 188.39954021077256 129.12726586577833 4
    endloop
  endfacet
  facet normal 0 1 0
    outer loop
      vertex 188.39954021077256 120.87273413422166 4
      vertex 188.39954021077256 120.87273413422166 10
      vertex 189.26712645589407 120.87273413422166 4
    endloop
  endfacet
  facet normal 0 1 0
    outer loop
      vertex 188.39954021077256 120.87273413422166 10
      vertex 189.26712645589407 120.87273413422166 10
      vertex 189.26712645589407 120.87273413422166 4
    endloop
  endfacet
  facet normal 0 -1 0
    outer loop
      vertex 188.39954021077256 129.12726586577833 4
      vertex 189.26712645589407 129.12726586577833 4
      vertex 189.26712645589407 129.12726586577833 10
    endloop
  endfacet
  facet normal 0 -1 0
    outer loop
      vertex 188.39954021077256 129.12726586577833 4
      vertex 189.26712645589407 129.12726586577833 10
      vertex 188.39954021077256 129.12726586577833 10
    endloop
  endfacet
  facet normal 0 -0.833452468911498 -0.5525911527208235
    outer loop
      vertex 188.39954021077256 129.12726586577833 4
      vertex 189.3193906875279 129.62452681346247 3.25
      vertex 189.26712645589407 129.12726586577833 4
    endloop
  endfacet
  facet normal 0.12533323356434203 0.992114701314473 0
    outer loop
      vertex 188.41595299403704 121.02889133590806 1.5144739611862992
      vertex 188.58217125521605 121.00789308628691 1.5461448319618967
      vertex 188.58217125521605 121.00789308628691 0.8000000000000007
    endloop
  endfacet
  facet normal 0.12533323356425852 -0.9921147013144835 0
    outer loop
      vertex 188.41595299403704 128.97110866409196 1.5144739611862992
      vertex 188.58217125521605 128.9921069137131 0.8000000000000007
      vertex 188.58217125521605 128.9921069137131 1.5461448319618967
    endloop
  endfacet
  facet normal 0 1 0
    outer loop
      vertex 188.58217125521605 121.00789308628691 0.8000000000000007
      vertex 188.58217125521605 121.00789308628691 1.5461448319618967
      vertex 189.08449541145058 121.00789308628691 1.5461448319618967
    endloop
  endfacet
  facet normal 0 0 1
    outer loop
      vertex 188.58217125521605 121.00789308628691 0.8000000000000007
      vertex 189.08449541145058 121.00789308628691 0.8000000000000007
      vertex 189.08449541145058 128.9921069137131 0.8000000000000007
    endloop
  endfacet
  facet normal 0 1 0
    outer loop
      vertex 188.58217125521605 121.00789308628691 0.8000000000000007
      vertex 189.08449541145058 121.00789308628691 1.5461448319618967
      vertex 189.08449541145058 121.00789308628691 0.8000000000000007
    endloop
  endfacet
  facet normal 0 0 1
    outer loop
      vertex 188.58217125521605 121.00789308628691 0.8000000000000007
      vertex 189.08449541145058 128.9921069137131 0.8000000000000007
      vertex 188.58217125521605 128.9921069137131 0.8000000000000007
    endloop
  endfacet
  facet normal 0 -1 0
    outer loop
      vertex 188.58217125521605 128.9921069137131 0.8000000000000007
      vertex 189.08449541145058 128.9921069137131 0.8000000000000007
      vertex 188.58217125521605 128.9921069137131 1.5461448319618967
    endloop
  endfacet
  facet normal 0 -1 0
    outer loop
      vertex 188.58217125521605 128.9921069137131 1.5461448319618967
      vertex 189.08449541145058 128.9921069137131 0.8000000000000007
      vertex 189.08449541145058 128.9921069137131 1.5461448319618967
    endloop
  endfacet
  facet normal 0 -0.8334524689115018 0.5525911527208177
    outer loop
      vertex 188.58217125521605 128.9921069137131 1.5461448319618967
      vertex 189.08449541145058 128.9921069137131 1.5461448319618967
      vertex 189.3193906875279 129.62452681346247 2.5
    endloop
  endfacet
  facet normal -0.12533323356434203 0.992114701314473 0
    outer loop
      vertex 189.08449541145058 121.00789308628691 0.8000000000000007
      vertex 189.08449541145058 121.00789308628691 1.5461448319618967
      vertex 189.2507136726296 121.02889133590806 1.5144739611862992
    endloop
  endfacet
  facet normal -0.12533323356430998 0.9921147013144772 -7.583727689764876e-15
    outer loop
      vertex 189.08449541145058 121.00789308628691 0.8000000000000007
      vertex 189.2507136726296 121.02889133590806 1.5144739611862992
      vertex 189.5828585916762 121.07085099708524 0.8000000000000007
    endloop
  endfacet
  facet normal 0 0 1
    outer loop
      vertex 189.08449541145058 121.00789308628691 0.8000000000000007
      vertex 189.5828585916762 121.07085099708524 0.8000000000000007
      vertex 189.5828585916762 128.92914900291476 0.8000000000000007
    endloop
  endfacet
  facet normal 0 0 1
    outer loop
      vertex 189.08449541145058 121.00789308628691 0.8000000000000007
      vertex 189.5828585916762 128.92914900291476 0.8000000000000007
      vertex 189.08449541145058 128.9921069137131 0.8000000000000007
    endloop
  endfacet
  facet normal -1.6392884036115442e-14 0.8334524689114999 0.5525911527208205
    outer loop
      vertex 189.08449541145058 121.00789308628691 1.5461448319618967
      vertex 189.3193906875279 120.37547318653753 2.5
      vertex 189.2507136726296 121.02889133590806 1.5144739611862992
    endloop
  endfacet
  facet normal -0.12533323356425852 -0.9921147013144835 0
    outer loop
      vertex 189.08449541145058 128.9921069137131 0.8000000000000007
      vertex 189.2507136726296 128.97110866409196 1.5144739611862992
      vertex 189.08449541145058 128.9921069137131 1.5461448319618967
    endloop
  endfacet
  facet normal -0.12533323356430998 -0.9921147013144772 1.2151364826047737e-14
    outer loop
      vertex 189.08449541145058 128.9921069137131 0.8000000000000007
      vertex 189.5828585916762 128.92914900291476 0.8000000000000007
      vertex 189.2507136726296 128.97110866409196 1.5144739611862992
    endloop
  endfacet
  facet normal 5.166981301925489e-14 -0.8334524689115076 0.5525911527208088
    outer loop
      vertex 189.08449541145058 128.9921069137131 1.5461448319618967
      vertex 189.2507136726296 128.97110866409196 1.5144739611862992
      vertex 189.3193906875279 129.62452681346247 2.5
    endloop
  endfacet
  facet normal -0.17328451202761905 0.8152395327914501 0.5525911527208232
    outer loop
      vertex 189.2507136726296 121.02889133590806 1.5144739611862992
      vertex 189.3193906875279 120.37547318653753 2.5
      vertex 189.5828585916762 121.07085099708524 1.5567265298897706
    endloop
  endfacet
  facet normal -0.12533323356429388 0.992114701314479 0
    outer loop
      vertex 189.2507136726296 121.02889133590806 1.5144739611862992
      vertex 189.5828585916762 121.07085099708524 1.5567265298897706
      vertex 189.5828585916762 121.07085099708524 0.8000000000000007
    endloop
  endfacet
  facet normal -0.12533323356433568 -0.9921147013144738 0
    outer loop
      vertex 189.2507136726296 128.97110866409196 1.5144739611862992
      vertex 189.5828585916762 128.92914900291476 0.8000000000000007
      vertex 189.5828585916762 128.92914900291476 1.5567265298897688
    endloop
  endfacet
  facet normal -0.17328451202764975 -0.8152395327914501 0.5525911527208135
    outer loop
      vertex 189.2507136726296 128.97110866409196 1.5144739611862992
      vertex 189.5828585916762 128.92914900291476 1.5567265298897688
      vertex 189.3193906875279 129.62452681346247 2.5
    endloop
  endfacet
  facet normal -0.20791169081776503 0.9781476007338045 0
    outer loop
      vertex 189.26712645589407 120.87273413422166 4
      vertex 189.26712645589407 120.87273413422166 10
      vertex 190.11575385998935 121.05311545737511 4
    endloop
  endfacet
  facet normal -0.17328451202763148 0.8152395327914531 -0.5525911527208149
    outer loop
      vertex 189.26712645589407 120.87273413422166 4
      vertex 190.11575385998935 121.05311545737511 4
      vertex 189.3193906875279 120.37547318653753 3.25
    endloop
  endfacet
  facet normal -0.20791169081776503 0.9781476007338045 0
    outer loop
      vertex 189.26712645589407 120.87273413422166 10
      vertex 190.11575385998935 121.05311545737511 10
      vertex 190.11575385998935 121.05311545737511 4
    endloop
  endfacet
  facet normal 0 0 1
    outer loop
      vertex 189.26712645589407 120.87273413422166 10
      vertex 207.6990666637818 106.33879999816418 10
      vertex 190.11575385998935 121.05311545737511 10
    endloop
  endfacet
  facet normal -0.1732845120276037 -0.8152395327914508 -0.5525911527208269
    outer loop
      vertex 189.26712645589407 129.12726586577833 4
      vertex 189.3193906875279 129.62452681346247 3.25
      vertex 190.11575385998935 128.9468845426249 4
    endloop
  endfacet
  facet normal -0.2079116908177337 -0.9781476007338111 0
    outer loop
      vertex 189.26712645589407 129.12726586577833 4
      vertex 190.11575385998935 128.9468845426249 4
      vertex 190.11575385998935 128.9468845426249 10
    endloop
  endfacet
  facet normal -0.2079116908177337 -0.9781476007338111 0
    outer loop
      vertex 189.26712645589407 129.12726586577833 4
      vertex 190.11575385998935 128.9468845426249 10
      vertex 189.26712645589407 129.12726586577833 10
    endloop
  endfacet
  facet normal -0.2079116908177587 0.9781476007338059 0
    outer loop
      vertex 189.3193906875279 120.37547318653753 2.5
      vertex 189.3193906875279 120.37547318653753 3.25
      vertex 190.27026235717682 120.57758719922754 3.25
    endloop
  endfacet
  facet normal -0.173284512027618 0.8152395327914501 0.5525911527208234
    outer loop
      vertex 189.3193906875279 120.37547318653753 2.5
      vertex 190.06940131083311 121.19577393481939 1.5250000000000004
      vertex 189.5828585916762 121.07085099708524 1.5567265298897706
    endloop
  endfacet
  facet normal -0.17328451202762563 0.8152395327914516 0.5525911527208188
    outer loop
      vertex 189.3193906875279 120.37547318653753 2.5
      vertex 190.27026235717682 120.57758719922754 2.5
      vertex 190.06940131083311 121.19577393481939 1.5250000000000004
    endloop
  endfacet
  facet normal -0.2079116908177587 0.9781476007338059 0
    outer loop
      vertex 189.3193906875279 120.37547318653753 2.5
      vertex 190.27026235717682 120.57758719922754 3.25
      vertex 190.27026235717682 120.57758719922754 2.5
    endloop
  endfacet
  facet normal -0.17328451202762554 0.8152395327914512 -0.5525911527208195
    outer loop
      vertex 189.3193906875279 120.37547318653753 3.25
      vertex 190.11575385998935 121.05311545737511 4
      vertex 190.27026235717682 120.57758719922754 3.25
    endloop
  endfacet
  facet normal -0.1732845120276254 -0.8152395327914506 0.5525911527208205
    outer loop
      vertex 189.3193906875279 129.62452681346247 2.5
      vertex 189.5828585916762 128.92914900291476 1.5567265298897688
      vertex 190.27026235717682 129.42241280077246 2.5
    endloop
  endfacet
  facet normal -0.2079116908177587 -0.9781476007338059 0
    outer loop
      vertex 189.3193906875279 129.62452681346247 2.5
      vertex 190.27026235717682 129.42241280077246 2.5
      vertex 189.3193906875279 129.62452681346247 3.25
    endloop
  endfacet
  facet normal -0.2079116908177587 -0.9781476007338059 0
    outer loop
      vertex 189.3193906875279 129.62452681346247 3.25
      vertex 190.27026235717682 129.42241280077246 2.5
      vertex 190.27026235717682 129.42241280077246 3.25
    endloop
  endfacet
  facet normal -0.17328451202762704 -0.8152395327914582 -0.5525911527208088
    outer loop
      vertex 189.3193906875279 129.62452681346247 3.25
      vertex 190.27026235717682 129.42241280077246 3.25
      vertex 190.11575385998935 128.9468845426249 4
    endloop
  endfacet
  facet normal -0.24868988716484383 0.9685831611286341 0
    outer loop
      vertex 189.5828585916762 121.07085099708524 0.8000000000000007
      vertex 189.5828585916762 121.07085099708524 1.5567265298897706
      vertex 190.06940131083311 121.19577393481939 1.5250000000000004
    endloop
  endfacet
  facet normal 0 0 1
    outer loop
      vertex 189.5828585916762 121.07085099708524 0.8000000000000007
      vertex 190.06940131083311 121.19577393481939 0.8000000000000007
      vertex 190.06940131083311 128.80422606518061 0.8000000000000007
    endloop
  endfacet
  facet normal -0.24868988716484375 0.9685831611286339 0
    outer loop
      vertex 189.5828585916762 121.07085099708524 0.8000000000000007
      vertex 190.06940131083311 121.19577393481939 1.5250000000000004
      vertex 190.06940131083311 121.19577393481939 0.8000000000000007
    endloop
  endfacet
  facet normal 0 0 1
    outer loop
      vertex 189.5828585916762 121.07085099708524 0.8000000000000007
      vertex 190.06940131083311 128.80422606518061 0.8000000000000007
      vertex 189.5828585916762 128.92914900291476 0.8000000000000007
    endloop
  endfacet
  facet normal -0.24868988716484378 -0.9685831611286339 0
    outer loop
      vertex 189.5828585916762 128.92914900291476 0.8000000000000007
      vertex 190.06940131083311 128.80422606518061 0.8000000000000007
      vertex 189.5828585916762 128.92914900291476 1.5567265298897688
    endloop
  endfacet
  facet normal -0.24868988716484383 -0.9685831611286339 0
    outer loop
      vertex 189.5828585916762 128.92914900291476 1.5567265298897688
      vertex 190.06940131083311 128.80422606518061 0.8000000000000007
      vertex 190.06940131083311 128.80422606518061 1.5250000000000004
    endloop
  endfacet
  facet normal -0.17328451202762118 -0.8152395327914528 0.5525911527208186
    outer loop
      vertex 189.5828585916762 128.92914900291476 1.5567265298897688
      vertex 190.06940131083311 128.80422606518061 1.5250000000000004
      vertex 190.27026235717682 129.42241280077246 2.5
    endloop
  endfacet
  facet normal -0.36812455268469885 0.9297764858882431 0
    outer loop
      vertex 190.06940131083311 121.19577393481939 0.8000000000000007
      vertex 190.06940131083311 121.19577393481939 1.5250000000000004
      vertex 190.5364504995936 121.38069179013593 1.5567265298897706
    endloop
  endfacet
  facet normal 0 0 1
    outer loop
      vertex 190.06940131083311 121.19577393481939 0.8000000000000007
      vertex 190.5364504995936 121.38069179013593 0.8000000000000007
      vertex 190.5364504995936 128.61930820986407 0.8000000000000007
    endloop
  endfacet
  facet normal -0.3681245526846988 0.929776485888243 0
    outer loop
      vertex 190.06940131083311 121.19577393481939 0.8000000000000007
      vertex 190.5364504995936 121.38069179013593 1.5567265298897706
      vertex 190.5364504995936 121.38069179013593 0.8000000000000007
    endloop
  endfacet
  facet normal 0 0 1
    outer loop
      vertex 190.06940131083311 121.19577393481939 0.8000000000000007
      vertex 190.5364504995936 128.61930820986407 0.8000000000000007
      vertex 190.06940131083311 128.80422606518061 0.8000000000000007
    endloop
  endfacet
  facet normal -0.33899565936831944 0.7613967171351066 0.5525911527208166
    outer loop
      vertex 190.06940131083311 121.19577393481939 1.5250000000000004
      vertex 190.27026235717682 120.57758719922754 2.5
      vertex 190.5364504995936 121.38069179013593 1.5567265298897706
    endloop
  endfacet
  facet normal -0.36812455268469885 -0.9297764858882431 0
    outer loop
      vertex 190.06940131083311 128.80422606518061 0.8000000000000007
      vertex 190.5364504995936 128.61930820986407 0.8000000000000007
      vertex 190.06940131083311 128.80422606518061 1.5250000000000004
    endloop
  endfacet
  facet normal -0.3681245526846988 -0.929776485888243 0
    outer loop
      vertex 190.06940131083311 128.80422606518061 1.5250000000000004
      vertex 190.5364504995936 128.61930820986407 0.8000000000000007
      vertex 190.5364504995936 128.61930820986407 1.5567265298897706
    endloop
  endfacet
  facet normal -0.33899565936831944 -0.7613967171351066 0.5525911527208166
    outer loop
      vertex 190.06940131083311 128.80422606518061 1.5250000000000004
      vertex 190.5364504995936 128.61930820986407 1.5567265298897706
      vertex 190.27026235717682 129.42241280077246 2.5
    endloop
  endfacet
  facet normal -0.40673664307580915 0.913545457642597 0
    outer loop
      vertex 190.11575385998935 121.05311545737511 4
      vertex 190.11575385998935 121.05311545737511 10
      vertex 190.9083333333333 121.40599457429458 4
    endloop
  endfacet
  facet normal -0.33899565936830944 0.7613967171351103 -0.5525911527208177
    outer loop
      vertex 190.11575385998935 121.05311545737511 4
      vertex 190.9083333333333 121.40599457429458 4
      vertex 190.27026235717682 120.57758719922754 3.25
    endloop
  endfacet
  facet normal -0.40673664307580915 0.913545457642597 0
    outer loop
      vertex 190.11575385998935 121.05311545737511 10
      vertex 190.9083333333333 121.40599457429458 10
      vertex 190.9083333333333 121.40599457429458 4
    endloop
  endfacet
  facet normal 0 0 1
    outer loop
      vertex 190.11575385998935 121.05311545737511 10
      vertex 207.6990666637818 106.33879999816418 10
      vertex 190.9083333333333 121.40599457429458 10
    endloop
  endfacet
  facet normal -0.3389956593683121 -0.7613967171351163 -0.5525911527208077
    outer loop
      vertex 190.11575385998935 128.9468845426249 4
      vertex 190.27026235717682 129.42241280077246 3.25
      vertex 190.9083333333333 128.59400542570543 4
    endloop
  endfacet
  facet normal -0.40673664307580915 -0.913545457642597 0
    outer loop
      vertex 190.11575385998935 128.9468845426249 4
      vertex 190.9083333333333 128.59400542570543 4
      vertex 190.9083333333333 128.59400542570543 10
    endloop
  endfacet
  facet normal -0.40673664307580915 -0.913545457642597 0
    outer loop
      vertex 190.11575385998935 128.9468845426249 4
      vertex 190.9083333333333 128.59400542570543 10
      vertex 190.11575385998935 128.9468845426249 10
    endloop
  endfacet
  facet normal -0.40673664307580054 0.9135454576426008 0
    outer loop
      vertex 190.27026235717682 120.57758719922754 2.5
      vertex 190.27026235717682 120.57758719922754 3.25
      vertex 191.1583333333333 120.97298187240236 3.25
    endloop
  endfacet
  facet normal -0.33899565936829207 0.7613967171351106 0.5525911527208278
    outer loop
      vertex 190.27026235717682 120.57758719922754 2.5
      vertex 190.82982465372874 121.54197559620484 1.5144739611862992
      vertex 190.5364504995936 121.38069179013593 1.5567265298897706
    endloop
  endfacet
  facet normal -0.33899565936830095 0.7613967171351104 0.5525911527208225
    outer loop
      vertex 190.27026235717682 120.57758719922754 2.5
      vertex 191.1583333333333 120.97298187240236 2.5
      vertex 190.82982465372874 121.54197559620484 1.5144739611862992
    endloop
  endfacet
  facet normal -0.40673664307580054 0.9135454576426008 0
    outer loop
      vertex 190.27026235717682 120.57758719922754 2.5
      vertex 191.1583333333333 120.97298187240236 3.25
      vertex 191.1583333333333 120.97298187240236 2.5
    endloop
  endfacet
  facet normal -0.3389956593683005 0.7613967171351094 -0.5525911527208244
    outer loop
      vertex 190.27026235717682 120.57758719922754 3.25
      vertex 190.9083333333333 121.40599457429458 4
      vertex 191.1583333333333 120.97298187240236 3.25
    endloop
  endfacet
  facet normal -0.3389956593683005 -0.7613967171351093 0.5525911527208243
    outer loop
      vertex 190.27026235717682 129.42241280077246 2.5
      vertex 190.5364504995936 128.61930820986407 1.5567265298897706
      vertex 191.1583333333333 129.02701812759764 2.5
    endloop
  endfacet
  facet normal -0.40673664307580054 -0.9135454576426008 0
    outer loop
      vertex 190.27026235717682 129.42241280077246 2.5
      vertex 191.1583333333333 129.02701812759764 2.5
      vertex 190.27026235717682 129.42241280077246 3.25
    endloop
  endfacet
  facet normal -0.40673664307580054 -0.9135454576426008 0
    outer loop
      vertex 190.27026235717682 129.42241280077246 3.25
      vertex 191.1583333333333 129.02701812759764 2.5
      vertex 191.1583333333333 129.02701812759764 3.25
    endloop
  endfacet
  facet normal -0.3389956593683032 -0.7613967171351155 -0.5525911527208143
    outer loop
      vertex 190.27026235717682 129.42241280077246 3.25
      vertex 191.1583333333333 129.02701812759764 3.25
      vertex 190.9083333333333 128.59400542570543 4
    endloop
  endfacet
  facet normal -0.4817536741017115 0.8763066800438656 0
    outer loop
      vertex 190.5364504995936 121.38069179013593 0.8000000000000007
      vertex 190.5364504995936 121.38069179013593 1.5567265298897706
      vertex 190.82982465372874 121.54197559620484 1.5144739611862992
    endloop
  endfacet
  facet normal -0.48175367410171255 0.8763066800438651 5.413495865223932e-16
    outer loop
      vertex 190.5364504995936 121.38069179013593 0.8000000000000007
      vertex 190.82982465372874 121.54197559620484 1.5144739611862992
      vertex 190.9766405132493 121.62268829799194 0.8000000000000007
    endloop
  endfacet
  facet normal 0 0 1
    outer loop
      vertex 190.5364504995936 121.38069179013593 0.8000000000000007
      vertex 190.9766405132493 121.62268829799194 0.8000000000000007
      vertex 190.9766405132493 128.37731170200806 0.8000000000000007
    endloop
  endfacet
  facet normal 0 0 1
    outer loop
      vertex 190.5364504995936 121.38069179013593 0.8000000000000007
      vertex 190.9766405132493 128.37731170200806 0.8000000000000007
      vertex 190.5364504995936 128.61930820986407 0.8000000000000007
    endloop
  endfacet
  facet normal -0.48175367410174413 -0.8763066800438477 0
    outer loop
      vertex 190.5364504995936 128.61930820986407 0.8000000000000007
      vertex 190.82982465372874 128.45802440379515 1.5144739611862992
      vertex 190.5364504995936 128.61930820986407 1.5567265298897706
    endloop
  endfacet
  facet normal -0.48175367410171255 -0.8763066800438651 -1.6897840665020415e-14
    outer loop
      vertex 190.5364504995936 128.61930820986407 0.8000000000000007
      vertex 190.9766405132493 128.37731170200806 0.8000000000000007
      vertex 190.82982465372874 128.45802440379515 1.5144739611862992
    endloop
  endfacet
  facet normal -0.3389956593683202 -0.7613967171350956 0.5525911527208313
    outer loop
      vertex 190.5364504995936 128.61930820986407 1.5567265298897706
      vertex 190.82982465372874 128.45802440379515 1.5144739611862992
      vertex 191.1583333333333 129.02701812759764 2.5
    endloop
  endfacet
  facet normal -0.48175367410171444 0.876306680043864 0
    outer loop
      vertex 190.82982465372874 121.54197559620484 1.5144739611862992
      vertex 190.9766405132493 121.62268829799194 1.5461448319618967
      vertex 190.9766405132493 121.62268829799194 0.8000000000000007
    endloop
  endfacet
  facet normal -0.4898910697129288 0.6742772113531607 0.5525911527208224
    outer loop
      vertex 190.82982465372874 121.54197559620484 1.5144739611862992
      vertex 191.1583333333333 120.97298187240236 2.5
      vertex 190.9766405132493 121.62268829799194 1.5461448319618967
    endloop
  endfacet
  facet normal -0.4817536741016493 -0.8763066800438998 0
    outer loop
      vertex 190.82982465372874 128.45802440379515 1.5144739611862992
      vertex 190.9766405132493 128.37731170200806 0.8000000000000007
      vertex 190.9766405132493 128.37731170200806 1.5461448319618967
    endloop
  endfacet
  facet normal -0.48989106971288066 -0.6742772113531881 0.5525911527208319
    outer loop
      vertex 190.82982465372874 128.45802440379515 1.5144739611862992
      vertex 190.9766405132493 128.37731170200806 1.5461448319618967
      vertex 191.1583333333333 129.02701812759764 2.5
    endloop
  endfacet
  facet normal -0.5877852522924625 0.8090169943749551 0
    outer loop
      vertex 190.9083333333333 121.40599457429458 4
      vertex 190.9083333333333 121.40599457429458 10
      vertex 191.61022534972258 121.91594897426882 4
    endloop
  endfacet
  facet normal -0.48989106971292024 0.6742772113531653 -0.5525911527208245
    outer loop
      vertex 190.9083333333333 121.40599457429458 4
      vertex 191.61022534972258 121.91594897426882 4
      vertex 191.1583333333333 120.97298187240236 3.25
    endloop
  endfacet
  facet normal -0.5877852522924625 0.8090169943749551 0
    outer loop
      vertex 190.9083333333333 121.40599457429458 10
      vertex 191.61022534972258 121.91594897426882 10
      vertex 191.61022534972258 121.91594897426882 4
    endloop
  endfacet
  facet normal 0 0 1
    outer loop
      vertex 190.9083333333333 121.40599457429458 10
      vertex 207.6990666637818 106.33879999816418 10
      vertex 208.33587482819954 110.1533550992608 10
    endloop
  endfacet
  facet normal 0 0 1
    outer loop
      vertex 190.9083333333333 121.40599457429458 10
      vertex 208.33587482819954 110.1533550992608 10
      vertex 191.61022534972258 121.91594897426882 10
    endloop
  endfacet
  facet normal -0.48989106971293284 -0.6742772113531639 -0.552591152720815
    outer loop
      vertex 190.9083333333333 128.59400542570543 4
      vertex 191.1583333333333 129.02701812759764 3.25
      vertex 191.61022534972258 128.08405102573118 4
    endloop
  endfacet
  facet normal -0.5877852522924732 -0.8090169943749473 0
    outer loop
      vertex 190.9083333333333 128.59400542570543 4
      vertex 191.61022534972258 128.08405102573118 4
      vertex 191.61022534972258 128.08405102573118 10
    endloop
  endfacet
  facet normal -0.5877852522924732 -0.8090169943749473 0
    outer loop
      vertex 190.9083333333333 128.59400542570543 4
      vertex 191.61022534972258 128.08405102573118 10
      vertex 190.9083333333333 128.59400542570543 10
    endloop
  endfacet
  facet normal -0.5877852522924665 0.8090169943749522 0
    outer loop
      vertex 190.9766405132493 121.62268829799194 0.8000000000000007
      vertex 190.9766405132493 121.62268829799194 1.5461448319618967
      vertex 191.38302929232808 121.91794702889685 1.546144831961895
    endloop
  endfacet
  facet normal 0 0 1
    outer loop
      vertex 190.9766405132493 121.62268829799194 0.8000000000000007
      vertex 191.38302929232808 121.91794702889685 0.8000000000000007
      vertex 191.38302929232808 128.08205297110317 0.8000000000000007
    endloop
  endfacet
  facet normal -0.5877852522924665 0.8090169943749522 0
    outer loop
      vertex 190.9766405132493 121.62268829799194 0.8000000000000007
      vertex 191.38302929232808 121.91794702889685 1.546144831961895
      vertex 191.38302929232808 121.91794702889685 0.8000000000000007
    endloop
  endfacet
  facet normal 0 0 1
    outer loop
      vertex 190.9766405132493 121.62268829799194 0.8000000000000007
      vertex 191.38302929232808 128.08205297110317 0.8000000000000007
      vertex 190.9766405132493 128.37731170200806 0.8000000000000007
    endloop
  endfacet
  facet normal -0.48989106971292223 0.6742772113531644 0.5525911527208238
    outer loop
      vertex 190.9766405132493 121.62268829799194 1.5461448319618967
      vertex 191.1583333333333 120.97298187240236 2.5
      vertex 191.38302929232808 121.91794702889685 1.546144831961895
    endloop
  endfacet
  facet normal -0.5877852522924479 -0.8090169943749657 0
    outer loop
      vertex 190.9766405132493 128.37731170200806 0.8000000000000007
      vertex 191.38302929232808 128.08205297110317 0.8000000000000007
      vertex 190.9766405132493 128.37731170200806 1.5461448319618967
    endloop
  endfacet
  facet normal -0.5877852522924479 -0.8090169943749657 0
    outer loop
      vertex 190.9766405132493 128.37731170200806 1.5461448319618967
      vertex 191.38302929232808 128.08205297110317 0.8000000000000007
      vertex 191.38302929232808 128.08205297110317 1.546144831961895
    endloop
  endfacet
  facet normal -0.4898910697129131 -0.6742772113531844 0.5525911527208074
    outer loop
      vertex 190.9766405132493 128.37731170200806 1.5461448319618967
      vertex 191.38302929232808 128.08205297110317 1.546144831961895
      vertex 191.94479065290201 128.45562343846987 2.5
    endloop
  endfacet
  facet normal -0.48989106971292984 -0.6742772113531602 0.5525911527208224
    outer loop
      vertex 190.9766405132493 128.37731170200806 1.5461448319618967
      vertex 191.94479065290201 128.45562343846987 2.5
      vertex 191.1583333333333 129.02701812759764 2.5
    endloop
  endfacet
  facet normal -0.5877852522924635 0.8090169943749544 0
    outer loop
      vertex 191.1583333333333 120.97298187240236 2.5
      vertex 191.1583333333333 120.97298187240236 3.25
      vertex 191.94479065290201 121.54437656153011 3.25
    endloop
  endfacet
  facet normal -0.489891069712921 0.6742772113531648 0.5525911527208244
    outer loop
      vertex 191.1583333333333 120.97298187240236 2.5
      vertex 191.94479065290201 121.54437656153011 2.5
      vertex 191.38302929232808 121.91794702889685 1.546144831961895
    endloop
  endfacet
  facet normal -0.5877852522924635 0.8090169943749544 0
    outer loop
      vertex 191.1583333333333 120.97298187240236 2.5
      vertex 191.94479065290201 121.54437656153011 3.25
      vertex 191.94479065290201 121.54437656153011 2.5
    endloop
  endfacet
  facet normal -0.48989106971292135 0.6742772113531652 -0.5525911527208236
    outer loop
      vertex 191.1583333333333 120.97298187240236 3.25
      vertex 191.61022534972258 121.91594897426882 4
      vertex 191.94479065290201 121.54437656153011 3.25
    endloop
  endfacet
  facet normal -0.587785252292473 -0.8090169943749475 0
    outer loop
      vertex 191.1583333333333 129.02701812759764 2.5
      vertex 191.94479065290201 128.45562343846987 2.5
      vertex 191.1583333333333 129.02701812759764 3.25
    endloop
  endfacet
  facet normal -0.587785252292473 -0.8090169943749475 0
    outer loop
      vertex 191.1583333333333 129.02701812759764 3.25
      vertex 191.94479065290201 128.45562343846987 2.5
      vertex 191.94479065290201 128.45562343846987 3.25
    endloop
  endfacet
  facet normal -0.4898910697129326 -0.6742772113531639 -0.5525911527208153
    outer loop
      vertex 191.1583333333333 129.02701812759764 3.25
      vertex 191.94479065290201 128.45562343846987 3.25
      vertex 191.61022534972258 128.08405102573118 4
    endloop
  endfacet
  facet normal -0.684547105928679 0.7289686274214205 0
    outer loop
      vertex 191.38302929232808 121.91794702889685 0.8000000000000007
      vertex 191.38302929232808 121.91794702889685 1.546144831961895
      vertex 191.5051602289461 122.0326356122752 1.5144739611862992
    endloop
  endfacet
  facet normal -0.6845471059286897 0.7289686274214107 3.4414366571781597e-15
    outer loop
      vertex 191.38302929232808 121.91794702889685 0.8000000000000007
      vertex 191.5051602289461 122.0326356122752 1.5144739611862992
      vertex 191.74920784301895 122.26181157628524 0.8000000000000007
    endloop
  endfacet
  facet normal 0 0 1
    outer loop
      vertex 191.38302929232808 121.91794702889685 0.8000000000000007
      vertex 191.74920784301895 122.26181157628524 0.8000000000000007
      vertex 191.74920784301895 127.73818842371476 0.8000000000000007
    endloop
  endfacet
  facet normal 0 0 1
    outer loop
      vertex 191.38302929232808 121.91794702889685 0.8000000000000007
      vertex 191.74920784301895 127.73818842371476 0.8000000000000007
      vertex 191.38302929232808 128.08205297110317 0.8000000000000007
    endloop
  endfacet
  facet normal -0.489891069712916 0.6742772113531694 0.5525911527208233
    outer loop
      vertex 191.38302929232808 121.91794702889685 1.546144831961895
      vertex 191.94479065290201 121.54437656153011 2.5
      vertex 191.5051602289461 122.0326356122752 1.5144739611862992
    endloop
  endfacet
  facet normal -0.684547105928724 -0.7289686274213782 0
    outer loop
      vertex 191.38302929232808 128.08205297110317 0.8000000000000007
      vertex 191.5051602289461 127.9673643877248 1.5144739611862992
      vertex 191.38302929232808 128.08205297110317 1.546144831961895
    endloop
  endfacet
  facet normal -0.6845471059287047 -0.7289686274213965 -6.2061863312031894e-15
    outer loop
      vertex 191.38302929232808 128.08205297110317 0.8000000000000007
      vertex 191.74920784301895 127.73818842371476 0.8000000000000007
      vertex 191.5051602289461 127.9673643877248 1.5144739611862992
    endloop
  endfacet
  facet normal -0.4898910697129651 -0.674277211353137 0.5525911527208193
    outer loop
      vertex 191.38302929232808 128.08205297110317 1.546144831961895
      vertex 191.5051602289461 127.9673643877248 1.5144739611862992
      vertex 191.94479065290201 128.45562343846987 2.5
    endloop
  endfacet
  facet normal -0.6845471059286949 0.7289686274214054 0
    outer loop
      vertex 191.5051602289461 122.0326356122752 1.5144739611862992
      vertex 191.74920784301895 122.26181157628524 1.5567265298897706
      vertex 191.74920784301895 122.26181157628524 0.8000000000000007
    endloop
  endfacet
  facet normal -0.6193758895529493 0.5576885558940248 0.552591152720825
    outer loop
      vertex 191.5051602289461 122.0326356122752 1.5144739611862992
      vertex 191.94479065290201 121.54437656153011 2.5
      vertex 192.5952623571768 122.26679857684 2.5
    endloop
  endfacet
  facet normal -0.6193758895529464 0.557688555894033 0.5525911527208199
    outer loop
      vertex 191.5051602289461 122.0326356122752 1.5144739611862992
      vertex 192.5952623571768 122.26679857684 2.5
      vertex 191.74920784301895 122.26181157628524 1.5567265298897706
    endloop
  endfacet
  facet normal -0.6845471059286949 -0.7289686274214054 0
    outer loop
      vertex 191.5051602289461 127.9673643877248 1.5144739611862992
      vertex 191.74920784301895 127.73818842371476 0.8000000000000007
      vertex 191.74920784301895 127.73818842371476 1.5567265298897706
    endloop
  endfacet
  facet normal -0.6193758895529464 -0.557688555894033 0.5525911527208199
    outer loop
      vertex 191.5051602289461 127.9673643877248 1.5144739611862992
      vertex 191.74920784301895 127.73818842371476 1.5567265298897706
      vertex 192.5952623571768 127.73320142316 2.5
    endloop
  endfacet
  facet normal -0.6193758895529463 -0.557688555894033 0.5525911527208197
    outer loop
      vertex 191.5051602289461 127.9673643877248 1.5144739611862992
      vertex 192.5952623571768 127.73320142316 2.5
      vertex 191.94479065290201 128.45562343846987 2.5
    endloop
  endfacet
  facet normal -0.7431448254773985 0.6691306063588535 0
    outer loop
      vertex 191.61022534972258 121.91594897426882 4
      vertex 191.61022534972258 121.91594897426882 10
      vertex 192.19075385998934 122.56069120298623 4
    endloop
  endfacet
  facet normal -0.6193758895529471 0.5576885558940387 -0.5525911527208133
    outer loop
      vertex 191.61022534972258 121.91594897426882 4
      vertex 192.19075385998934 122.56069120298623 4
      vertex 192.5952623571768 122.26679857684 3.25
    endloop
  endfacet
  facet normal -0.6193758895529501 0.5576885558940256 -0.5525911527208233
    outer loop
      vertex 191.61022534972258 121.91594897426882 4
      vertex 192.5952623571768 122.26679857684 3.25
      vertex 191.94479065290201 121.54437656153011 3.25
    endloop
  endfacet
  facet normal -0.7431448254773985 0.6691306063588535 0
    outer loop
      vertex 191.61022534972258 121.91594897426882 10
      vertex 192.19075385998934 122.56069120298623 10
      vertex 192.19075385998934 122.56069120298623 4
    endloop
  endfacet
  facet normal 0 0 1
    outer loop
      vertex 191.61022534972258 121.91594897426882 10
      vertex 208.33587482819954 110.1533550992608 10
      vertex 209.31647074470916 113.73873469233513 10
    endloop
  endfacet
  facet normal 0 0 1
    outer loop
      vertex 191.61022534972258 121.91594897426882 10
      vertex 209.31647074470916 113.73873469233513 10
      vertex 192.19075385998934 122.56069120298623 10
    endloop
  endfacet
  facet normal -0.6193758895529481 -0.5576885558940347 -0.5525911527208163
    outer loop
      vertex 191.61022534972258 128.08405102573118 4
      vertex 191.94479065290201 128.45562343846987 3.25
      vertex 192.5952623571768 127.73320142316 3.25
    endloop
  endfacet
  facet normal -0.7431448254773985 -0.6691306063588535 0
    outer loop
      vertex 191.61022534972258 128.08405102573118 4
      vertex 192.19075385998934 127.43930879701377 4
      vertex 192.19075385998934 127.43930879701377 10
    endloop
  endfacet
  facet normal -0.7431448254773985 -0.6691306063588535 0
    outer loop
      vertex 191.61022534972258 128.08405102573118 4
      vertex 192.19075385998934 127.43930879701377 10
      vertex 191.61022534972258 128.08405102573118 10
    endloop
  endfacet
  facet normal -0.6193758895529471 -0.5576885558940387 -0.5525911527208133
    outer loop
      vertex 191.61022534972258 128.08405102573118 4
      vertex 192.5952623571768 127.73320142316 3.25
      vertex 192.19075385998934 127.43930879701377 4
    endloop
  endfacet
  facet normal 0 0 1
    outer loop
      vertex 191.61022534972258 128.08405102573118 10
      vertex 192.19075385998934 127.43930879701377 10
      vertex 219.37626666824022 128.2280000001192 10
    endloop
  endfacet
  facet normal -0.7705132427757729 0.6374239897487094 0
    outer loop
      vertex 191.74920784301895 122.26181157628524 0.8000000000000007
      vertex 191.74920784301895 122.26181157628524 1.5567265298897706
      vertex 192.06940131083311 122.6488589908301 1.5249999999999986
    endloop
  endfacet
  facet normal 0 0 1
    outer loop
      vertex 191.74920784301895 122.26181157628524 0.8000000000000007
      vertex 192.06940131083311 122.6488589908301 0.8000000000000007
      vertex 192.06940131083311 127.3511410091699 0.8000000000000007
    endloop
  endfacet
  facet normal -0.7705132427757732 0.6374239897487094 0
    outer loop
      vertex 191.74920784301895 122.26181157628524 0.8000000000000007
      vertex 192.06940131083311 122.6488589908301 1.5249999999999986
      vertex 192.06940131083311 122.6488589908301 0.8000000000000007
    endloop
  endfacet
  facet normal 0 0 1
    outer loop
      vertex 191.74920784301895 122.26181157628524 0.8000000000000007
      vertex 192.06940131083311 127.3511410091699 0.8000000000000007
      vertex 191.74920784301895 127.73818842371476 0.8000000000000007
    endloop
  endfacet
  facet normal -0.6193758895529328 0.5576885558940603 0.5525911527208075
    outer loop
      vertex 191.74920784301895 122.26181157628524 1.5567265298897706
      vertex 192.5952623571768 122.26679857684 2.5
      vertex 192.06940131083311 122.6488589908301 1.5249999999999986
    endloop
  endfacet
  facet normal -0.7705132427757732 -0.6374239897487094 0
    outer loop
      vertex 191.74920784301895 127.73818842371476 0.8000000000000007
      vertex 192.06940131083311 127.3511410091699 0.8000000000000007
      vertex 192.06940131083311 127.3511410091699 1.5249999999999986
    endloop
  endfacet
  facet normal -0.7705132427757729 -0.6374239897487094 0
    outer loop
      vertex 191.74920784301895 127.73818842371476 0.8000000000000007
      vertex 192.06940131083311 127.3511410091699 1.5249999999999986
      vertex 191.74920784301895 127.73818842371476 1.5567265298897706
    endloop
  endfacet
  facet normal -0.6193758895529328 -0.5576885558940603 0.5525911527208075
    outer loop
      vertex 191.74920784301895 127.73818842371476 1.5567265298897706
      vertex 192.06940131083311 127.3511410091699 1.5249999999999986
      vertex 192.5952623571768 127.73320142316 2.5
    endloop
  endfacet
  facet normal -0.743144825477408 0.669130606358843 0
    outer loop
      vertex 191.94479065290201 121.54437656153011 2.5
      vertex 191.94479065290201 121.54437656153011 3.25
      vertex 192.5952623571768 122.26679857684 2.5
    endloop
  endfacet
  facet normal -0.743144825477408 0.669130606358843 0
    outer loop
      vertex 191.94479065290201 121.54437656153011 3.25
      vertex 192.5952623571768 122.26679857684 3.25
      vertex 192.5952623571768 122.26679857684 2.5
    endloop
  endfacet
  facet normal -0.7431448254774015 -0.6691306063588504 0
    outer loop
      vertex 191.94479065290201 128.45562343846987 2.5
      vertex 192.5952623571768 127.73320142316 2.5
      vertex 192.5952623571768 127.73320142316 3.25
    endloop
  endfacet
  facet normal -0.7431448254774015 -0.6691306063588504 0
    outer loop
      vertex 191.94479065290201 128.45562343846987 2.5
      vertex 192.5952623571768 127.73320142316 3.25
      vertex 191.94479065290201 128.45562343846987 3.25
    endloop
  endfacet
  facet normal -0.8443279255020375 0.5358267949789612 0
    outer loop
      vertex 192.06940131083311 122.6488589908301 0.8000000000000007
      vertex 192.06940131083311 122.6488589908301 1.5249999999999986
      vertex 192.33856005350876 123.07298530359314 1.5567265298897706
    endloop
  endfacet
  facet normal 0 0 1
    outer loop
      vertex 192.06940131083311 122.6488589908301 0.8000000000000007
      vertex 192.33856005350876 123.07298530359314 0.8000000000000007
      vertex 192.33856005350876 126.92701469640686 0.8000000000000007
    endloop
  endfacet
  facet normal -0.8443279255020375 0.5358267949789614 0
    outer loop
      vertex 192.06940131083311 122.6488589908301 0.8000000000000007
      vertex 192.33856005350876 123.07298530359314 1.5567265298897706
      vertex 192.33856005350876 123.07298530359314 0.8000000000000007
    endloop
  endfacet
  facet normal 0 0 1
    outer loop
      vertex 192.06940131083311 122.6488589908301 0.8000000000000007
      vertex 192.33856005350876 126.92701469640686 0.8000000000000007
      vertex 192.06940131083311 127.3511410091699 0.8000000000000007
    endloop
  endfacet
  facet normal -0.7217910109242219 0.4167262344557619 0.5525911527208076
    outer loop
      vertex 192.06940131083311 122.6488589908301 1.5249999999999986
      vertex 192.5952623571768 122.26679857684 2.5
      vertex 193.0813197113714 123.10867460969753 2.5
    endloop
  endfacet
  facet normal -0.7217910109242281 0.4167262344557109 0.5525911527208381
    outer loop
      vertex 192.06940131083311 122.6488589908301 1.5249999999999986
      vertex 193.0813197113714 123.10867460969753 2.5
      vertex 192.33856005350876 123.07298530359314 1.5567265298897706
    endloop
  endfacet
  facet normal -0.8443279255020375 -0.5358267949789612 0
    outer loop
      vertex 192.06940131083311 127.3511410091699 0.8000000000000007
      vertex 192.33856005350876 126.92701469640686 0.8000000000000007
      vertex 192.06940131083311 127.3511410091699 1.5249999999999986
    endloop
  endfacet
  facet normal -0.8443279255020375 -0.5358267949789612 0
    outer loop
      vertex 192.06940131083311 127.3511410091699 1.5249999999999986
      vertex 192.33856005350876 126.92701469640686 0.8000000000000007
      vertex 192.33856005350876 126.92701469640686 1.5567265298897706
    endloop
  endfacet
  facet normal -0.7217910109242281 -0.4167262344557109 0.5525911527208381
    outer loop
      vertex 192.06940131083311 127.3511410091699 1.5249999999999986
      vertex 192.33856005350876 126.92701469640686 1.5567265298897706
      vertex 193.0813197113714 126.89132539030247 2.5
    endloop
  endfacet
  facet normal -0.7217910109242219 -0.4167262344557619 0.5525911527208076
    outer loop
      vertex 192.06940131083311 127.3511410091699 1.5249999999999986
      vertex 193.0813197113714 126.89132539030247 2.5
      vertex 192.5952623571768 127.73320142316 2.5
    endloop
  endfacet
  facet normal -0.8660254037844402 0.49999999999999745 0
    outer loop
      vertex 192.19075385998934 122.56069120298623 4
      vertex 192.19075385998934 122.56069120298623 10
      vertex 192.6245469825501 123.31204293123542 4
    endloop
  endfacet
  facet normal -0.7217910109242189 0.4167262344557471 -0.5525911527208228
    outer loop
      vertex 192.19075385998934 122.56069120298623 4
      vertex 192.6245469825501 123.31204293123542 4
      vertex 193.0813197113714 123.10867460969753 3.25
    endloop
  endfacet
  facet normal -0.7217910109242188 0.41672623445576007 -0.5525911527208133
    outer loop
      vertex 192.19075385998934 122.56069120298623 4
      vertex 193.0813197113714 123.10867460969753 3.25
      vertex 192.5952623571768 122.26679857684 3.25
    endloop
  endfacet
  facet normal -0.8660254037844402 0.49999999999999745 0
    outer loop
      vertex 192.19075385998934 122.56069120298623 10
      vertex 192.6245469825501 123.31204293123542 10
      vertex 192.6245469825501 123.31204293123542 4
    endloop
  endfacet
  facet normal 0 0 1
    outer loop
      vertex 192.19075385998934 122.56069120298623 10
      vertex 209.31647074470916 113.73873469233513 10
      vertex 192.6245469825501 123.31204293123542 10
    endloop
  endfacet
  facet normal -0.7217910109242188 -0.41672623445576007 -0.5525911527208133
    outer loop
      vertex 192.19075385998934 127.43930879701377 4
      vertex 192.5952623571768 127.73320142316 3.25
      vertex 193.0813197113714 126.89132539030247 3.25
    endloop
  endfacet
  facet normal -0.8660254037844402 -0.49999999999999745 0
    outer loop
      vertex 192.19075385998934 127.43930879701377 4
      vertex 192.6245469825501 126.68795706876458 4
      vertex 192.6245469825501 126.68795706876458 10
    endloop
  endfacet
  facet normal -0.8660254037844402 -0.49999999999999745 0
    outer loop
      vertex 192.19075385998934 127.43930879701377 4
      vertex 192.6245469825501 126.68795706876458 10
      vertex 192.19075385998934 127.43930879701377 10
    endloop
  endfacet
  facet normal -0.7217910109242189 -0.4167262344557471 -0.5525911527208228
    outer loop
      vertex 192.19075385998934 127.43930879701377 4
      vertex 193.0813197113714 126.89132539030247 3.25
      vertex 192.6245469825501 126.68795706876458 4
    endloop
  endfacet
  facet normal 0 0 1
    outer loop
      vertex 192.19075385998934 127.43930879701377 10
      vertex 192.6245469825501 126.68795706876458 10
      vertex 216.67673197637 125.78849796205759 10
    endloop
  endfacet
  facet normal 0 0 1
    outer loop
      vertex 192.19075385998934 127.43930879701377 10
      vertex 216.67673197637 125.78849796205759 10
      vertex 219.37626666824022 128.2280000001192 10
    endloop
  endfacet
  facet normal -0.9048270524660026 0.4257792915651085 0
    outer loop
      vertex 192.33856005350876 123.07298530359314 0.8000000000000007
      vertex 192.33856005350876 123.07298530359314 1.5567265298897706
      vertex 192.48110448727357 123.37590764482478 1.5144739611862992
    endloop
  endfacet
  facet normal -0.9048270524660021 0.42577929156510935 -4.253461036961544e-16
    outer loop
      vertex 192.33856005350876 123.07298530359314 0.8000000000000007
      vertex 192.48110448727357 123.37590764482478 1.5144739611862992
      vertex 192.55243927688633 123.5275017892613 0.8000000000000007
    endloop
  endfacet
  facet normal 0 0 1
    outer loop
      vertex 192.33856005350876 123.07298530359314 0.8000000000000007
      vertex 192.55243927688633 123.5275017892613 0.8000000000000007
      vertex 192.55243927688633 126.4724982107387 0.8000000000000007
    endloop
  endfacet
  facet normal 0 0 1
    outer loop
      vertex 192.33856005350876 123.07298530359314 0.8000000000000007
      vertex 192.55243927688633 126.4724982107387 0.8000000000000007
      vertex 192.33856005350876 126.92701469640686 0.8000000000000007
    endloop
  endfacet
  facet normal -0.7217910109242043 0.41672623445578033 0.5525911527208168
    outer loop
      vertex 192.33856005350876 123.07298530359314 1.5567265298897706
      vertex 193.0813197113714 123.10867460969753 2.5
      vertex 192.48110448727357 123.37590764482478 1.5144739611862992
    endloop
  endfacet
  facet normal -0.9048270524660026 -0.4257792915651085 0
    outer loop
      vertex 192.33856005350876 126.92701469640686 0.8000000000000007
      vertex 192.48110448727357 126.62409235517522 1.5144739611862992
      vertex 192.33856005350876 126.92701469640686 1.5567265298897706
    endloop
  endfacet
  facet normal -0.9048270524660021 -0.42577929156510935 -4.253461036961544e-16
    outer loop
      vertex 192.33856005350876 126.92701469640686 0.8000000000000007
      vertex 192.55243927688633 126.4724982107387 0.8000000000000007
      vertex 192.48110448727357 126.62409235517522 1.5144739611862992
    endloop
  endfacet
  facet normal -0.7217910109242043 -0.41672623445578033 0.5525911527208168
    outer loop
      vertex 192.33856005350876 126.92701469640686 1.5567265298897706
      vertex 192.48110448727357 126.62409235517522 1.5144739611862992
      vertex 193.0813197113714 126.89132539030247 2.5
    endloop
  endfacet
  facet normal -0.9048270524660015 0.4257792915651111 0
    outer loop
      vertex 192.48110448727357 123.37590764482478 1.5144739611862992
      vertex 192.55243927688633 123.5275017892613 1.5461448319618967
      vertex 192.55243927688633 123.5275017892613 0.8000000000000007
    endloop
  endfacet
  facet normal -0.7926604015805538 0.2575509768974485 0.5525911527208205
    outer loop
      vertex 192.48110448727357 123.37590764482478 1.5144739611862992
      vertex 193.0813197113714 123.10867460969753 2.5
      vertex 192.55243927688633 123.5275017892613 1.5461448319618967
    endloop
  endfacet
  facet normal -0.9048270524660015 -0.4257792915651111 0
    outer loop
      vertex 192.48110448727357 126.62409235517522 1.5144739611862992
      vertex 192.55243927688633 126.4724982107387 0.8000000000000007
      vertex 192.55243927688633 126.4724982107387 1.5461448319618967
    endloop
  endfacet
  facet normal -0.7926604015805538 -0.2575509768974485 0.5525911527208205
    outer loop
      vertex 192.48110448727357 126.62409235517522 1.5144739611862992
      vertex 192.55243927688633 126.4724982107387 1.5461448319618967
      vertex 193.0813197113714 126.89132539030247 2.5
    endloop
  endfacet
  facet normal -0.951056516295152 0.30901699437495256 0
    outer loop
      vertex 192.55243927688633 123.5275017892613 0.8000000000000007
      vertex 192.55243927688633 123.5275017892613 1.5461448319618967
      vertex 192.70766597784785 124.00524045134058 1.546144831961895
    endloop
  endfacet
  facet normal 0 0 1
    outer loop
      vertex 192.55243927688633 123.5275017892613 0.8000000000000007
      vertex 192.70766597784785 124.00524045134058 0.8000000000000007
      vertex 192.70766597784785 125.99475954865942 0.8000000000000007
    endloop
  endfacet
  facet normal -0.9510565162951519 0.3090169943749525 0
    outer loop
      vertex 192.55243927688633 123.5275017892613 0.8000000000000007
      vertex 192.70766597784785 124.00524045134058 1.546144831961895
      vertex 192.70766597784785 124.00524045134058 0.8000000000000007
    endloop
  endfacet
  facet normal 0 0 1
    outer loop
      vertex 192.55243927688633 123.5275017892613 0.8000000000000007
      vertex 192.70766597784785 125.99475954865942 0.8000000000000007
      vertex 192.55243927688633 126.4724982107387 0.8000000000000007
    endloop
  endfacet
  facet normal -0.7926604015805672 0.2575509768974193 0.5525911527208148
    outer loop
      vertex 192.55243927688633 123.5275017892613 1.5461448319618967
      vertex 193.0813197113714 123.10867460969753 2.5
      vertex 193.38171967674552 124.03321063769742 2.5
    endloop
  endfacet
  facet normal -0.792660401580567 0.2575509768974182 0.5525911527208155
    outer loop
      vertex 192.55243927688633 123.5275017892613 1.5461448319618967
      vertex 193.38171967674552 124.03321063769742 2.5
      vertex 192.70766597784785 124.00524045134058 1.546144831961895
    endloop
  endfacet
  facet normal -0.951056516295152 -0.30901699437495256 0
    outer loop
      vertex 192.55243927688633 126.4724982107387 0.8000000000000007
      vertex 192.70766597784785 125.99475954865942 0.8000000000000007
      vertex 192.55243927688633 126.4724982107387 1.5461448319618967
    endloop
  endfacet
  facet normal -0.951056516295152 -0.30901699437495256 0
    outer loop
      vertex 192.55243927688633 126.4724982107387 1.5461448319618967
      vertex 192.70766597784785 125.99475954865942 0.8000000000000007
      vertex 192.70766597784785 125.99475954865942 1.5461448319618967
    endloop
  endfacet
  facet normal -0.792660401580567 -0.25755097689741613 0.5525911527208166
    outer loop
      vertex 192.55243927688633 126.4724982107387 1.5461448319618967
      vertex 192.70766597784785 125.99475954865942 1.5461448319618967
      vertex 193.38171967674552 125.96678936230258 2.5
    endloop
  endfacet
  facet normal -0.7926604015805672 -0.2575509768974193 0.5525911527208148
    outer loop
      vertex 192.55243927688633 126.4724982107387 1.5461448319618967
      vertex 193.38171967674552 125.96678936230258 2.5
      vertex 193.0813197113714 126.89132539030247 2.5
    endloop
  endfacet
  facet normal -0.8660254037844334 0.5000000000000092 0
    outer loop
      vertex 192.5952623571768 122.26679857684 2.5
      vertex 192.5952623571768 122.26679857684 3.25
      vertex 193.0813197113714 123.10867460969753 2.5
    endloop
  endfacet
  facet normal -0.8660254037844334 0.5000000000000092 0
    outer loop
      vertex 192.5952623571768 122.26679857684 3.25
      vertex 193.0813197113714 123.10867460969753 3.25
      vertex 193.0813197113714 123.10867460969753 2.5
    endloop
  endfacet
  facet normal -0.8660254037844334 -0.5000000000000092 0
    outer loop
      vertex 192.5952623571768 127.73320142316 2.5
      vertex 193.0813197113714 126.89132539030247 2.5
      vertex 193.0813197113714 126.89132539030247 3.25
    endloop
  endfacet
  facet normal -0.8660254037844334 -0.5000000000000092 0
    outer loop
      vertex 192.5952623571768 127.73320142316 2.5
      vertex 193.0813197113714 126.89132539030247 3.25
      vertex 192.5952623571768 127.73320142316 3.25
    endloop
  endfacet
  facet normal -0.9510565162951559 0.30901699437494007 0
    outer loop
      vertex 192.6245469825501 123.31204293123542 4
      vertex 192.6245469825501 123.31204293123542 10
      vertex 192.8926458763786 124.1371664831063 4
    endloop
  endfacet
  facet normal -0.7926604015805581 0.2575509768974017 -0.5525911527208363
    outer loop
      vertex 192.6245469825501 123.31204293123542 4
      vertex 192.8926458763786 124.1371664831063 4
      vertex 193.38171967674552 124.03321063769742 3.25
    endloop
  endfacet
  facet normal -0.7926604015805612 0.25755097689741735 -0.5525911527208244
    outer loop
      vertex 192.6245469825501 123.31204293123542 4
      vertex 193.38171967674552 124.03321063769742 3.25
      vertex 193.0813197113714 123.10867460969753 3.25
    endloop
  endfacet
  facet normal -0.9510565162951559 0.30901699437494007 0
    outer loop
      vertex 192.6245469825501 123.31204293123542 10
      vertex 192.8926458763786 124.1371664831063 10
      vertex 192.8926458763786 124.1371664831063 4
    endloop
  endfacet
  facet normal 0 0 1
    outer loop
      vertex 192.6245469825501 123.31204293123542 10
      vertex 209.31647074470916 113.73873469233513 10
      vertex 210.64085442076126 117.09493877738714 10
    endloop
  endfacet
  facet normal 0 0 1
    outer loop
      vertex 192.6245469825501 123.31204293123542 10
      vertex 210.64085442076126 117.09493877738714 10
      vertex 192.8926458763786 124.1371664831063 10
    endloop
  endfacet
  facet normal -0.9510565162951559 -0.30901699437494007 0
    outer loop
      vertex 192.6245469825501 126.68795706876458 4
      vertex 192.8926458763786 125.8628335168937 4
      vertex 192.8926458763786 125.8628335168937 10
    endloop
  endfacet
  facet normal -0.9510565162951559 -0.30901699437494007 0
    outer loop
      vertex 192.6245469825501 126.68795706876458 4
      vertex 192.8926458763786 125.8628335168937 10
      vertex 192.6245469825501 126.68795706876458 10
    endloop
  endfacet
  facet normal -0.7926604015805612 -0.25755097689741735 -0.5525911527208244
    outer loop
      vertex 192.6245469825501 126.68795706876458 4
      vertex 193.0813197113714 126.89132539030247 3.25
      vertex 193.38171967674552 125.96678936230258 3.25
    endloop
  endfacet
  facet normal -0.7926604015805581 -0.2575509768974017 -0.5525911527208363
    outer loop
      vertex 192.6245469825501 126.68795706876458 4
      vertex 193.38171967674552 125.96678936230258 3.25
      vertex 192.8926458763786 125.8628335168937 4
    endloop
  endfacet
  facet normal 0 0 1
    outer loop
      vertex 192.6245469825501 126.68795706876458 10
      vertex 192.8926458763786 125.8628335168937 10
      vertex 216.67673197637 125.78849796205759 10
    endloop
  endfacet
  facet normal -0.9822872507287127 0.18738131458559795 0
    outer loop
      vertex 192.70766597784785 124.00524045134058 0.8000000000000007
      vertex 192.70766597784785 124.00524045134058 1.546144831961895
      vertex 192.73905972319463 124.16981222774722 1.5144739611862992
    endloop
  endfacet
  facet normal -0.9822872507286938 0.18738131458569768 -2.3800047893181236e-14
    outer loop
      vertex 192.70766597784785 124.00524045134058 0.8000000000000007
      vertex 192.73905972319463 124.16981222774722 1.5144739611862992
      vertex 192.80179213859122 124.49866706574278 0.8000000000000007
    endloop
  endfacet
  facet normal 0 0 1
    outer loop
      vertex 192.70766597784785 124.00524045134058 0.8000000000000007
      vertex 192.80179213859122 124.49866706574278 0.8000000000000007
      vertex 192.80179213859122 125.50133293425722 0.8000000000000007
    endloop
  endfacet
  facet normal 0 0 1
    outer loop
      vertex 192.70766597784785 124.00524045134058 0.8000000000000007
      vertex 192.80179213859122 125.50133293425722 0.8000000000000007
      vertex 192.70766597784785 125.99475954865942 0.8000000000000007
    endloop
  endfacet
  facet normal -0.7926604015805898 0.25755097689730666 0.5525911527208348
    outer loop
      vertex 192.70766597784785 124.00524045134058 1.546144831961895
      vertex 193.38171967674552 124.03321063769742 2.5
      vertex 192.73905972319463 124.16981222774722 1.5144739611862992
    endloop
  endfacet
  facet normal -0.9822872507287128 -0.18738131458559798 0
    outer loop
      vertex 192.70766597784785 125.99475954865942 0.8000000000000007
      vertex 192.73905972319463 125.83018777225278 1.5144739611862992
      vertex 192.70766597784785 125.99475954865942 1.5461448319618967
    endloop
  endfacet
  facet normal -0.9822872507286938 -0.18738131458569768 -2.3800047893181236e-14
    outer loop
      vertex 192.70766597784785 125.99475954865942 0.8000000000000007
      vertex 192.80179213859122 125.50133293425722 0.8000000000000007
      vertex 192.73905972319463 125.83018777225278 1.5144739611862992
    endloop
  endfacet
  facet normal -0.7926604015805883 -0.2575509768973122 0.5525911527208346
    outer loop
      vertex 192.70766597784785 125.99475954865942 1.5461448319618967
      vertex 192.73905972319463 125.83018777225278 1.5144739611862992
      vertex 193.38171967674552 125.96678936230258 2.5
    endloop
  endfacet
  facet normal -0.9822872507286844 0.18738131458574755 0
    outer loop
      vertex 192.73905972319463 124.16981222774722 1.5144739611862992
      vertex 192.80179213859122 124.49866706574278 1.5567265298897706
      vertex 192.80179213859122 124.49866706574278 0.8000000000000007
    endloop
  endfacet
  facet normal -0.8288867290812238 0.08711950578196448 0.5525911527208305
    outer loop
      vertex 192.73905972319463 124.16981222774722 1.5144739611862992
      vertex 193.38171967674552 124.03321063769742 2.5
      vertex 192.80179213859122 124.49866706574278 1.5567265298897706
    endloop
  endfacet
  facet normal -0.9822872507286844 -0.18738131458574755 0
    outer loop
      vertex 192.73905972319463 125.83018777225278 1.5144739611862992
      vertex 192.80179213859122 125.50133293425722 0.8000000000000007
      vertex 192.80179213859122 125.50133293425722 1.5567265298897706
    endloop
  endfacet
  facet normal -0.8288867290812238 -0.08711950578196448 0.5525911527208305
    outer loop
      vertex 192.73905972319463 125.83018777225278 1.5144739611862992
      vertex 192.80179213859122 125.50133293425722 1.5567265298897706
      vertex 193.38171967674552 125.96678936230258 2.5
    endloop
  endfacet
  facet normal -0.9980267284282714 0.0627905195293152 0
    outer loop
      vertex 192.80179213859122 124.49866706574278 0.8000000000000007
      vertex 192.80179213859122 124.49866706574278 1.5567265298897706
      vertex 192.83333333333331 125 1.5249999999999986
    endloop
  endfacet
  facet normal 0 0 1
    outer loop
      vertex 192.80179213859122 124.49866706574278 0.8000000000000007
      vertex 192.83333333333331 125 0.8000000000000007
      vertex 192.80179213859122 125.50133293425722 0.8000000000000007
    endloop
  endfacet
  facet normal -0.9980267284282714 0.0627905195293152 0
    outer loop
      vertex 192.80179213859122 124.49866706574278 0.8000000000000007
      vertex 192.83333333333331 125 1.5249999999999986
      vertex 192.83333333333331 125 0.8000000000000007
    endloop
  endfacet
  facet normal -0.8288867290812272 0.08711950578195364 0.5525911527208272
    outer loop
      vertex 192.80179213859122 124.49866706574278 1.5567265298897706
      vertex 193.38171967674552 124.03321063769742 2.5
      vertex 192.83333333333331 125 1.5249999999999986
    endloop
  endfacet
  facet normal -0.9980267284282714 -0.0627905195293152 0
    outer loop
      vertex 192.80179213859122 125.50133293425722 0.8000000000000007
      vertex 192.83333333333331 125 0.8000000000000007
      vertex 192.83333333333331 125 1.5249999999999986
    endloop
  endfacet
  facet normal -0.9980267284282714 -0.0627905195293152 0
    outer loop
      vertex 192.80179213859122 125.50133293425722 0.8000000000000007
      vertex 192.83333333333331 125 1.5249999999999986
      vertex 192.80179213859122 125.50133293425722 1.5567265298897706
    endloop
  endfacet
  facet normal -0.8288867290812295 -0.08711950578195356 0.5525911527208237
    outer loop
      vertex 192.80179213859122 125.50133293425722 1.5567265298897706
      vertex 192.83333333333331 125 1.5249999999999986
      vertex 193.48333333333332 125 2.5
    endloop
  endfacet
  facet normal -0.8288867290812286 -0.0871195057819487 0.5525911527208256
    outer loop
      vertex 192.80179213859122 125.50133293425722 1.5567265298897706
      vertex 193.48333333333332 125 2.5
      vertex 193.38171967674552 125.96678936230258 2.5
    endloop
  endfacet
  facet normal -0.8288867290812297 0.08711950578194892 0.5525911527208239
    outer loop
      vertex 192.83333333333331 125 1.5249999999999986
      vertex 193.38171967674552 124.03321063769742 2.5
      vertex 193.48333333333332 125 2.5
    endloop
  endfacet
  facet normal -0.9945218953682711 0.10452846326767508 0
    outer loop
      vertex 192.8926458763786 124.1371664831063 4
      vertex 192.8926458763786 124.1371664831063 10
      vertex 192.98333333333332 125 4
    endloop
  endfacet
  facet normal -0.8288867290812303 0.08711950578196886 -0.5525911527208202
    outer loop
      vertex 192.8926458763786 124.1371664831063 4
      vertex 192.98333333333332 125 4
      vertex 193.48333333333332 125 3.25
    endloop
  endfacet
  facet normal -0.8288867290812212 0.08711950578194796 -0.5525911527208371
    outer loop
      vertex 192.8926458763786 124.1371664831063 4
      vertex 193.48333333333332 125 3.25
      vertex 193.38171967674552 124.03321063769742 3.25
    endloop
  endfacet
  facet normal -0.9945218953682711 0.10452846326767508 0
    outer loop
      vertex 192.8926458763786 124.1371664831063 10
      vertex 192.98333333333332 125 10
      vertex 192.98333333333332 125 4
    endloop
  endfacet
  facet normal 0 0 1
    outer loop
      vertex 192.8926458763786 124.1371664831063 10
      vertex 210.64085442076126 117.09493877738714 10
      vertex 212.30902584890524 120.22196734696627 10
    endloop
  endfacet
  facet normal 0 0 1
    outer loop
      vertex 192.8926458763786 124.1371664831063 10
      vertex 212.30902584890524 120.22196734696627 10
      vertex 192.98333333333332 125 10
    endloop
  endfacet
  facet normal -0.9945218953682711 -0.10452846326767508 0
    outer loop
      vertex 192.8926458763786 125.8628335168937 4
      vertex 192.98333333333332 125 4
      vertex 192.98333333333332 125 10
    endloop
  endfacet
  facet normal -0.9945218953682711 -0.10452846326767508 0
    outer loop
      vertex 192.8926458763786 125.8628335168937 4
      vertex 192.98333333333332 125 10
      vertex 192.8926458763786 125.8628335168937 10
    endloop
  endfacet
  facet normal -0.8288867290812212 -0.08711950578194796 -0.5525911527208371
    outer loop
      vertex 192.8926458763786 125.8628335168937 4
      vertex 193.38171967674552 125.96678936230258 3.25
      vertex 193.48333333333332 125 3.25
    endloop
  endfacet
  facet normal -0.8288867290812303 -0.08711950578196886 -0.5525911527208202
    outer loop
      vertex 192.8926458763786 125.8628335168937 4
      vertex 193.48333333333332 125 3.25
      vertex 192.98333333333332 125 4
    endloop
  endfacet
  facet normal 0 0 1
    outer loop
      vertex 192.8926458763786 125.8628335168937 10
      vertex 192.98333333333332 125 10
      vertex 216.67673197637 125.78849796205759 10
    endloop
  endfacet
  facet normal 0 0 1
    outer loop
      vertex 192.98333333333332 125 10
      vertex 212.30902584890524 120.22196734696627 10
      vertex 214.32098503659168 123.11982040852308 10
    endloop
  endfacet
  facet normal 0 0 1
    outer loop
      vertex 192.98333333333332 125 10
      vertex 214.32098503659168 123.11982040852308 10
      vertex 216.67673197637 125.78849796205759 10
    endloop
  endfacet
  facet normal -0.9510565162951508 0.30901699437495594 0
    outer loop
      vertex 193.0813197113714 123.10867460969753 2.5
      vertex 193.0813197113714 123.10867460969753 3.25
      vertex 193.38171967674552 124.03321063769742 2.5
    endloop
  endfacet
  facet normal -0.9510565162951508 0.30901699437495594 0
    outer loop
      vertex 193.0813197113714 123.10867460969753 3.25
      vertex 193.38171967674552 124.03321063769742 3.25
      vertex 193.38171967674552 124.03321063769742 2.5
    endloop
  endfacet
  facet normal -0.9510565162951508 -0.30901699437495594 0
    outer loop
      vertex 193.0813197113714 126.89132539030247 2.5
      vertex 193.38171967674552 125.96678936230258 2.5
      vertex 193.38171967674552 125.96678936230258 3.25
    endloop
  endfacet
  facet normal -0.9510565162951508 -0.30901699437495594 0
    outer loop
      vertex 193.0813197113714 126.89132539030247 2.5
      vertex 193.38171967674552 125.96678936230258 3.25
      vertex 193.0813197113714 126.89132539030247 3.25
    endloop
  endfacet
  facet normal -0.9945218953682735 0.10452846326765142 0
    outer loop
      vertex 193.38171967674552 124.03321063769742 2.5
      vertex 193.38171967674552 124.03321063769742 3.25
      vertex 193.48333333333332 125 2.5
    endloop
  endfacet
  facet normal -0.9945218953682735 0.10452846326765142 0
    outer loop
      vertex 193.38171967674552 124.03321063769742 3.25
      vertex 193.48333333333332 125 3.25
      vertex 193.48333333333332 125 2.5
    endloop
  endfacet
  facet normal -0.9945218953682735 -0.10452846326765142 0
    outer loop
      vertex 193.38171967674552 125.96678936230258 2.5
      vertex 193.48333333333332 125 2.5
      vertex 193.48333333333332 125 3.25
    endloop
  endfacet
  facet normal -0.9945218953682735 -0.10452846326765142 0
    outer loop
      vertex 193.38171967674552 125.96678936230258 2.5
      vertex 193.48333333333332 125 3.25
      vertex 193.38171967674552 125.96678936230258 3.25
    endloop
  endfacet
  facet normal 0 1 0
    outer loop
      vertex 207.0486666659514 20 0
      vertex 207.0486666659514 20 10
      vertex 282.97146666298306 20 0
    endloop
  endfacet
  facet normal 1 0 0
    outer loop
      vertex 207.0486666659514 20 0
      vertex 207.0486666659514 30.33439999818802 0
      vertex 207.0486666659514 30.33439999818802 10
    endloop
  endfacet
  facet normal 1 0 0
    outer loop
      vertex 207.0486666659514 20 0
      vertex 207.0486666659514 30.33439999818802 10
      vertex 207.0486666659514 20 10
    endloop
  endfacet
  facet normal 0 1 0
    outer loop
      vertex 207.0486666659514 20 10
      vertex 282.97146666298306 20 10
      vertex 282.97146666298306 20 0
    endloop
  endfacet
  facet normal 0.9094336269466688 -0.4158491050593076 0
    outer loop
      vertex 207.0486666659514 30.33439999818802 0
      vertex 208.2716380978624 33.0089550986886 0
      vertex 208.2716380978624 33.0089550986886 10
    endloop
  endfacet
  facet normal 0.9094336269466688 -0.4158491050593076 0
    outer loop
      vertex 207.0486666659514 30.33439999818802 0
      vertex 208.2716380978624 33.0089550986886 10
      vertex 207.0486666659514 30.33439999818802 10
    endloop
  endfacet
  facet normal 0.0920106584954635 0.9957580221736761 0
    outer loop
      vertex 207.6990666637818 106.33879999816418 0
      vertex 207.6990666637818 106.33879999816418 10
      vertex 222.67266666392484 104.9552000015974 0
    endloop
  endfacet
  facet normal 0.986349903565576 -0.16466289119342872 0
    outer loop
      vertex 207.6990666637818 106.33879999816418 0
      vertex 208.33587482819954 110.1533550992608 0
      vertex 208.33587482819954 110.1533550992608 10
    endloop
  endfacet
  facet normal 0.986349903565576 -0.16466289119342872 0
    outer loop
      vertex 207.6990666637818 106.33879999816418 0
      vertex 208.33587482819954 110.1533550992608 10
      vertex 207.6990666637818 106.33879999816418 10
    endloop
  endfacet
  facet normal 0 0 1
    outer loop
      vertex 207.6990666637818 106.33879999816418 10
      vertex 220.64701769004265 51.187240816652775 10
      vertex 222.41824217389026 53.12707754969597 10
    endloop
  endfacet
  facet normal 0 0 1
    outer loop
      vertex 207.6990666637818 106.33879999816418 10
      vertex 222.41824217389026 53.12707754969597 10
      vertex 224.21429931620756 55.01039183884859 10
    endloop
  endfacet
  facet normal 0.0920106584954635 0.9957580221736761 0
    outer loop
      vertex 207.6990666637818 106.33879999816418 10
      vertex 222.67266666392484 104.9552000015974 10
      vertex 222.67266666392484 104.9552000015974 0
    endloop
  endfacet
  facet normal 0 0 1
    outer loop
      vertex 207.6990666637818 106.33879999816418 10
      vertex 224.21429931620756 55.01039183884859 10
      vertex 226.03518911699453 56.83718367666006 10
    endloop
  endfacet
  facet normal 0 0 1
    outer loop
      vertex 207.6990666637818 106.33879999816418 10
      vertex 226.03518911699453 56.83718367666006 10
      vertex 227.88091156135002 58.60745306313038 10
    endloop
  endfacet
  facet normal 0 0 1
    outer loop
      vertex 207.6990666637818 106.33879999816418 10
      vertex 227.88091156135002 58.60745306313038 10
      vertex 229.75146666417518 60.321199998259544 10
    endloop
  endfacet
  facet normal 0 0 1
    outer loop
      vertex 207.6990666637818 106.33879999816418 10
      vertex 229.75146666417518 60.321199998259544 10
      vertex 231.6322829897205 61.9895673468709 10
    endloop
  endfacet
  facet normal 0 0 1
    outer loop
      vertex 207.6990666637818 106.33879999816418 10
      vertex 231.6322829897205 61.9895673468709 10
      vertex 233.50810340295234 63.623012244701385 10
    endloop
  endfacet
  facet normal 0 0 1
    outer loop
      vertex 207.6990666637818 106.33879999816418 10
      vertex 233.50810340295234 63.623012244701385 10
      vertex 235.37892788896957 65.221534691751 10
    endloop
  endfacet
  facet normal 0 0 1
    outer loop
      vertex 207.6990666637818 106.33879999816418 10
      vertex 235.37892788896957 65.221534691751 10
      vertex 222.67266666392484 104.9552000015974 10
    endloop
  endfacet
  facet normal 0.8935801392292336 -0.44890370323162115 0
    outer loop
      vertex 208.2716380978624 33.0089550986886 0
      vertex 209.5693523834149 35.592163264751434 0
      vertex 209.5693523834149 35.592163264751434 10
    endloop
  endfacet
  facet normal 0.8935801392292336 -0.44890370323162115 0
    outer loop
      vertex 208.2716380978624 33.0089550986886 0
      vertex 209.5693523834149 35.592163264751434 10
      vertex 208.2716380978624 33.0089550986886 10
    endloop
  endfacet
  facet normal 0.9645747366581119 -0.2638097371230527 0
    outer loop
      vertex 208.33587482819954 110.1533550992608 0
      vertex 209.31647074470916 113.73873469233513 0
      vertex 209.31647074470916 113.73873469233513 10
    endloop
  endfacet
  facet normal 0.9645747366581119 -0.2638097371230527 0
    outer loop
      vertex 208.33587482819954 110.1533550992608 0
      vertex 209.31647074470916 113.73873469233513 10
      vertex 208.33587482819954 110.1533550992608 10
    endloop
  endfacet
  facet normal 0.9301962699583823 -0.3670625278552856 0
    outer loop
      vertex 209.31647074470916 113.73873469233513 0
      vertex 210.64085442076126 117.09493877738714 0
      vertex 210.64085442076126 117.09493877738714 10
    endloop
  endfacet
  facet normal 0.9301962699583823 -0.3670625278552856 0
    outer loop
      vertex 209.31647074470916 113.73873469233513 0
      vertex 210.64085442076126 117.09493877738714 10
      vertex 209.31647074470916 113.73873469233513 10
    endloop
  endfacet
  facet normal 0.8759287635411901 -0.4824404638929058 0
    outer loop
      vertex 209.5693523834149 35.592163264751434 0
      vertex 210.9418095226089 38.084024488925934 0
      vertex 210.9418095226089 38.084024488925934 10
    endloop
  endfacet
  facet normal 0.8759287635411901 -0.4824404638929058 0
    outer loop
      vertex 209.5693523834149 35.592163264751434 0
      vertex 210.9418095226089 38.084024488925934 10
      vertex 209.5693523834149 35.592163264751434 10
    endloop
  endfacet
  facet normal 0.8823033954032755 -0.4706811218434954 0
    outer loop
      vertex 210.64085442076126 117.09493877738714 0
      vertex 212.30902584890524 120.22196734696627 0
      vertex 212.30902584890524 120.22196734696627 10
    endloop
  endfacet
  facet normal 0.8823033954032755 -0.4706811218434954 0
    outer loop
      vertex 210.64085442076126 117.09493877738714 0
      vertex 212.30902584890524 120.22196734696627 10
      vertex 210.64085442076126 117.09493877738714 10
    endloop
  endfacet
  facet normal 0.8564063515556269 -0.5163023929977275 0
    outer loop
      vertex 210.9418095226089 38.084024488925934 0
      vertex 212.389009522895 40.48453877866268 0
      vertex 212.389009522895 40.48453877866268 10
    endloop
  endfacet
  facet normal 0.8564063515556269 -0.5163023929977275 0
    outer loop
      vertex 210.9418095226089 38.084024488925934 0
      vertex 212.389009522895 40.48453877866268 10
      vertex 210.9418095226089 38.084024488925934 10
    endloop
  endfacet
  facet normal 0.8214282316593425 -0.5703118973272481 0
    outer loop
      vertex 212.30902584890524 120.22196734696627 0
      vertex 214.32098503659168 123.11982040852308 0
      vertex 214.32098503659168 123.11982040852308 10
    endloop
  endfacet
  facet normal 0.8214282316593425 -0.5703118973272481 0
    outer loop
      vertex 212.30902584890524 120.22196734696627 0
      vertex 214.32098503659168 123.11982040852308 10
      vertex 212.30902584890524 120.22196734696627 10
    endloop
  endfacet
  facet normal 0.834959590296879 -0.5503112597169605 0
    outer loop
      vertex 212.389009522895 40.48453877866268 0
      vertex 213.9109523842732 42.793706119060516 0
      vertex 213.9109523842732 42.793706119060516 10
    endloop
  endfacet
  facet normal 0.834959590296879 -0.5503112597169605 0
    outer loop
      vertex 212.389009522895 40.48453877866268 0
      vertex 213.9109523842732 42.793706119060516 10
      vertex 212.389009522895 40.48453877866268 10
    endloop
  endfacet
  facet normal 0.8115594988432928 -0.5842697834367471 0
    outer loop
      vertex 213.9109523842732 42.793706119060516 0
      vertex 215.50763809184232 45.01152653247118 0
      vertex 215.50763809184232 45.01152653247118 10
    endloop
  endfacet
  facet normal 0.8115594988432928 -0.5842697834367471 0
    outer loop
      vertex 213.9109523842732 42.793706119060516 0
      vertex 215.50763809184232 45.01152653247118 10
      vertex 213.9109523842732 42.793706119060516 10
    endloop
  endfacet
  facet normal 0 0 -1
    outer loop
      vertex 213.9109523842732 42.793706119060516 0
      vertex 222.67266666392484 104.9552000015974 0
      vertex 215.50763809184232 45.01152653247118 0
    endloop
  endfacet
  facet normal 0.7496940856983638 -0.6617845403671003 0
    outer loop
      vertex 214.32098503659168 123.11982040852308 0
      vertex 216.67673197637 125.78849796205759 0
      vertex 216.67673197637 125.78849796205759 10
    endloop
  endfacet
  facet normal 0.7496940856983638 -0.6617845403671003 0
    outer loop
      vertex 214.32098503659168 123.11982040852308 0
      vertex 216.67673197637 125.78849796205759 10
      vertex 214.32098503659168 123.11982040852308 10
    endloop
  endfacet
  facet normal 0.7862055293040152 -0.6179651007069843 0
    outer loop
      vertex 215.50763809184232 45.01152653247118 0
      vertex 217.17906666795412 47.13799999654293 0
      vertex 217.17906666795412 47.13799999654293 10
    endloop
  endfacet
  facet normal 0.7862055293040152 -0.6179651007069843 0
    outer loop
      vertex 215.50763809184232 45.01152653247118 0
      vertex 217.17906666795412 47.13799999654293 10
      vertex 215.50763809184232 45.01152653247118 10
    endloop
  endfacet
  facet normal 0 0 -1
    outer loop
      vertex 215.50763809184232 45.01152653247118 0
      vertex 222.67266666392484 104.9552000015974 0
      vertex 217.17906666795412 47.13799999654293 0
    endloop
  endfacet
  facet normal 0.6704697803272891 -0.7419368394060756 0
    outer loop
      vertex 216.67673197637 125.78849796205759 0
      vertex 219.37626666824022 128.2280000001192 0
      vertex 219.37626666824022 128.2280000001192 10
    endloop
  endfacet
  facet normal 0.6704697803272891 -0.7419368394060756 0
    outer loop
      vertex 216.67673197637 125.78849796205759 0
      vertex 219.37626666824022 128.2280000001192 10
      vertex 216.67673197637 125.78849796205759 10
    endloop
  endfacet
  facet normal 0.7662305958230726 -0.6425656962712988 0
    outer loop
      vertex 217.17906666795412 47.13799999654293 0
      vertex 218.90062584976354 49.19088163226843 0
      vertex 218.90062584976354 49.19088163226843 10
    endloop
  endfacet
  facet normal 0.7662305958230726 -0.6425656962712988 0
    outer loop
      vertex 217.17906666795412 47.13799999654293 0
      vertex 218.90062584976354 49.19088163226843 10
      vertex 217.17906666795412 47.13799999654293 10
    endloop
  endfacet
  facet normal 0 0 -1
    outer loop
      vertex 217.17906666795412 47.13799999654293 0
      vertex 222.67266666392484 104.9552000015974 0
      vertex 218.90062584976354 49.19088163226843 0
    endloop
  endfacet
  facet normal 0.7526556186406858 -0.6584143981783864 0
    outer loop
      vertex 218.90062584976354 49.19088163226843 0
      vertex 220.64701769004265 51.187240816652775 0
      vertex 220.64701769004265 51.187240816652775 10
    endloop
  endfacet
  facet normal 0.7526556186406858 -0.6584143981783864 0
    outer loop
      vertex 218.90062584976354 49.19088163226843 0
      vertex 220.64701769004265 51.187240816652775 10
      vertex 218.90062584976354 49.19088163226843 10
    endloop
  endfacet
  facet normal 0 0 -1
    outer loop
      vertex 218.90062584976354 49.19088163226843 0
      vertex 222.67266666392484 104.9552000015974 0
      vertex 220.64701769004265 51.187240816652775 0
    endloop
  endfacet
  facet normal 0.5856324206617777 -0.8105767501414204 0
    outer loop
      vertex 219.37626666824022 128.2280000001192 0
      vertex 222.36478095004955 130.38716734945774 0
      vertex 222.36478095004955 130.38716734945774 10
    endloop
  endfacet
  facet normal 0.5856324206617777 -0.8105767501414204 0
    outer loop
      vertex 219.37626666824022 128.2280000001192 0
      vertex 222.36478095004955 130.38716734945774 10
      vertex 219.37626666824022 128.2280000001192 10
    endloop
  endfacet
  facet normal 0.7384723751944335 -0.6742837318775323 0
    outer loop
      vertex 220.64701769004265 51.187240816652775 0
      vertex 222.41824217389026 53.12707754969597 0
      vertex 222.41824217389026 53.12707754969597 10
    endloop
  endfacet
  facet normal 0.7384723751944335 -0.6742837318775323 0
    outer loop
      vertex 220.64701769004265 51.187240816652775 0
      vertex 222.41824217389026 53.12707754969597 10
      vertex 220.64701769004265 51.187240816652775 10
    endloop
  endfacet
  facet normal 0 0 -1
    outer loop
      vertex 220.64701769004265 51.187240816652775 0
      vertex 222.67266666392484 104.9552000015974 0
      vertex 222.41824217389026 53.12707754969597 0
    endloop
  endfacet
  facet normal 0.49317585730856917 -0.8699296372511733 0
    outer loop
      vertex 222.36478095004955 130.38716734945774 0
      vertex 225.5874666670958 132.214155100286 0
      vertex 225.5874666670958 132.214155100286 10
    endloop
  endfacet
  facet normal 0.49317585730856917 -0.8699296372511733 0
    outer loop
      vertex 222.36478095004955 130.38716734945774 0
      vertex 225.5874666670958 132.214155100286 10
      vertex 222.36478095004955 130.38716734945774 10
    endloop
  endfacet
  facet normal 0 0 -1
    outer loop
      vertex 222.41824217389026 53.12707754969597 0
      vertex 222.67266666392484 104.9552000015974 0
      vertex 224.21429931620756 55.01039183884859 0
    endloop
  endfacet
  facet normal 0.7236725099695825 -0.6901435345740221 0
    outer loop
      vertex 222.41824217389026 53.12707754969597 0
      vertex 224.21429931620756 55.01039183884859 0
      vertex 224.21429931620756 55.01039183884859 10
    endloop
  endfacet
  facet normal 0.7236725099695825 -0.6901435345740221 0
    outer loop
      vertex 222.41824217389026 53.12707754969597 0
      vertex 224.21429931620756 55.01039183884859 10
      vertex 222.41824217389026 53.12707754969597 10
    endloop
  endfacet
  facet normal -0.9876064154687131 0.15695084620682995 0
    outer loop
      vertex 222.67266666392484 104.9552000015974 0
      vertex 222.67266666392484 104.9552000015974 10
      vertex 223.0768707493941 107.49863673746586 0
    endloop
  endfacet
  facet normal 0 0 -1
    outer loop
      vertex 222.67266666392484 104.9552000015974 0
      vertex 223.0768707493941 107.49863673746586 0
      vertex 262.91226666669047 91.93519999831915 0
    endloop
  endfacet
  facet normal 0 0 -1
    outer loop
      vertex 222.67266666392484 104.9552000015974 0
      vertex 226.03518911699453 56.83718367666006 0
      vertex 224.21429931620756 55.01039183884859 0
    endloop
  endfacet
  facet normal 0 0 -1
    outer loop
      vertex 222.67266666392484 104.9552000015974 0
      vertex 227.88091156135002 58.60745306313038 0
      vertex 226.03518911699453 56.83718367666006 0
    endloop
  endfacet
  facet normal 0 0 -1
    outer loop
      vertex 222.67266666392484 104.9552000015974 0
      vertex 229.75146666417518 60.321199998259544 0
      vertex 227.88091156135002 58.60745306313038 0
    endloop
  endfacet
  facet normal 0 0 -1
    outer loop
      vertex 222.67266666392484 104.9552000015974 0
      vertex 231.6322829897205 61.9895673468709 0
      vertex 229.75146666417518 60.321199998259544 0
    endloop
  endfacet
  facet normal 0 0 -1
    outer loop
      vertex 222.67266666392484 104.9552000015974 0
      vertex 233.50810340295234 63.623012244701385 0
      vertex 231.6322829897205 61.9895673468709 0
    endloop
  endfacet
  facet normal 0 0 -1
    outer loop
      vertex 222.67266666392484 104.9552000015974 0
      vertex 235.37892788896957 65.221534691751 0
      vertex 233.50810340295234 63.623012244701385 0
    endloop
  endfacet
  facet normal 0 0 -1
    outer loop
      vertex 222.67266666392484 104.9552000015974 0
      vertex 237.24475646267334 66.78513469547033 0
      vertex 235.37892788896957 65.221534691751 0
    endloop
  endfacet
  facet normal 0 0 -1
    outer loop
      vertex 222.67266666392484 104.9552000015974 0
      vertex 239.10558911661306 68.3138122484088 0
      vertex 237.24475646267334 66.78513469547033 0
    endloop
  endfacet
  facet normal 0 0 -1
    outer loop
      vertex 222.67266666392484 104.9552000015974 0
      vertex 240.96142585078874 69.80756735056639 0
      vertex 239.10558911661306 68.3138122484088 0
    endloop
  endfacet
  facet normal 0 0 -1
    outer loop
      vertex 222.67266666392484 104.9552000015974 0
      vertex 242.81226666520038 71.26640000194311 0
      vertex 240.96142585078874 69.80756735056639 0
    endloop
  endfacet
  facet normal 0 0 -1
    outer loop
      vertex 222.67266666392484 104.9552000015974 0
      vertex 244.63487074772516 72.7077714279294 0
      vertex 242.81226666520038 71.26640000194311 0
    endloop
  endfacet
  facet normal 0 0 -1
    outer loop
      vertex 222.67266666392484 104.9552000015974 0
      vertex 246.40599727878967 74.14914285391569 0
      vertex 244.63487074772516 72.7077714279294 0
    endloop
  endfacet
  facet normal 0 0 -1
    outer loop
      vertex 222.67266666392484 104.9552000015974 0
      vertex 248.1256462583939 75.59051428735256 0
      vertex 246.40599727878967 74.14914285391569 0
    endloop
  endfacet
  facet normal 0 0 -1
    outer loop
      vertex 222.67266666392484 104.9552000015974 0
      vertex 249.7938176865379 77.03188571333885 0
      vertex 248.1256462583939 75.59051428735256 0
    endloop
  endfacet
  facet normal 0 0 -1
    outer loop
      vertex 222.67266666392484 104.9552000015974 0
      vertex 251.4105115632216 78.47325713932514 0
      vertex 249.7938176865379 77.03188571333885 0
    endloop
  endfacet
  facet normal 0 0 -1
    outer loop
      vertex 222.67266666392484 104.9552000015974 0
      vertex 252.97572788844505 79.91462857276201 0
      vertex 251.4105115632216 78.47325713932514 0
    endloop
  endfacet
  facet normal 0 0 -1
    outer loop
      vertex 222.67266666392484 104.9552000015974 0
      vertex 254.4894666696588 81.3559999987483 0
      vertex 252.97572788844505 79.91462857276201 0
    endloop
  endfacet
  facet normal 0 0 -1
    outer loop
      vertex 222.67266666392484 104.9552000015974 0
      vertex 255.93678911278644 82.80765714496374 0
      vertex 254.4894666696588 81.3559999987483 0
    endloop
  endfacet
  facet normal 0 0 -1
    outer loop
      vertex 222.67266666392484 104.9552000015974 0
      vertex 257.3027564610044 84.27920000255108 0
      vertex 255.93678911278644 82.80765714496374 0
    endloop
  endfacet
  facet normal 0 0 -1
    outer loop
      vertex 222.67266666392484 104.9552000015974 0
      vertex 258.5873687068621 85.77062857151031 0
      vertex 257.3027564610044 84.27920000255108 0
    endloop
  endfacet
  facet normal 0 0 -1
    outer loop
      vertex 222.67266666392484 104.9552000015974 0
      vertex 259.79062585035956 87.28194285929203 0
      vertex 258.5873687068621 85.77062857151031 0
    endloop
  endfacet
  facet normal 0 0 -1
    outer loop
      vertex 222.67266666392484 104.9552000015974 0
      vertex 260.9125278914968 88.81314285844564 0
      vertex 259.79062585035956 87.28194285929203 0
    endloop
  endfacet
  facet normal 0 0 -1
    outer loop
      vertex 222.67266666392484 104.9552000015974 0
      vertex 261.95307483027375 90.36422856897116 0
      vertex 260.9125278914968 88.81314285844564 0
    endloop
  endfacet
  facet normal 0 0 -1
    outer loop
      vertex 222.67266666392484 104.9552000015974 0
      vertex 262.91226666669047 91.93519999831915 0
      vertex 261.95307483027375 90.36422856897116 0
    endloop
  endfacet
  facet normal -0.9876064154687131 0.15695084620682995 0
    outer loop
      vertex 222.67266666392484 104.9552000015974 10
      vertex 223.0768707493941 107.49863673746586 10
      vertex 223.0768707493941 107.49863673746586 0
    endloop
  endfacet
  facet normal 0 0 1
    outer loop
      vertex 222.67266666392484 104.9552000015974 10
      vertex 235.37892788896957 65.221534691751 10
      vertex 237.24475646267334 66.78513469547033 10
    endloop
  endfacet
  facet normal 0 0 1
    outer loop
      vertex 222.67266666392484 104.9552000015974 10
      vertex 237.24475646267334 66.78513469547033 10
      vertex 239.10558911661306 68.3138122484088 10
    endloop
  endfacet
  facet normal 0 0 1
    outer loop
      vertex 222.67266666392484 104.9552000015974 10
      vertex 239.10558911661306 68.3138122484088 10
      vertex 240.96142585078874 69.80756735056639 10
    endloop
  endfacet
  facet normal 0 0 1
    outer loop
      vertex 222.67266666392484 104.9552000015974 10
      vertex 240.96142585078874 69.80756735056639 10
      vertex 242.81226666520038 71.26640000194311 10
    endloop
  endfacet
  facet normal 0 0 1
    outer loop
      vertex 222.67266666392484 104.9552000015974 10
      vertex 242.81226666520038 71.26640000194311 10
      vertex 244.63487074772516 72.7077714279294 10
    endloop
  endfacet
  facet normal 0 0 1
    outer loop
      vertex 222.67266666392484 104.9552000015974 10
      vertex 244.63487074772516 72.7077714279294 10
      vertex 246.40599727878967 74.14914285391569 10
    endloop
  endfacet
  facet normal 0 0 1
    outer loop
      vertex 222.67266666392484 104.9552000015974 10
      vertex 246.40599727878967 74.14914285391569 10
      vertex 248.1256462583939 75.59051428735256 10
    endloop
  endfacet
  facet normal 0 0 1
    outer loop
      vertex 222.67266666392484 104.9552000015974 10
      vertex 248.1256462583939 75.59051428735256 10
      vertex 249.7938176865379 77.03188571333885 10
    endloop
  endfacet
  facet normal 0 0 1
    outer loop
      vertex 222.67266666392484 104.9552000015974 10
      vertex 249.7938176865379 77.03188571333885 10
      vertex 251.4105115632216 78.47325713932514 10
    endloop
  endfacet
  facet normal 0 0 1
    outer loop
      vertex 222.67266666392484 104.9552000015974 10
      vertex 251.4105115632216 78.47325713932514 10
      vertex 252.97572788844505 79.91462857276201 10
    endloop
  endfacet
  facet normal 0 0 1
    outer loop
      vertex 222.67266666392484 104.9552000015974 10
      vertex 252.97572788844505 79.91462857276201 10
      vertex 254.4894666696588 81.3559999987483 10
    endloop
  endfacet
  facet normal 0 0 1
    outer loop
      vertex 222.67266666392484 104.9552000015974 10
      vertex 254.4894666696588 81.3559999987483 10
      vertex 255.93678911278644 82.80765714496374 10
    endloop
  endfacet
  facet normal 0 0 1
    outer loop
      vertex 222.67266666392484 104.9552000015974 10
      vertex 255.93678911278644 82.80765714496374 10
      vertex 257.3027564610044 84.27920000255108 10
    endloop
  endfacet
  facet normal 0 0 1
    outer loop
      vertex 222.67266666392484 104.9552000015974 10
      vertex 257.3027564610044 84.27920000255108 10
      vertex 258.5873687068621 85.77062857151031 10
    endloop
  endfacet
  facet normal 0 0 1
    outer loop
      vertex 222.67266666392484 104.9552000015974 10
      vertex 258.5873687068621 85.77062857151031 10
      vertex 259.79062585035956 87.28194285929203 10
    endloop
  endfacet
  facet normal 0 0 1
    outer loop
      vertex 222.67266666392484 104.9552000015974 10
      vertex 259.79062585035956 87.28194285929203 10
      vertex 260.9125278914968 88.81314285844564 10
    endloop
  endfacet
  facet normal 0 0 1
    outer loop
      vertex 222.67266666392484 104.9552000015974 10
      vertex 260.9125278914968 88.81314285844564 10
      vertex 223.0768707493941 107.49863673746586 10
    endloop
  endfacet
  facet normal -0.9687277187242602 0.24812619163500332 0
    outer loop
      vertex 223.0768707493941 107.49863673746586 0
      vertex 223.0768707493941 107.49863673746586 10
      vertex 223.68536870429912 109.87431836873293 0
    endloop
  endfacet
  facet normal 0 0 -1
    outer loop
      vertex 223.0768707493941 107.49863673746586 0
      vertex 223.68536870429912 109.87431836873293 0
      vertex 264.48686258743203 95.21712653338909 0
    endloop
  endfacet
  facet normal 0 0 -1
    outer loop
      vertex 223.0768707493941 107.49863673746586 0
      vertex 263.76517278949416 93.54631020128727 0
      vertex 262.91226666669047 91.93519999831915 0
    endloop
  endfacet
  facet normal 0 0 -1
    outer loop
      vertex 223.0768707493941 107.49863673746586 0
      vertex 264.48686258743203 95.21712653338909 0
      vertex 263.76517278949416 93.54631020128727 0
    endloop
  endfacet
  facet normal -0.9687277187242602 0.24812619163500332 0
    outer loop
      vertex 223.0768707493941 107.49863673746586 10
      vertex 223.68536870429912 109.87431836873293 10
      vertex 223.68536870429912 109.87431836873293 0
    endloop
  endfacet
  facet normal 0 0 1
    outer loop
      vertex 223.0768707493941 107.49863673746586 10
      vertex 260.9125278914968 88.81314285844564 10
      vertex 223.68536870429912 109.87431836873293 10
    endloop
  endfacet
  facet normal -0.9068828686033379 0.42138279821770275 0
    outer loop
      vertex 223.16106666872898 32.45000000298023 0
      vertex 223.16106666872898 32.45000000298023 10
      vertex 223.92154830197492 34.08667755126953 0
    endloop
  endfacet
  facet normal 0 0 -1
    outer loop
      vertex 223.16106666872898 32.45000000298023 0
      vertex 223.92154830197492 34.08667755126953 0
      vertex 282.97146666298306 32.45000000298023 0
    endloop
  endfacet
  facet normal 0 -1 0
    outer loop
      vertex 223.16106666872898 32.45000000298023 0
      vertex 282.97146666298306 32.45000000298023 0
      vertex 282.97146666298306 32.45000000298023 10
    endloop
  endfacet
  facet normal 0 -1 0
    outer loop
      vertex 223.16106666872898 32.45000000298023 0
      vertex 282.97146666298306 32.45000000298023 10
      vertex 223.16106666872898 32.45000000298023 10
    endloop
  endfacet
  facet normal -0.9068828686033379 0.42138279821770275 0
    outer loop
      vertex 223.16106666872898 32.45000000298023 10
      vertex 223.92154830197492 34.08667755126953 10
      vertex 223.92154830197492 34.08667755126953 0
    endloop
  endfacet
  facet normal 0 0 1
    outer loop
      vertex 223.16106666872898 32.45000000298023 10
      vertex 282.97146666298306 32.45000000298023 10
      vertex 223.92154830197492 34.08667755126953 10
    endloop
  endfacet
  facet normal -0.9384333622667111 0.34546030826246266 0
    outer loop
      vertex 223.68536870429912 109.87431836873293 0
      vertex 223.68536870429912 109.87431836873293 10
      vertex 224.4981605435411 112.08224489539862 0
    endloop
  endfacet
  facet normal 0 0 -1
    outer loop
      vertex 223.68536870429912 109.87431836873293 0
      vertex 224.4981605435411 112.08224489539862 0
      vertex 266.1270666668812 104.46679999679327 0
    endloop
  endfacet
  facet normal 0 0 -1
    outer loop
      vertex 223.68536870429912 109.87431836873293 0
      vertex 265.0773360530535 96.94764897972345 0
      vertex 264.48686258743203 95.21712653338909 0
    endloop
  endfacet
  facet normal 0 0 -1
    outer loop
      vertex 223.68536870429912 109.87431836873293 0
      vertex 265.53659319380915 98.73787754774094 0
      vertex 265.0773360530535 96.94764897972345 0
    endloop
  endfacet
  facet normal 0 0 -1
    outer loop
      vertex 223.68536870429912 109.87431836873293 0
      vertex 265.86463401714957 100.58781224489212 0
      vertex 265.53659319380915 98.73787754774094 0
    endloop
  endfacet
  facet normal 0 0 -1
    outer loop
      vertex 223.68536870429912 109.87431836873293 0
      vertex 266.061458500723 102.49745306372643 0
      vertex 265.86463401714957 100.58781224489212 0
    endloop
  endfacet
  facet normal 0 0 -1
    outer loop
      vertex 223.68536870429912 109.87431836873293 0
      vertex 266.1270666668812 104.46679999679327 0
      vertex 266.061458500723 102.49745306372643 0
    endloop
  endfacet
  facet normal -0.9384333622667111 0.34546030826246266 0
    outer loop
      vertex 223.68536870429912 109.87431836873293 10
      vertex 224.4981605435411 112.08224489539862 10
      vertex 224.4981605435411 112.08224489539862 0
    endloop
  endfacet
  facet normal 0 0 1
    outer loop
      vertex 223.68536870429912 109.87431836873293 10
      vertex 260.9125278914968 88.81314285844564 10
      vertex 224.4981605435411 112.08224489539862 10
    endloop
  endfacet
  facet normal -0.8814526277179742 0.4722724479461814 0
    outer loop
      vertex 223.92154830197492 34.08667755126953 0
      vertex 223.92154830197492 34.08667755126953 10
      vertex 224.80825034032264 35.74162448942661 0
    endloop
  endfacet
  facet normal 0 0 -1
    outer loop
      vertex 223.92154830197492 34.08667755126953 0
      vertex 224.80825034032264 35.74162448942661 0
      vertex 282.97146666298306 32.45000000298023 0
    endloop
  endfacet
  facet normal -0.8814526277179742 0.4722724479461814 0
    outer loop
      vertex 223.92154830197492 34.08667755126953 10
      vertex 224.80825034032264 35.74162448942661 10
      vertex 224.80825034032264 35.74162448942661 0
    endloop
  endfacet
  facet normal 0 0 1
    outer loop
      vertex 223.92154830197492 34.08667755126953 10
      vertex 282.97146666298306 32.45000000298023 10
      vertex 224.80825034032264 35.74162448942661 10
    endloop
  endfacet
  facet normal 0.7082499699438479 -0.7059617412257823 0
    outer loop
      vertex 224.21429931620756 55.01039183884859 0
      vertex 226.03518911699453 56.83718367666006 0
      vertex 226.03518911699453 56.83718367666006 10
    endloop
  endfacet
  facet normal 0.7082499699438479 -0.7059617412257823 0
    outer loop
      vertex 224.21429931620756 55.01039183884859 0
      vertex 226.03518911699453 56.83718367666006 10
      vertex 224.21429931620756 55.01039183884859 10
    endloop
  endfacet
  facet normal -0.8949529698431793 0.44616048880293463 0
    outer loop
      vertex 224.4981605435411 112.08224489539862 0
      vertex 224.4981605435411 112.08224489539862 10
      vertex 225.51524625966945 114.1224163249135 0
    endloop
  endfacet
  facet normal 0 0 -1
    outer loop
      vertex 224.4981605435411 112.08224489539862 0
      vertex 225.51524625966945 114.1224163249135 0
      vertex 266.1270666668812 104.46679999679327 0
    endloop
  endfacet
  facet normal -0.8949529698431793 0.44616048880293463 0
    outer loop
      vertex 224.4981605435411 112.08224489539862 10
      vertex 225.51524625966945 114.1224163249135 10
      vertex 225.51524625966945 114.1224163249135 0
    endloop
  endfacet
  facet normal 0 0 1
    outer loop
      vertex 224.4981605435411 112.08224489539862 10
      vertex 260.9125278914968 88.81314285844564 10
      vertex 225.51524625966945 114.1224163249135 10
    endloop
  endfacet
  facet normal -0.8554578936447446 0.5178723705710672 0
    outer loop
      vertex 224.80825034032264 35.74162448942661 0
      vertex 224.80825034032264 35.74162448942661 10
      vertex 225.82117279122272 37.41484081745148 0
    endloop
  endfacet
  facet normal 0 0 -1
    outer loop
      vertex 224.80825034032264 35.74162448942661 0
      vertex 225.82117279122272 37.41484081745148 0
      vertex 282.97146666298306 32.45000000298023 0
    endloop
  endfacet
  facet normal -0.8554578936447446 0.5178723705710672 0
    outer loop
      vertex 224.80825034032264 35.74162448942661 10
      vertex 225.82117279122272 37.41484081745148 10
      vertex 225.82117279122272 37.41484081745148 0
    endloop
  endfacet
  facet normal 0 0 1
    outer loop
      vertex 224.80825034032264 35.74162448942661 10
      vertex 282.97146666298306 32.45000000298023 10
      vertex 225.82117279122272 37.41484081745148 10
    endloop
  endfacet
  facet normal -0.8375617764370821 0.5463426311862906 0
    outer loop
      vertex 225.51524625966945 114.1224163249135 0
      vertex 225.51524625966945 114.1224163249135 10
      vertex 226.73662585268417 115.994832649827 0
    endloop
  endfacet
  facet normal 0 0 -1
    outer loop
      vertex 225.51524625966945 114.1224163249135 0
      vertex 226.73662585268417 115.994832649827 0
      vertex 266.1270666668812 104.46679999679327 0
    endloop
  endfacet
  facet normal -0.8375617764370821 0.5463426311862906 0
    outer loop
      vertex 225.51524625966945 114.1224163249135 10
      vertex 226.73662585268417 115.994832649827 10
      vertex 226.73662585268417 115.994832649827 0
    endloop
  endfacet
  facet normal 0 0 1
    outer loop
      vertex 225.51524625966945 114.1224163249135 10
      vertex 260.9125278914968 88.81314285844564 10
      vertex 226.73662585268417 115.994832649827 10
    endloop
  endfacet
  facet normal 0.3969001951216971 -0.9178617734236233 0
    outer loop
      vertex 225.5874666670958 132.214155100286 0
      vertex 229.04432381192842 133.70896326750517 0
      vertex 229.04432381192842 133.70896326750517 10
    endloop
  endfacet
  facet normal 0.3969001951216971 -0.9178617734236233 0
    outer loop
      vertex 225.5874666670958 132.214155100286 0
      vertex 229.04432381192842 133.70896326750517 10
      vertex 225.5874666670958 132.214155100286 10
    endloop
  endfacet
  facet normal -0.8294416958908681 0.5585932984897695 0
    outer loop
      vertex 225.82117279122272 37.41484081745148 0
      vertex 225.82117279122272 37.41484081745148 10
      vertex 226.96031564722458 39.10632652789354 0
    endloop
  endfacet
  facet normal 0 0 -1
    outer loop
      vertex 225.82117279122272 37.41484081745148 0
      vertex 226.96031564722458 39.10632652789354 0
      vertex 282.97146666298306 32.45000000298023 0
    endloop
  endfacet
  facet normal -0.8294416958908681 0.5585932984897695 0
    outer loop
      vertex 225.82117279122272 37.41484081745148 10
      vertex 226.96031564722458 39.10632652789354 10
      vertex 226.96031564722458 39.10632652789354 0
    endloop
  endfacet
  facet normal 0 0 1
    outer loop
      vertex 225.82117279122272 37.41484081745148 10
      vertex 282.97146666298306 32.45000000298023 10
      vertex 226.96031564722458 39.10632652789354 10
    endloop
  endfacet
  facet normal 0.6922012650902873 -0.7217045161334421 0
    outer loop
      vertex 226.03518911699453 56.83718367666006 0
      vertex 227.88091156135002 58.60745306313038 0
      vertex 227.88091156135002 58.60745306313038 10
    endloop
  endfacet
  facet normal 0.6922012650902873 -0.7217045161334421 0
    outer loop
      vertex 226.03518911699453 56.83718367666006 0
      vertex 227.88091156135002 58.60745306313038 10
      vertex 226.03518911699453 56.83718367666006 10
    endloop
  endfacet
  facet normal -0.7670864353035999 0.6415437637240472 0
    outer loop
      vertex 226.73662585268417 115.994832649827 0
      vertex 226.73662585268417 115.994832649827 10
      vertex 228.16229932258526 117.6994938775897 0
    endloop
  endfacet
  facet normal 0 0 -1
    outer loop
      vertex 226.73662585268417 115.994832649827 0
      vertex 228.16229932258526 117.6994938775897 0
      vertex 266.1270666668812 104.46679999679327 0
    endloop
  endfacet
  facet normal -0.7670864353035999 0.6415437637240472 0
    outer loop
      vertex 226.73662585268417 115.994832649827 10
      vertex 228.16229932258526 117.6994938775897 10
      vertex 228.16229932258526 117.6994938775897 0
    endloop
  endfacet
  facet normal 0 0 1
    outer loop
      vertex 226.73662585268417 115.994832649827 10
      vertex 260.9125278914968 88.81314285844564 10
      vertex 228.16229932258526 117.6994938775897 10
    endloop
  endfacet
  facet normal -0.8038094189035828 0.594886895200999 0
    outer loop
      vertex 226.96031564722458 39.10632652789354 0
      vertex 226.96031564722458 39.10632652789354 10
      vertex 228.2256789083282 40.81608163565397 0
    endloop
  endfacet
  facet normal 0 0 -1
    outer loop
      vertex 226.96031564722458 39.10632652789354 0
      vertex 228.2256789083282 40.81608163565397 0
      vertex 282.97146666298306 32.45000000298023 0
    endloop
  endfacet
  facet normal -0.8038094189035828 0.594886895200999 0
    outer loop
      vertex 226.96031564722458 39.10632652789354 10
      vertex 228.2256789083282 40.81608163565397 10
      vertex 228.2256789083282 40.81608163565397 0
    endloop
  endfacet
  facet normal 0 0 1
    outer loop
      vertex 226.96031564722458 39.10632652789354 10
      vertex 282.97146666298306 32.45000000298023 10
      vertex 228.2256789083282 40.81608163565397 10
    endloop
  endfacet
  facet normal 0.6755257064930638 -0.7373364360094021 0
    outer loop
      vertex 227.88091156135002 58.60745306313038 0
      vertex 229.75146666417518 60.321199998259544 0
      vertex 229.75146666417518 60.321199998259544 10
    endloop
  endfacet
  facet normal 0.6755257064930638 -0.7373364360094021 0
    outer loop
      vertex 227.88091156135002 58.60745306313038 0
      vertex 229.75146666417518 60.321199998259544 10
      vertex 227.88091156135002 58.60745306313038 10
    endloop
  endfacet
  facet normal -0.6860317178017611 0.7275716337034895 0
    outer loop
      vertex 228.16229932258526 117.6994938775897 0
      vertex 228.16229932258526 117.6994938775897 10
      vertex 229.7922666693727 119.23640000075102 0
    endloop
  endfacet
  facet normal 0 0 -1
    outer loop
      vertex 228.16229932258526 117.6994938775897 0
      vertex 229.7922666693727 119.23640000075102 0
      vertex 266.1270666668812 104.46679999679327 0
    endloop
  endfacet
  facet normal -0.6860317178017611 0.7275716337034895 0
    outer loop
      vertex 228.16229932258526 117.6994938775897 10
      vertex 229.7922666693727 119.23640000075102 10
      vertex 229.7922666693727 119.23640000075102 0
    endloop
  endfacet
  facet normal 0 0 1
    outer loop
      vertex 228.16229932258526 117.6994938775897 10
      vertex 260.9125278914968 88.81314285844564 10
      vertex 229.7922666693727 119.23640000075102 10
    endloop
  endfacet
  facet normal -0.7788499153132747 0.6272103390542161 0
    outer loop
      vertex 228.2256789083282 40.81608163565397 0
      vertex 228.2256789083282 40.81608163565397 10
      vertex 229.6172625819842 42.544106125831604 0
    endloop
  endfacet
  facet normal 0 0 -1
    outer loop
      vertex 228.2256789083282 40.81608163565397 0
      vertex 229.6172625819842 42.544106125831604 0
      vertex 282.97146666298306 32.45000000298023 0
    endloop
  endfacet
  facet normal -0.7788499153132747 0.6272103390542161 0
    outer loop
      vertex 228.2256789083282 40.81608163565397 10
      vertex 229.6172625819842 42.544106125831604 10
      vertex 229.6172625819842 42.544106125831604 0
    endloop
  endfacet
  facet normal 0 0 1
    outer loop
      vertex 228.2256789083282 40.81608163565397 10
      vertex 282.97146666298306 32.45000000298023 10
      vertex 229.6172625819842 42.544106125831604 10
    endloop
  endfacet
  facet normal 0.30043589308977614 -0.9538020099283439 0
    outer loop
      vertex 229.04432381192842 133.70896326750517 0
      vertex 232.73535238454738 134.87159183621407 0
      vertex 232.73535238454738 134.87159183621407 10
    endloop
  endfacet
  facet normal 0.30043589308977614 -0.9538020099283439 0
    outer loop
      vertex 229.04432381192842 133.70896326750517 0
      vertex 232.73535238454738 134.87159183621407 10
      vertex 229.04432381192842 133.70896326750517 10
    endloop
  endfacet
  facet normal -0.7547579458611464 0.6560033865457274 0
    outer loop
      vertex 229.6172625819842 42.544106125831604 0
      vertex 229.6172625819842 42.544106125831604 10
      vertex 231.13506666819254 44.29039999842644 0
    endloop
  endfacet
  facet normal 0 0 -1
    outer loop
      vertex 229.6172625819842 42.544106125831604 0
      vertex 231.13506666819254 44.29039999842644 0
      vertex 282.97146666298306 32.45000000298023 0
    endloop
  endfacet
  facet normal -0.7547579458611464 0.6560033865457274 0
    outer loop
      vertex 229.6172625819842 42.544106125831604 10
      vertex 231.13506666819254 44.29039999842644 10
      vertex 231.13506666819254 44.29039999842644 0
    endloop
  endfacet
  facet normal 0 0 1
    outer loop
      vertex 229.6172625819842 42.544106125831604 10
      vertex 282.97146666298306 32.45000000298023 10
      vertex 231.13506666819254 44.29039999842644 10
    endloop
  endfacet
  facet normal 0.6635926185593352 -0.7480941361844543 0
    outer loop
      vertex 229.75146666417518 60.321199998259544 0
      vertex 231.6322829897205 61.9895673468709 0
      vertex 231.6322829897205 61.9895673468709 10
    endloop
  endfacet
  facet normal 0.6635926185593352 -0.7480941361844543 0
    outer loop
      vertex 229.75146666417518 60.321199998259544 0
      vertex 231.6322829897205 61.9895673468709 10
      vertex 229.75146666417518 60.321199998259544 10
    endloop
  endfacet
  facet normal -0.6000052257550615 0.7999960806570353 0
    outer loop
      vertex 229.7922666693727 119.23640000075102 0
      vertex 229.7922666693727 119.23640000075102 10
      vertex 231.5916544223825 120.58595918118954 0
    endloop
  endfacet
  facet normal 0 0 -1
    outer loop
      vertex 229.7922666693727 119.23640000075102 0
      vertex 231.5916544223825 120.58595918118954 0
      vertex 266.1270666668812 104.46679999679327 0
    endloop
  endfacet
  facet normal -0.6000052257550615 0.7999960806570353 0
    outer loop
      vertex 229.7922666693727 119.23640000075102 10
      vertex 231.5916544223825 120.58595918118954 10
      vertex 231.5916544223825 120.58595918118954 0
    endloop
  endfacet
  facet normal 0 0 1
    outer loop
      vertex 229.7922666693727 119.23640000075102 10
      vertex 260.9125278914968 88.81314285844564 10
      vertex 231.5916544223825 120.58595918118954 10
    endloop
  endfacet
  facet normal -0.7327054661026795 0.6805458837898112 0
    outer loop
      vertex 231.13506666819254 44.29039999842644 0
      vertex 231.13506666819254 44.29039999842644 10
      vertex 232.79405442128578 46.076538778841496 0
    endloop
  endfacet
  facet normal 0 0 -1
    outer loop
      vertex 231.13506666819254 44.29039999842644 0
      vertex 232.79405442128578 46.076538778841496 0
      vertex 282.97146666298306 32.45000000298023 0
    endloop
  endfacet
  facet normal -0.7327054661026795 0.6805458837898112 0
    outer loop
      vertex 231.13506666819254 44.29039999842644 10
      vertex 232.79405442128578 46.076538778841496 10
      vertex 232.79405442128578 46.076538778841496 0
    endloop
  endfacet
  facet normal 0 0 1
    outer loop
      vertex 231.13506666819254 44.29039999842644 10
      vertex 282.97146666298306 32.45000000298023 10
      vertex 232.79405442128578 46.076538778841496 10
    endloop
  endfacet
  facet normal -0.508450451922285 0.8610912483239068 0
    outer loop
      vertex 231.5916544223825 120.58595918118954 0
      vertex 231.5916544223825 120.58595918118954 10
      vertex 233.5255891184012 121.72789387404919 0
    endloop
  endfacet
  facet normal 0 0 -1
    outer loop
      vertex 231.5916544223825 120.58595918118954 0
      vertex 233.5255891184012 121.72789387404919 0
      vertex 266.1270666668812 104.46679999679327 0
    endloop
  endfacet
  facet normal -0.508450451922285 0.8610912483239068 0
    outer loop
      vertex 231.5916544223825 120.58595918118954 10
      vertex 233.5255891184012 121.72789387404919 10
      vertex 233.5255891184012 121.72789387404919 0
    endloop
  endfacet
  facet normal 0 0 1
    outer loop
      vertex 231.5916544223825 120.58595918118954 10
      vertex 260.9125278914968 88.81314285844564 10
      vertex 233.5255891184012 121.72789387404919 10
    endloop
  endfacet
  facet normal 0.6567043452211256 -0.7541481306531845 0
    outer loop
      vertex 231.6322829897205 61.9895673468709 0
      vertex 233.50810340295234 63.623012244701385 0
      vertex 233.50810340295234 63.623012244701385 10
    endloop
  endfacet
  facet normal 0.6567043452211256 -0.7541481306531845 0
    outer loop
      vertex 231.6322829897205 61.9895673468709 0
      vertex 233.50810340295234 63.623012244701385 10
      vertex 231.6322829897205 61.9895673468709 10
    endloop
  endfacet
  facet normal 0.20698679243169682 -0.9783437370162072 0
    outer loop
      vertex 232.73535238454738 134.87159183621407 0
      vertex 236.6605523775021 135.70204081386328 0
      vertex 236.6605523775021 135.70204081386328 10
    endloop
  endfacet
  facet normal 0.20698679243169682 -0.9783437370162072 0
    outer loop
      vertex 232.73535238454738 134.87159183621407 0
      vertex 236.6605523775021 135.70204081386328 10
      vertex 232.73535238454738 134.87159183621407 10
    endloop
  endfacet
  facet normal -0.7133385871746768 0.700819563117095 0
    outer loop
      vertex 232.79405442128578 46.076538778841496 0
      vertex 232.79405442128578 46.076538778841496 10
      vertex 234.6091891179482 47.92409796267748 0
    endloop
  endfacet
  facet normal 0 0 -1
    outer loop
      vertex 232.79405442128578 46.076538778841496 0
      vertex 234.6091891179482 47.92409796267748 0
      vertex 282.97146666298306 32.45000000298023 0
    endloop
  endfacet
  facet normal -0.7133385871746768 0.700819563117095 0
    outer loop
      vertex 232.79405442128578 46.076538778841496 10
      vertex 234.6091891179482 47.92409796267748 10
      vertex 234.6091891179482 47.92409796267748 0
    endloop
  endfacet
  facet normal 0 0 1
    outer loop
      vertex 232.79405442128578 46.076538778841496 10
      vertex 282.97146666298306 32.45000000298023 10
      vertex 234.6091891179482 47.92409796267748 10
    endloop
  endfacet
  facet normal 0.6496095537213632 -0.7602679972969606 0
    outer loop
      vertex 233.50810340295234 63.623012244701385 0
      vertex 235.37892788896957 65.221534691751 0
      vertex 235.37892788896957 65.221534691751 10
    endloop
  endfacet
  facet normal 0.6496095537213632 -0.7602679972969606 0
    outer loop
      vertex 233.50810340295234 63.623012244701385 0
      vertex 235.37892788896957 65.221534691751 10
      vertex 233.50810340295234 63.623012244701385 10
    endloop
  endfacet
  facet normal -0.4116442526426137 0.9113446160845545 0
    outer loop
      vertex 233.5255891184012 121.72789387404919 0
      vertex 233.5255891184012 121.72789387404919 10
      vertex 235.59407074997821 122.66220407932997 0
    endloop
  endfacet
  facet normal 0 0 -1
    outer loop
      vertex 233.5255891184012 121.72789387404919 0
      vertex 235.59407074997821 122.66220407932997 0
      vertex 266.1270666668812 104.46679999679327 0
    endloop
  endfacet
  facet normal -0.4116442526426137 0.9113446160845545 0
    outer loop
      vertex 233.5255891184012 121.72789387404919 10
      vertex 235.59407074997821 122.66220407932997 10
      vertex 235.59407074997821 122.66220407932997 0
    endloop
  endfacet
  facet normal 0 0 1
    outer loop
      vertex 233.5255891184012 121.72789387404919 10
      vertex 260.9125278914968 88.81314285844564 10
      vertex 235.59407074997821 122.66220407932997 10
    endloop
  endfacet
  facet normal -0.6956637053591517 0.718367600220093 0
    outer loop
      vertex 234.6091891179482 47.92409796267748 0
      vertex 234.6091891179482 47.92409796267748 10
      vertex 236.58047075072923 49.83307754993439 0
    endloop
  endfacet
  facet normal 0 0 -1
    outer loop
      vertex 234.6091891179482 47.92409796267748 0
      vertex 236.58047075072923 49.83307754993439 0
      vertex 282.97146666298306 32.45000000298023 0
    endloop
  endfacet
  facet normal -0.6956637053591517 0.718367600220093 0
    outer loop
      vertex 234.6091891179482 47.92409796267748 10
      vertex 236.58047075072923 49.83307754993439 10
      vertex 236.58047075072923 49.83307754993439 0
    endloop
  endfacet
  facet normal 0 0 1
    outer loop
      vertex 234.6091891179482 47.92409796267748 10
      vertex 282.97146666298306 32.45000000298023 10
      vertex 236.58047075072923 49.83307754993439 10
    endloop
  endfacet
  facet normal 0.6423014922895324 -0.7664520813479729 0
    outer loop
      vertex 235.37892788896957 65.221534691751 0
      vertex 237.24475646267334 66.78513469547033 0
      vertex 237.24475646267334 66.78513469547033 10
    endloop
  endfacet
  facet normal 0.6423014922895324 -0.7664520813479729 0
    outer loop
      vertex 235.37892788896957 65.221534691751 0
      vertex 237.24475646267334 66.78513469547033 10
      vertex 235.37892788896957 65.221534691751 10
    endloop
  endfacet
  facet normal -0.3132555000761615 0.9496688852816197 0
    outer loop
      vertex 235.59407074997821 122.66220407932997 0
      vertex 235.59407074997821 122.66220407932997 10
      vertex 237.79709931711355 123.38888979703188 0
    endloop
  endfacet
  facet normal 0 0 -1
    outer loop
      vertex 235.59407074997821 122.66220407932997 0
      vertex 237.79709931711355 123.38888979703188 0
      vertex 266.1270666668812 104.46679999679327 0
    endloop
  endfacet
  facet normal -0.3132555000761615 0.9496688852816197 0
    outer loop
      vertex 235.59407074997821 122.66220407932997 10
      vertex 237.79709931711355 123.38888979703188 10
      vertex 237.79709931711355 123.38888979703188 0
    endloop
  endfacet
  facet normal 0 0 1
    outer loop
      vertex 235.59407074997821 122.66220407932997 10
      vertex 260.9125278914968 88.81314285844564 10
      vertex 261.95307483027375 90.36422856897116 10
    endloop
  endfacet
  facet normal 0 0 1
    outer loop
      vertex 235.59407074997821 122.66220407932997 10
      vertex 261.95307483027375 90.36422856897116 10
      vertex 262.91226666669047 91.93519999831915 10
    endloop
  endfacet
  facet normal 0 0 1
    outer loop
      vertex 235.59407074997821 122.66220407932997 10
      vertex 262.91226666669047 91.93519999831915 10
      vertex 263.76517278949416 93.54631020128727 10
    endloop
  endfacet
  facet normal 0 0 1
    outer loop
      vertex 235.59407074997821 122.66220407932997 10
      vertex 263.76517278949416 93.54631020128727 10
      vertex 264.48686258743203 95.21712653338909 10
    endloop
  endfacet
  facet normal 0 0 1
    outer loop
      vertex 235.59407074997821 122.66220407932997 10
      vertex 264.48686258743203 95.21712653338909 10
      vertex 265.0773360530535 96.94764897972345 10
    endloop
  endfacet
  facet normal 0 0 1
    outer loop
      vertex 235.59407074997821 122.66220407932997 10
      vertex 265.0773360530535 96.94764897972345 10
      vertex 265.53659319380915 98.73787754774094 10
    endloop
  endfacet
  facet normal 0 0 1
    outer loop
      vertex 235.59407074997821 122.66220407932997 10
      vertex 265.53659319380915 98.73787754774094 10
      vertex 265.86463401714957 100.58781224489212 10
    endloop
  endfacet
  facet normal 0 0 1
    outer loop
      vertex 235.59407074997821 122.66220407932997 10
      vertex 265.86463401714957 100.58781224489212 10
      vertex 266.061458500723 102.49745306372643 10
    endloop
  endfacet
  facet normal 0 0 1
    outer loop
      vertex 235.59407074997821 122.66220407932997 10
      vertex 266.0141197244326 107.07768163084984 10
      vertex 237.79709931711355 123.38888979703188 10
    endloop
  endfacet
  facet normal 0 0 1
    outer loop
      vertex 235.59407074997821 122.66220407932997 10
      vertex 266.061458500723 102.49745306372643 10
      vertex 266.1270666668812 104.46679999679327 10
    endloop
  endfacet
  facet normal 0 0 1
    outer loop
      vertex 235.59407074997821 122.66220407932997 10
      vertex 266.1270666668812 104.46679999679327 10
      vertex 266.0141197244326 107.07768163084984 10
    endloop
  endfacet
  facet normal -0.679511766543025 0.7336646094296613 0
    outer loop
      vertex 236.58047075072923 49.83307754993439 0
      vertex 236.58047075072923 49.83307754993439 10
      vertex 238.70789931962886 51.8034775480628 0
    endloop
  endfacet
  facet normal 0 0 -1
    outer loop
      vertex 236.58047075072923 49.83307754993439 0
      vertex 238.70789931962886 51.8034775480628 0
      vertex 291.0134666661421 49.45759999752045 0
    endloop
  endfacet
  facet normal 0 0 -1
    outer loop
      vertex 236.58047075072923 49.83307754993439 0
      vertex 291.0134666661421 49.45759999752045 0
      vertex 291.74350748459494 45.21714285761118 0
    endloop
  endfacet
  facet normal 0 0 -1
    outer loop
      vertex 236.58047075072923 49.83307754993439 0
      vertex 291.74350748459494 45.21714285761118 0
      vertex 282.97146666298306 32.45000000298023 0
    endloop
  endfacet
  facet normal -0.679511766543025 0.7336646094296613 0
    outer loop
      vertex 236.58047075072923 49.83307754993439 10
      vertex 238.70789931962886 51.8034775480628 10
      vertex 238.70789931962886 51.8034775480628 0
    endloop
  endfacet
  facet normal 0 0 1
    outer loop
      vertex 236.58047075072923 49.83307754993439 10
      vertex 282.97146666298306 32.45000000298023 10
      vertex 238.70789931962886 51.8034775480628 10
    endloop
  endfacet
  facet normal 0.11894397117223045 -0.992900967731314 0
    outer loop
      vertex 236.6605523775021 135.70204081386328 0
      vertex 240.81992381314436 136.2003102004528 0
      vertex 240.81992381314436 136.2003102004528 10
    endloop
  endfacet
  facet normal 0.11894397117223045 -0.992900967731314 0
    outer loop
      vertex 236.6605523775021 135.70204081386328 0
      vertex 240.81992381314436 136.2003102004528 10
      vertex 236.6605523775021 135.70204081386328 10
    endloop
  endfacet
  facet normal 0.634773253344544 -0.7726984643691117 0
    outer loop
      vertex 237.24475646267334 66.78513469547033 0
      vertex 239.10558911661306 68.3138122484088 0
      vertex 239.10558911661306 68.3138122484088 10
    endloop
  endfacet
  facet normal 0.634773253344544 -0.7726984643691117 0
    outer loop
      vertex 237.24475646267334 66.78513469547033 0
      vertex 239.10558911661306 68.3138122484088 10
      vertex 237.24475646267334 66.78513469547033 10
    endloop
  endfacet
  facet normal -0.21677126662398127 0.9762224223844866 0
    outer loop
      vertex 237.79709931711355 123.38888979703188 0
      vertex 237.79709931711355 123.38888979703188 10
      vertex 240.13467482725778 123.90795101970434 0
    endloop
  endfacet
  facet normal 0 0 -1
    outer loop
      vertex 237.79709931711355 123.38888979703188 0
      vertex 240.13467482725778 123.90795101970434 0
      vertex 266.1270666668812 104.46679999679327 0
    endloop
  endfacet
  facet normal -0.21677126662398127 0.9762224223844866 0
    outer loop
      vertex 237.79709931711355 123.38888979703188 10
      vertex 240.13467482725778 123.90795101970434 10
      vertex 240.13467482725778 123.90795101970434 0
    endloop
  endfacet
  facet normal 0 0 1
    outer loop
      vertex 237.79709931711355 123.38888979703188 10
      vertex 266.0141197244326 107.07768163084984 10
      vertex 240.13467482725778 123.90795101970434 10
    endloop
  endfacet
  facet normal -0.6647247990557664 0.7470883090507245 0
    outer loop
      vertex 238.70789931962886 51.8034775480628 0
      vertex 238.70789931962886 51.8034775480628 10
      vertex 240.99147483209768 53.83529795706272 0
    endloop
  endfacet
  facet normal 0 0 -1
    outer loop
      vertex 238.70789931962886 51.8034775480628 0
      vertex 240.99147483209768 53.83529795706272 0
      vertex 291.0134666661421 49.45759999752045 0
    endloop
  endfacet
  facet normal -0.6647247990557664 0.7470883090507245 0
    outer loop
      vertex 238.70789931962886 51.8034775480628 10
      vertex 240.99147483209768 53.83529795706272 10
      vertex 240.99147483209768 53.83529795706272 0
    endloop
  endfacet
  facet normal 0 0 1
    outer loop
      vertex 238.70789931962886 51.8034775480628 10
      vertex 282.97146666298306 32.45000000298023 10
      vertex 240.99147483209768 53.83529795706272 10
    endloop
  endfacet
  facet normal 0.6270177739033994 -0.7790049494125345 0
    outer loop
      vertex 239.10558911661306 68.3138122484088 0
      vertex 240.96142585078874 69.80756735056639 0
      vertex 240.96142585078874 69.80756735056639 10
    endloop
  endfacet
  facet normal 0.6270177739033994 -0.7790049494125345 0
    outer loop
      vertex 239.10558911661306 68.3138122484088 0
      vertex 240.96142585078874 69.80756735056639 10
      vertex 239.10558911661306 68.3138122484088 10
    endloop
  endfacet
  facet normal -0.12499153831510727 0.9921578076846562 0
    outer loop
      vertex 240.13467482725778 123.90795101970434 0
      vertex 240.13467482725778 123.90795101970434 10
      vertex 242.60679728041092 124.21938775479794 0
    endloop
  endfacet
  facet normal 0 0 -1
    outer loop
      vertex 240.13467482725778 123.90795101970434 0
      vertex 242.60679728041092 124.21938775479794 0
      vertex 266.1270666668812 104.46679999679327 0
    endloop
  endfacet
  facet normal -0.12499153831510727 0.9921578076846562 0
    outer loop
      vertex 240.13467482725778 123.90795101970434 10
      vertex 242.60679728041092 124.21938775479794 10
      vertex 242.60679728041092 124.21938775479794 0
    endloop
  endfacet
  facet normal 0 0 1
    outer loop
      vertex 240.13467482725778 123.90795101970434 10
      vertex 266.0141197244326 107.07768163084984 10
      vertex 242.60679728041092 124.21938775479794 10
    endloop
  endfacet
  facet normal 0.03777617693816617 -0.9992862254909434 0
    outer loop
      vertex 240.81992381314436 136.2003102004528 0
      vertex 245.21346666912237 136.36640000343323 0
      vertex 245.21346666912237 136.36640000343323 10
    endloop
  endfacet
  facet normal 0.03777617693816617 -0.9992862254909434 0
    outer loop
      vertex 240.81992381314436 136.2003102004528 0
      vertex 245.21346666912237 136.36640000343323 10
      vertex 240.81992381314436 136.2003102004528 10
    endloop
  endfacet
  facet normal 0.6190278438025726 -0.7853690397495549 0
    outer loop
      vertex 240.96142585078874 69.80756735056639 0
      vertex 242.81226666520038 71.26640000194311 0
      vertex 242.81226666520038 71.26640000194311 10
    endloop
  endfacet
  facet normal 0.6190278438025726 -0.7853690397495549 0
    outer loop
      vertex 240.96142585078874 69.80756735056639 0
      vertex 242.81226666520038 71.26640000194311 10
      vertex 240.96142585078874 69.80756735056639 10
    endloop
  endfacet
  facet normal -0.6511589437435022 0.7589413877124154 0
    outer loop
      vertex 240.99147483209768 53.83529795706272 0
      vertex 240.99147483209768 53.83529795706272 10
      vertex 243.4311972806851 55.92853877693415 0
    endloop
  endfacet
  facet normal 0 0 -1
    outer loop
      vertex 240.99147483209768 53.83529795706272 0
      vertex 243.4311972806851 55.92853877693415 0
      vertex 291.0134666661421 49.45759999752045 0
    endloop
  endfacet
  facet normal -0.6511589437435022 0.7589413877124154 0
    outer loop
      vertex 240.99147483209768 53.83529795706272 10
      vertex 243.4311972806851 55.92853877693415 10
      vertex 243.4311972806851 55.92853877693415 0
    endloop
  endfacet
  facet normal 0 0 1
    outer loop
      vertex 240.99147483209768 53.83529795706272 10
      vertex 282.97146666298306 32.45000000298023 10
      vertex 243.4311972806851 55.92853877693415 10
    endloop
  endfacet
  facet normal -0.03979408300352366 0.9992079017691506 0
    outer loop
      vertex 242.60679728041092 124.21938775479794 0
      vertex 242.60679728041092 124.21938775479794 10
      vertex 245.21346666912237 124.32320000231266 0
    endloop
  endfacet
  facet normal 0 0 -1
    outer loop
      vertex 242.60679728041092 124.21938775479794 0
      vertex 245.21346666912237 124.32320000231266 0
      vertex 266.1270666668812 104.46679999679327 0
    endloop
  endfacet
  facet normal -0.03979408300352366 0.9992079017691506 0
    outer loop
      vertex 242.60679728041092 124.21938775479794 10
      vertex 245.21346666912237 124.32320000231266 10
      vertex 245.21346666912237 124.32320000231266 0
    endloop
  endfacet
  facet normal 0 0 1
    outer loop
      vertex 242.60679728041092 124.21938775479794 10
      vertex 266.0141197244326 107.07768163084984 10
      vertex 245.21346666912237 124.32320000231266 10
    endloop
  endfacet
  facet normal 0.620299826844928 -0.7843647906530176 0
    outer loop
      vertex 242.81226666520038 71.26640000194311 0
      vertex 244.63487074772516 72.7077714279294 0
      vertex 244.63487074772516 72.7077714279294 10
    endloop
  endfacet
  facet normal 0.620299826844928 -0.7843647906530176 0
    outer loop
      vertex 242.81226666520038 71.26640000194311 0
      vertex 244.63487074772516 72.7077714279294 10
      vertex 242.81226666520038 71.26640000194311 10
    endloop
  endfacet
  facet normal -0.6386851548909909 0.769468175379509 0
    outer loop
      vertex 243.4311972806851 55.92853877693415 0
      vertex 243.4311972806851 55.92853877693415 10
      vertex 246.02706666539112 58.0832000002265 0
    endloop
  endfacet
  facet normal 0 0 -1
    outer loop
      vertex 243.4311972806851 55.92853877693415 0
      vertex 246.02706666539112 58.0832000002265 0
      vertex 291.0134666661421 49.45759999752045 0
    endloop
  endfacet
  facet normal -0.6386851548909909 0.769468175379509 0
    outer loop
      vertex 243.4311972806851 55.92853877693415 10
      vertex 246.02706666539112 58.0832000002265 10
      vertex 246.02706666539112 58.0832000002265 0
    endloop
  endfacet
  facet normal 0 0 1
    outer loop
      vertex 243.4311972806851 55.92853877693415 10
      vertex 282.97146666298306 32.45000000298023 10
      vertex 246.02706666539112 58.0832000002265 10
    endloop
  endfacet
  facet normal 0.631207337380999 -0.7756141419780778 0
    outer loop
      vertex 244.63487074772516 72.7077714279294 0
      vertex 246.40599727878967 74.14914285391569 0
      vertex 246.40599727878967 74.14914285391569 10
    endloop
  endfacet
  facet normal 0.631207337380999 -0.7756141419780778 0
    outer loop
      vertex 244.63487074772516 72.7077714279294 0
      vertex 246.40599727878967 74.14914285391569 10
      vertex 244.63487074772516 72.7077714279294 10
    endloop
  endfacet
  facet normal 0.03897249011582933 0.9992402839228268 0
    outer loop
      vertex 245.21346666912237 124.32320000231266 0
      vertex 245.21346666912237 124.32320000231266 10
      vertex 247.93859319637218 124.21691428869963 0
    endloop
  endfacet
  facet normal 0 0 -1
    outer loop
      vertex 245.21346666912237 124.32320000231266 0
      vertex 247.93859319637218 124.21691428869963 0
      vertex 266.1270666668812 104.46679999679327 0
    endloop
  endfacet
  facet normal 0.03897249011582933 0.9992402839228268 0
    outer loop
      vertex 245.21346666912237 124.32320000231266 10
      vertex 247.93859319637218 124.21691428869963 10
      vertex 247.93859319637218 124.21691428869963 0
    endloop
  endfacet
  facet normal 0 0 1
    outer loop
      vertex 245.21346666912237 124.32320000231266 10
      vertex 266.0141197244326 107.07768163084984 10
      vertex 247.93859319637218 124.21691428869963 10
    endloop
  endfacet
  facet normal -0.03483176821851044 -0.9993931898521081 0
    outer loop
      vertex 245.21346666912237 136.36640000343323 0
      vertex 250.00210339824358 136.19950204342604 0
      vertex 250.00210339824358 136.19950204342604 10
    endloop
  endfacet
  facet normal -0.03483176821851044 -0.9993931898521081 0
    outer loop
      vertex 245.21346666912237 136.36640000343323 0
      vertex 250.00210339824358 136.19950204342604 10
      vertex 245.21346666912237 136.36640000343323 10
    endloop
  endfacet
  facet normal -0.6344654835563169 0.7729511952094057 0
    outer loop
      vertex 246.02706666539112 58.0832000002265 0
      vertex 246.02706666539112 58.0832000002265 10
      vertex 250.66217687229314 61.88786122202873 0
    endloop
  endfacet
  facet normal 0 0 -1
    outer loop
      vertex 246.02706666539112 58.0832000002265 0
      vertex 250.66217687229314 61.88786122202873 0
      vertex 291.0134666661421 49.45759999752045 0
    endloop
  endfacet
  facet normal -0.6344654835563169 0.7729511952094057 0
    outer loop
      vertex 246.02706666539112 58.0832000002265 10
      vertex 250.66217687229314 61.88786122202873 10
      vertex 250.66217687229314 61.88786122202873 0
    endloop
  endfacet
  facet normal 0 0 1
    outer loop
      vertex 246.02706666539112 58.0832000002265 10
      vertex 282.97146666298306 32.45000000298023 10
      vertex 250.66217687229314 61.88786122202873 10
    endloop
  endfacet
  facet normal 0.6423728903800258 -0.7663922427222312 0
    outer loop
      vertex 246.40599727878967 74.14914285391569 0
      vertex 248.1256462583939 75.59051428735256 0
      vertex 248.1256462583939 75.59051428735256 10
    endloop
  endfacet
  facet normal 0.6423728903800258 -0.7663922427222312 0
    outer loop
      vertex 246.40599727878967 74.14914285391569 0
      vertex 248.1256462583939 75.59051428735256 10
      vertex 246.40599727878967 74.14914285391569 10
    endloop
  endfacet
  facet normal 0.1241192128564341 0.9922673132779791 0
    outer loop
      vertex 247.93859319637218 124.21691428869963 0
      vertex 247.93859319637218 124.21691428869963 10
      vertex 250.4876870761315 123.89805714040995 0
    endloop
  endfacet
  facet normal 0 0 -1
    outer loop
      vertex 247.93859319637218 124.21691428869963 0
      vertex 250.4876870761315 123.89805714040995 0
      vertex 266.1270666668812 104.46679999679327 0
    endloop
  endfacet
  facet normal 0.1241192128564341 0.9922673132779791 0
    outer loop
      vertex 247.93859319637218 124.21691428869963 10
      vertex 250.4876870761315 123.89805714040995 10
      vertex 250.4876870761315 123.89805714040995 0
    endloop
  endfacet
  facet normal 0 0 1
    outer loop
      vertex 247.93859319637218 124.21691428869963 10
      vertex 265.6752789119879 109.51581224799156 10
      vertex 250.4876870761315 123.89805714040995 10
    endloop
  endfacet
  facet normal 0 0 1
    outer loop
      vertex 247.93859319637218 124.21691428869963 10
      vertex 266.0141197244326 107.07768163084984 10
      vertex 265.6752789119879 109.51581224799156 10
    endloop
  endfacet
  facet normal 0.6537959826522562 -0.7566708749963689 0
    outer loop
      vertex 248.1256462583939 75.59051428735256 0
      vertex 249.7938176865379 77.03188571333885 0
      vertex 249.7938176865379 77.03188571333885 10
    endloop
  endfacet
  facet normal 0.6537959826522562 -0.7566708749963689 0
    outer loop
      vertex 248.1256462583939 75.59051428735256 0
      vertex 249.7938176865379 77.03188571333885 10
      vertex 248.1256462583939 75.59051428735256 10
    endloop
  endfacet
  facet normal 0.6654747598017405 -0.7464203534650002 0
    outer loop
      vertex 249.7938176865379 77.03188571333885 0
      vertex 251.4105115632216 78.47325713932514 0
      vertex 251.4105115632216 78.47325713932514 10
    endloop
  endfacet
  facet normal 0.6654747598017405 -0.7464203534650002 0
    outer loop
      vertex 249.7938176865379 77.03188571333885 0
      vertex 251.4105115632216 78.47325713932514 10
      vertex 249.7938176865379 77.03188571333885 10
    endloop
  endfacet
  facet normal -0.11152650797842496 -0.9937614593141244 0
    outer loop
      vertex 250.00210339824358 136.19950204342604 0
      vertex 254.46355646351972 135.69880816340446 0
      vertex 254.46355646351972 135.69880816340446 10
    endloop
  endfacet
  facet normal -0.11152650797842496 -0.9937614593141244 0
    outer loop
      vertex 250.00210339824358 136.19950204342604 0
      vertex 254.46355646351972 135.69880816340446 10
      vertex 250.00210339824358 136.19950204342604 10
    endloop
  endfacet
  facet normal 0 0 -1
    outer loop
      vertex 250.00210339824358 136.19950204342604 0
      vertex 465 250 0
      vertex 254.46355646351972 135.69880816340446 0
    endloop
  endfacet
  facet normal 0.21852959579917633 0.9758303211931102 0
    outer loop
      vertex 250.4876870761315 123.89805714040995 0
      vertex 250.4876870761315 123.89805714040995 10
      vertex 252.86074830094972 123.36662857234478 0
    endloop
  endfacet
  facet normal 0 0 -1
    outer loop
      vertex 250.4876870761315 123.89805714040995 0
      vertex 252.86074830094972 123.36662857234478 0
      vertex 266.0141197244326 107.07768163084984 0
    endloop
  endfacet
  facet normal 0 0 -1
    outer loop
      vertex 250.4876870761315 123.89805714040995 0
      vertex 266.0141197244326 107.07768163084984 0
      vertex 266.1270666668812 104.46679999679327 0
    endloop
  endfacet
  facet normal 0.21852959579917633 0.9758303211931102 0
    outer loop
      vertex 250.4876870761315 123.89805714040995 10
      vertex 252.86074830094972 123.36662857234478 10
      vertex 252.86074830094972 123.36662857234478 0
    endloop
  endfacet
  facet normal 0 0 1
    outer loop
      vertex 250.4876870761315 123.89805714040995 10
      vertex 265.110544214646 111.78119183331728 10
      vertex 252.86074830094972 123.36662857234478 10
    endloop
  endfacet
  facet normal 0 0 1
    outer loop
      vertex 250.4876870761315 123.89805714040995 10
      vertex 265.6752789119879 109.51581224799156 10
      vertex 265.110544214646 111.78119183331728 10
    endloop
  endfacet
  facet normal -0.6423588143283768 0.7664040407348084 0
    outer loop
      vertex 250.66217687229314 61.88786122202873 0
      vertex 250.66217687229314 61.88786122202873 10
      vertex 254.84887891511121 65.39693061262369 0
    endloop
  endfacet
  facet normal 0 0 -1
    outer loop
      vertex 250.66217687229314 61.88786122202873 0
      vertex 254.84887891511121 65.39693061262369 0
      vertex 291.0134666661421 49.45759999752045 0
    endloop
  endfacet
  facet normal -0.6423588143283768 0.7664040407348084 0
    outer loop
      vertex 250.66217687229314 61.88786122202873 10
      vertex 254.84887891511121 65.39693061262369 10
      vertex 254.84887891511121 65.39693061262369 0
    endloop
  endfacet
  facet normal 0 0 1
    outer loop
      vertex 250.66217687229314 61.88786122202873 10
      vertex 282.97146666298306 32.45000000298023 10
      vertex 254.84887891511121 65.39693061262369 10
    endloop
  endfacet
  facet normal 0.6774057817509959 -0.7356095478243346 0
    outer loop
      vertex 251.4105115632216 78.47325713932514 0
      vertex 252.97572788844505 79.91462857276201 0
      vertex 252.97572788844505 79.91462857276201 10
    endloop
  endfacet
  facet normal 0.6774057817509959 -0.7356095478243346 0
    outer loop
      vertex 251.4105115632216 78.47325713932514 0
      vertex 252.97572788844505 79.91462857276201 10
      vertex 251.4105115632216 78.47325713932514 10
    endloop
  endfacet
  facet normal 0.32074715152097105 0.9471648561845945 0
    outer loop
      vertex 252.86074830094972 123.36662857234478 0
      vertex 252.86074830094972 123.36662857234478 10
      vertex 255.05777687082687 122.62262856960297 0
    endloop
  endfacet
  facet normal 0 0 -1
    outer loop
      vertex 252.86074830094972 123.36662857234478 0
      vertex 255.05777687082687 122.62262856960297 0
      vertex 265.6752789119879 109.51581224799156 0
    endloop
  endfacet
  facet normal 0 0 -1
    outer loop
      vertex 252.86074830094972 123.36662857234478 0
      vertex 265.6752789119879 109.51581224799156 0
      vertex 266.0141197244326 107.07768163084984 0
    endloop
  endfacet
  facet normal 0.32074715152097105 0.9471648561845945 0
    outer loop
      vertex 252.86074830094972 123.36662857234478 10
      vertex 255.05777687082687 122.62262856960297 10
      vertex 255.05777687082687 122.62262856960297 0
    endloop
  endfacet
  facet normal 0 0 1
    outer loop
      vertex 252.86074830094972 123.36662857234478 10
      vertex 264.319915647308 113.87382040917873 10
      vertex 255.05777687082687 122.62262856960297 10
    endloop
  endfacet
  facet normal 0 0 1
    outer loop
      vertex 252.86074830094972 123.36662857234478 10
      vertex 265.110544214646 111.78119183331728 10
      vertex 264.319915647308 113.87382040917873 10
    endloop
  endfacet
  facet normal 0.6895837816472946 -0.7242059155302559 0
    outer loop
      vertex 252.97572788844505 79.91462857276201 0
      vertex 254.4894666696588 81.3559999987483 0
      vertex 254.4894666696588 81.3559999987483 10
    endloop
  endfacet
  facet normal 0.6895837816472946 -0.7242059155302559 0
    outer loop
      vertex 252.97572788844505 79.91462857276201 0
      vertex 254.4894666696588 81.3559999987483 10
      vertex 252.97572788844505 79.91462857276201 10
    endloop
  endfacet
  facet normal -0.19785666027449048 -0.9802309635922672 0
    outer loop
      vertex 254.46355646351972 135.69880816340446 0
      vertex 258.5978258500496 134.8643183708191 0
      vertex 258.5978258500496 134.8643183708191 10
    endloop
  endfacet
  facet normal -0.19785666027449048 -0.9802309635922672 0
    outer loop
      vertex 254.46355646351972 135.69880816340446 0
      vertex 258.5978258500496 134.8643183708191 10
      vertex 254.46355646351972 135.69880816340446 10
    endloop
  endfacet
  facet normal 0 0 -1
    outer loop
      vertex 254.46355646351972 135.69880816340446 0
      vertex 465 250 0
      vertex 258.5978258500496 134.8643183708191 0
    endloop
  endfacet
  facet normal 0.7081632918948659 -0.7060486895481266 0
    outer loop
      vertex 254.4894666696588 81.3559999987483 0
      vertex 255.93678911278644 82.80765714496374 0
      vertex 255.93678911278644 82.80765714496374 10
    endloop
  endfacet
  facet normal 0.7081632918948659 -0.7060486895481266 0
    outer loop
      vertex 254.4894666696588 81.3559999987483 0
      vertex 255.93678911278644 82.80765714496374 10
      vertex 254.4894666696588 81.3559999987483 10
    endloop
  endfacet
  facet normal -0.6518695641713338 0.758331109283455 0
    outer loop
      vertex 254.84887891511121 65.39693061262369 0
      vertex 254.84887891511121 65.39693061262369 10
      vertex 258.5871727863947 68.6104081645608 0
    endloop
  endfacet
  facet normal 0 0 -1
    outer loop
      vertex 254.84887891511121 65.39693061262369 0
      vertex 258.5871727863947 68.6104081645608 0
      vertex 291.0134666661421 49.45759999752045 0
    endloop
  endfacet
  facet normal -0.6518695641713338 0.758331109283455 0
    outer loop
      vertex 254.84887891511121 65.39693061262369 10
      vertex 258.5871727863947 68.6104081645608 10
      vertex 258.5871727863947 68.6104081645608 0
    endloop
  endfacet
  facet normal 0 0 1
    outer loop
      vertex 254.84887891511121 65.39693061262369 10
      vertex 282.97146666298306 32.45000000298023 10
      vertex 258.5871727863947 68.6104081645608 10
    endloop
  endfacet
  facet normal 0.4278151340411971 0.9038662572998909 0
    outer loop
      vertex 255.05777687082687 122.62262856960297 0
      vertex 255.05777687082687 122.62262856960297 10
      vertex 257.0787727857629 121.66605713963509 0
    endloop
  endfacet
  facet normal 0 0 -1
    outer loop
      vertex 255.05777687082687 122.62262856960297 0
      vertex 257.0787727857629 121.66605713963509 0
      vertex 265.110544214646 111.78119183331728 0
    endloop
  endfacet
  facet normal 0 0 -1
    outer loop
      vertex 255.05777687082687 122.62262856960297 0
      vertex 265.110544214646 111.78119183331728 0
      vertex 265.6752789119879 109.51581224799156 0
    endloop
  endfacet
  facet normal 0.4278151340411971 0.9038662572998909 0
    outer loop
      vertex 255.05777687082687 122.62262856960297 10
      vertex 257.0787727857629 121.66605713963509 10
      vertex 257.0787727857629 121.66605713963509 0
    endloop
  endfacet
  facet normal 0 0 1
    outer loop
      vertex 255.05777687082687 122.62262856960297 10
      vertex 263.3033931950728 115.79369796067476 10
      vertex 257.0787727857629 121.66605713963509 10
    endloop
  endfacet
  facet normal 0 0 1
    outer loop
      vertex 255.05777687082687 122.62262856960297 10
      vertex 264.319915647308 113.87382040917873 10
      vertex 263.3033931950728 115.79369796067476 10
    endloop
  endfacet
  facet normal 0.7329090373636956 -0.6803266443044995 0
    outer loop
      vertex 255.93678911278644 82.80765714496374 0
      vertex 257.3027564610044 84.27920000255108 0
      vertex 257.3027564610044 84.27920000255108 10
    endloop
  endfacet
  facet normal 0.7329090373636956 -0.6803266443044995 0
    outer loop
      vertex 255.93678911278644 82.80765714496374 0
      vertex 257.3027564610044 84.27920000255108 10
      vertex 255.93678911278644 82.80765714496374 10
    endloop
  endfacet
  facet normal 0.5352697269936988 0.8446811939211688 0
    outer loop
      vertex 257.0787727857629 121.66605713963509 0
      vertex 257.0787727857629 121.66605713963509 10
      vertex 258.9237360532085 120.49691428244114 0
    endloop
  endfacet
  facet normal 0 0 -1
    outer loop
      vertex 257.0787727857629 121.66605713963509 0
      vertex 258.9237360532085 120.49691428244114 0
      vertex 264.319915647308 113.87382040917873 0
    endloop
  endfacet
  facet normal 0 0 -1
    outer loop
      vertex 257.0787727857629 121.66605713963509 0
      vertex 264.319915647308 113.87382040917873 0
      vertex 265.110544214646 111.78119183331728 0
    endloop
  endfacet
  facet normal 0.5352697269936988 0.8446811939211688 0
    outer loop
      vertex 257.0787727857629 121.66605713963509 10
      vertex 258.9237360532085 120.49691428244114 10
      vertex 258.9237360532085 120.49691428244114 0
    endloop
  endfacet
  facet normal 0 0 1
    outer loop
      vertex 257.0787727857629 121.66605713963509 10
      vertex 262.0609768728415 117.54082448780537 10
      vertex 258.9237360532085 120.49691428244114 10
    endloop
  endfacet
  facet normal 0 0 1
    outer loop
      vertex 257.0787727857629 121.66605713963509 10
      vertex 263.3033931950728 115.79369796067476 10
      vertex 262.0609768728415 117.54082448780537 10
    endloop
  endfacet
  facet normal 0.757686771054664 -0.6526183854050981 0
    outer loop
      vertex 257.3027564610044 84.27920000255108 0
      vertex 258.5873687068621 85.77062857151031 0
      vertex 258.5873687068621 85.77062857151031 10
    endloop
  endfacet
  facet normal 0.757686771054664 -0.6526183854050981 0
    outer loop
      vertex 257.3027564610044 84.27920000255108 0
      vertex 258.5873687068621 85.77062857151031 10
      vertex 257.3027564610044 84.27920000255108 10
    endloop
  endfacet
  facet normal -0.6635431657473582 0.7481380000975582 0
    outer loop
      vertex 258.5871727863947 68.6104081645608 0
      vertex 258.5871727863947 68.6104081645608 10
      vertex 261.87705850104487 71.52829387784004 0
    endloop
  endfacet
  facet normal 0 0 -1
    outer loop
      vertex 258.5871727863947 68.6104081645608 0
      vertex 261.87705850104487 71.52829387784004 0
      vertex 291.0134666661421 49.45759999752045 0
    endloop
  endfacet
  facet normal -0.6635431657473582 0.7481380000975582 0
    outer loop
      vertex 258.5871727863947 68.6104081645608 10
      vertex 261.87705850104487 71.52829387784004 10
      vertex 261.87705850104487 71.52829387784004 0
    endloop
  endfacet
  facet normal 0 0 1
    outer loop
      vertex 258.5871727863947 68.6104081645608 10
      vertex 282.97146666298306 32.45000000298023 10
      vertex 261.87705850104487 71.52829387784004 10
    endloop
  endfacet
  facet normal 0.7823297918909863 -0.6228644288445169 0
    outer loop
      vertex 258.5873687068621 85.77062857151031 0
      vertex 259.79062585035956 87.28194285929203 0
      vertex 259.79062585035956 87.28194285929203 10
    endloop
  endfacet
  facet normal 0.7823297918909863 -0.6228644288445169 0
    outer loop
      vertex 258.5873687068621 85.77062857151031 0
      vertex 259.79062585035956 87.28194285929203 10
      vertex 258.5873687068621 85.77062857151031 10
    endloop
  endfacet
  facet normal -0.2933688516344027 -0.9559993289175007 0
    outer loop
      vertex 258.5978258500496 134.8643183708191 0
      vertex 262.4049115652839 133.69603265076876 0
      vertex 262.4049115652839 133.69603265076876 10
    endloop
  endfacet
  facet normal -0.2933688516344027 -0.9559993289175007 0
    outer loop
      vertex 258.5978258500496 134.8643183708191 0
      vertex 262.4049115652839 133.69603265076876 10
      vertex 258.5978258500496 134.8643183708191 10
    endloop
  endfacet
  facet normal 0 0 -1
    outer loop
      vertex 258.5978258500496 134.8643183708191 0
      vertex 465 250 0
      vertex 262.4049115652839 133.69603265076876 0
    endloop
  endfacet
  facet normal 0.6377129736323104 0.7702740832074231 0
    outer loop
      vertex 258.9237360532085 120.49691428244114 0
      vertex 258.9237360532085 120.49691428244114 10
      vertex 260.59266666571295 119.11519999802113 0
    endloop
  endfacet
  facet normal 0 0 -1
    outer loop
      vertex 258.9237360532085 120.49691428244114 0
      vertex 260.59266666571295 119.11519999802113 0
      vertex 263.3033931950728 115.79369796067476 0
    endloop
  endfacet
  facet normal 0 0 -1
    outer loop
      vertex 258.9237360532085 120.49691428244114 0
      vertex 263.3033931950728 115.79369796067476 0
      vertex 264.319915647308 113.87382040917873 0
    endloop
  endfacet
  facet normal 0.6377129736323104 0.7702740832074231 0
    outer loop
      vertex 258.9237360532085 120.49691428244114 10
      vertex 260.59266666571295 119.11519999802113 10
      vertex 260.59266666571295 119.11519999802113 0
    endloop
  endfacet
  facet normal 0 0 1
    outer loop
      vertex 258.9237360532085 120.49691428244114 10
      vertex 262.0609768728415 117.54082448780537 10
      vertex 260.59266666571295 119.11519999802113 10
    endloop
  endfacet
  facet normal 0.8066506129933927 -0.5910285852286534 0
    outer loop
      vertex 259.79062585035956 87.28194285929203 0
      vertex 260.9125278914968 88.81314285844564 0
      vertex 260.9125278914968 88.81314285844564 10
    endloop
  endfacet
  facet normal 0.8066506129933927 -0.5910285852286534 0
    outer loop
      vertex 259.79062585035956 87.28194285929203 0
      vertex 260.9125278914968 88.81314285844564 10
      vertex 259.79062585035956 87.28194285929203 10
    endloop
  endfacet
  facet normal 0.7313116967706285 0.6820434019668136 0
    outer loop
      vertex 260.59266666571295 119.11519999802113 0
      vertex 260.59266666571295 119.11519999802113 10
      vertex 262.0609768728415 117.54082448780537 0
    endloop
  endfacet
  facet normal 0 0 -1
    outer loop
      vertex 260.59266666571295 119.11519999802113 0
      vertex 262.0609768728415 117.54082448780537 0
      vertex 263.3033931950728 115.79369796067476 0
    endloop
  endfacet
  facet normal 0.7313116967706285 0.6820434019668136 0
    outer loop
      vertex 260.59266666571295 119.11519999802113 10
      vertex 262.0609768728415 117.54082448780537 10
      vertex 262.0609768728415 117.54082448780537 0
    endloop
  endfacet
  facet normal 0.8304431537309288 -0.5571033731915729 0
    outer loop
      vertex 260.9125278914968 88.81314285844564 0
      vertex 261.95307483027375 90.36422856897116 0
      vertex 261.95307483027375 90.36422856897116 10
    endloop
  endfacet
  facet normal 0.8304431537309288 -0.5571033731915729 0
    outer loop
      vertex 260.9125278914968 88.81314285844564 0
      vertex 261.95307483027375 90.36422856897116 10
      vertex 260.9125278914968 88.81314285844564 10
    endloop
  endfacet
  facet normal -0.6781951289451779 0.7348818728714388 0
    outer loop
      vertex 261.87705850104487 71.52829387784004 0
      vertex 261.87705850104487 71.52829387784004 10
      vertex 264.71853605161107 74.15058775246143 0
    endloop
  endfacet
  facet normal 0 0 -1
    outer loop
      vertex 261.87705850104487 71.52829387784004 0
      vertex 264.71853605161107 74.15058775246143 0
      vertex 291.0134666661421 49.45759999752045 0
    endloop
  endfacet
  facet normal -0.6781951289451779 0.7348818728714388 0
    outer loop
      vertex 261.87705850104487 71.52829387784004 10
      vertex 264.71853605161107 74.15058775246143 10
      vertex 264.71853605161107 74.15058775246143 0
    endloop
  endfacet
  facet normal 0 0 1
    outer loop
      vertex 261.87705850104487 71.52829387784004 10
      vertex 282.97146666298306 32.45000000298023 10
      vertex 264.71853605161107 74.15058775246143 10
    endloop
  endfacet
  facet normal 0.8534863356221037 -0.5211152222938359 0
    outer loop
      vertex 261.95307483027375 90.36422856897116 0
      vertex 262.91226666669047 91.93519999831915 0
      vertex 262.91226666669047 91.93519999831915 10
    endloop
  endfacet
  facet normal 0.8534863356221037 -0.5211152222938359 0
    outer loop
      vertex 261.95307483027375 90.36422856897116 0
      vertex 262.91226666669047 91.93519999831915 10
      vertex 261.95307483027375 90.36422856897116 10
    endloop
  endfacet
  facet normal 0.8149519680181322 0.5795285064803742 0
    outer loop
      vertex 262.0609768728415 117.54082448780537 0
      vertex 262.0609768728415 117.54082448780537 10
      vertex 263.3033931950728 115.79369796067476 0
    endloop
  endfacet
  facet normal 0.8149519680181322 0.5795285064803742 0
    outer loop
      vertex 262.0609768728415 117.54082448780537 10
      vertex 263.3033931950728 115.79369796067476 10
      vertex 263.3033931950728 115.79369796067476 0
    endloop
  endfacet
  facet normal -0.3963018476414835 -0.9181202783709477 0
    outer loop
      vertex 262.4049115652839 133.69603265076876 0
      vertex 265.88481360177195 132.19395101815462 0
      vertex 265.88481360177195 132.19395101815462 10
    endloop
  endfacet
  facet normal -0.3963018476414835 -0.9181202783709477 0
    outer loop
      vertex 262.4049115652839 133.69603265076876 0
      vertex 265.88481360177195 132.19395101815462 10
      vertex 262.4049115652839 133.69603265076876 10
    endloop
  endfacet
  facet normal 0 0 -1
    outer loop
      vertex 262.4049115652839 133.69603265076876 0
      vertex 465 250 0
      vertex 265.88481360177195 132.19395101815462 0
    endloop
  endfacet
  facet normal 0 0 1
    outer loop
      vertex 262.4049115652839 133.69603265076876 10
      vertex 265.88481360177195 132.19395101815462 10
      vertex 332.0509128066773 198.0531154573751 10
    endloop
  endfacet
  facet normal 0 0 1
    outer loop
      vertex 262.4049115652839 133.69603265076876 10
      vertex 329.5421196841165 200.31204293123542 10
      vertex 329.27402079028803 201.13716648310628 10
    endloop
  endfacet
  facet normal 0 0 1
    outer loop
      vertex 262.4049115652839 133.69603265076876 10
      vertex 329.9759128066773 199.56069120298625 10
      vertex 329.5421196841165 200.31204293123542 10
    endloop
  endfacet
  facet normal 0 0 1
    outer loop
      vertex 262.4049115652839 133.69603265076876 10
      vertex 330.5564413169441 198.91594897426882 10
      vertex 329.9759128066773 199.56069120298625 10
    endloop
  endfacet
  facet normal 0 0 1
    outer loop
      vertex 262.4049115652839 133.69603265076876 10
      vertex 331.2583333333333 198.40599457429457 10
      vertex 330.5564413169441 198.91594897426882 10
    endloop
  endfacet
  facet normal 0 0 1
    outer loop
      vertex 262.4049115652839 133.69603265076876 10
      vertex 332.0509128066773 198.0531154573751 10
      vertex 331.2583333333333 198.40599457429457 10
    endloop
  endfacet
  facet normal 0.8837957586772276 -0.46787290682849314 0
    outer loop
      vertex 262.91226666669047 91.93519999831915 0
      vertex 263.76517278949416 93.54631020128727 0
      vertex 263.76517278949416 93.54631020128727 10
    endloop
  endfacet
  facet normal 0.8837957586772276 -0.46787290682849314 0
    outer loop
      vertex 262.91226666669047 91.93519999831915 0
      vertex 263.76517278949416 93.54631020128727 10
      vertex 262.91226666669047 91.93519999831915 10
    endloop
  endfacet
  facet normal 0.8837657034484392 0.4679296757080976 0
    outer loop
      vertex 263.3033931950728 115.79369796067476 0
      vertex 263.3033931950728 115.79369796067476 10
      vertex 264.319915647308 113.87382040917873 0
    endloop
  endfacet
  facet normal 0.8837657034484392 0.4679296757080976 0
    outer loop
      vertex 263.3033931950728 115.79369796067476 10
      vertex 264.319915647308 113.87382040917873 10
      vertex 264.319915647308 113.87382040917873 0
    endloop
  endfacet
  facet normal 0.9180221689444953 -0.39652906239826163 0
    outer loop
      vertex 263.76517278949416 93.54631020128727 0
      vertex 264.48686258743203 95.21712653338909 0
      vertex 264.48686258743203 95.21712653338909 10
    endloop
  endfacet
  facet normal 0.9180221689444953 -0.39652906239826163 0
    outer loop
      vertex 263.76517278949416 93.54631020128727 0
      vertex 264.48686258743203 95.21712653338909 10
      vertex 263.76517278949416 93.54631020128727 10
    endloop
  endfacet
  facet normal 0.9354602711703522 0.35343186197892656 0
    outer loop
      vertex 264.319915647308 113.87382040917873 0
      vertex 264.319915647308 113.87382040917873 10
      vertex 265.110544214646 111.78119183331728 0
    endloop
  endfacet
  facet normal 0.9354602711703522 0.35343186197892656 0
    outer loop
      vertex 264.319915647308 113.87382040917873 10
      vertex 265.110544214646 111.78119183331728 10
      vertex 265.110544214646 111.78119183331728 0
    endloop
  endfacet
  facet normal 0.9464228578400536 -0.3229299833677038 0
    outer loop
      vertex 264.48686258743203 95.21712653338909 0
      vertex 265.0773360530535 96.94764897972345 0
      vertex 265.0773360530535 96.94764897972345 10
    endloop
  endfacet
  facet normal 0.9464228578400536 -0.3229299833677038 0
    outer loop
      vertex 264.48686258743203 95.21712653338909 0
      vertex 265.0773360530535 96.94764897972345 10
      vertex 264.48686258743203 95.21712653338909 10
    endloop
  endfacet
  facet normal -0.6970948425708835 0.7169789260927235 0
    outer loop
      vertex 264.71853605161107 74.15058775246143 0
      vertex 264.71853605161107 74.15058775246143 10
      vertex 267.1116054455439 76.47728979587555 0
    endloop
  endfacet
  facet normal 0 0 -1
    outer loop
      vertex 264.71853605161107 74.15058775246143 0
      vertex 267.1116054455439 76.47728979587555 0
      vertex 291.0134666661421 49.45759999752045 0
    endloop
  endfacet
  facet normal -0.6970948425708835 0.7169789260927235 0
    outer loop
      vertex 264.71853605161107 74.15058775246143 10
      vertex 267.1116054455439 76.47728979587555 10
      vertex 267.1116054455439 76.47728979587555 0
    endloop
  endfacet
  facet normal 0 0 1
    outer loop
      vertex 264.71853605161107 74.15058775246143 10
      vertex 282.97146666298306 32.45000000298023 10
      vertex 267.1116054455439 76.47728979587555 10
    endloop
  endfacet
  facet normal 0.9686346770579147 -0.2484891595239303 0
    outer loop
      vertex 265.0773360530535 96.94764897972345 0
      vertex 265.53659319380915 98.73787754774094 0
      vertex 265.53659319380915 98.73787754774094 10
    endloop
  endfacet
  facet normal 0.9686346770579147 -0.2484891595239303 0
    outer loop
      vertex 265.0773360530535 96.94764897972345 0
      vertex 265.53659319380915 98.73787754774094 10
      vertex 265.0773360530535 96.94764897972345 10
    endloop
  endfacet
  facet normal 0.9703045602665518 0.24188646164251018 0
    outer loop
      vertex 265.110544214646 111.78119183331728 0
      vertex 265.110544214646 111.78119183331728 10
      vertex 265.6752789119879 109.51581224799156 0
    endloop
  endfacet
  facet normal 0.9703045602665518 0.24188646164251018 0
    outer loop
      vertex 265.110544214646 111.78119183331728 10
      vertex 265.6752789119879 109.51581224799156 10
      vertex 265.6752789119879 109.51581224799156 0
    endloop
  endfacet
  facet normal 0.9846391366167626 -0.17460174868138176 0
    outer loop
      vertex 265.53659319380915 98.73787754774094 0
      vertex 265.86463401714957 100.58781224489212 0
      vertex 265.86463401714957 100.58781224489212 10
    endloop
  endfacet
  facet normal 0.9846391366167626 -0.17460174868138176 0
    outer loop
      vertex 265.53659319380915 98.73787754774094 0
      vertex 265.86463401714957 100.58781224489212 10
      vertex 265.53659319380915 98.73787754774094 10
    endloop
  endfacet
  facet normal 0.9904805586323857 0.13765268966234234 0
    outer loop
      vertex 265.6752789119879 109.51581224799156 0
      vertex 265.6752789119879 109.51581224799156 10
      vertex 266.0141197244326 107.07768163084984 0
    endloop
  endfacet
  facet normal 0.9904805586323857 0.13765268966234234 0
    outer loop
      vertex 265.6752789119879 109.51581224799156 10
      vertex 266.0141197244326 107.07768163084984 10
      vertex 266.0141197244326 107.07768163084984 0
    endloop
  endfacet
  facet normal 0.9947303544092156 -0.10252571393029256 0
    outer loop
      vertex 265.86463401714957 100.58781224489212 0
      vertex 266.061458500723 102.49745306372643 0
      vertex 266.061458500723 102.49745306372643 10
    endloop
  endfacet
  facet normal 0.9947303544092156 -0.10252571393029256 0
    outer loop
      vertex 265.86463401714957 100.58781224489212 0
      vertex 266.061458500723 102.49745306372643 10
      vertex 265.86463401714957 100.58781224489212 10
    endloop
  endfacet
  facet normal -0.503214776405456 -0.8641613789143825 0
    outer loop
      vertex 265.88481360177195 132.19395101815462 0
      vertex 269.03753197441495 130.35807347297668 0
      vertex 269.03753197441495 130.35807347297668 10
    endloop
  endfacet
  facet normal -0.503214776405456 -0.8641613789143825 0
    outer loop
      vertex 265.88481360177195 132.19395101815462 0
      vertex 269.03753197441495 130.35807347297668 10
      vertex 265.88481360177195 132.19395101815462 10
    endloop
  endfacet
  facet normal 0 0 -1
    outer loop
      vertex 265.88481360177195 132.19395101815462 0
      vertex 465 250 0
      vertex 269.03753197441495 130.35807347297668 0
    endloop
  endfacet
  facet normal 0 0 1
    outer loop
      vertex 265.88481360177195 132.19395101815462 10
      vertex 269.03753197441495 130.35807347297668 10
      vertex 332.0509128066773 198.0531154573751 10
    endloop
  endfacet
  facet normal 0.9990655941421952 0.04321965526589094 0
    outer loop
      vertex 266.0141197244326 107.07768163084984 0
      vertex 266.0141197244326 107.07768163084984 10
      vertex 266.1270666668812 104.46679999679327 0
    endloop
  endfacet
  facet normal 0.9990655941421952 0.04321965526589094 0
    outer loop
      vertex 266.0141197244326 107.07768163084984 10
      vertex 266.1270666668812 104.46679999679327 10
      vertex 266.1270666668812 104.46679999679327 0
    endloop
  endfacet
  facet normal 0.9994455274936728 -0.03329620958748986 0
    outer loop
      vertex 266.061458500723 102.49745306372643 0
      vertex 266.1270666668812 104.46679999679327 0
      vertex 266.1270666668812 104.46679999679327 10
    endloop
  endfacet
  facet normal 0.9994455274936728 -0.03329620958748986 0
    outer loop
      vertex 266.061458500723 102.49745306372643 0
      vertex 266.1270666668812 104.46679999679327 10
      vertex 266.061458500723 102.49745306372643 10
    endloop
  endfacet
  facet normal -0.7223113429468754 0.6915680182384676 0
    outer loop
      vertex 267.1116054455439 76.47728979587555 0
      vertex 267.1116054455439 76.47728979587555 10
      vertex 269.05626666794217 78.50840000063181 0
    endloop
  endfacet
  facet normal 0 0 -1
    outer loop
      vertex 267.1116054455439 76.47728979587555 0
      vertex 269.05626666794217 78.50840000063181 0
      vertex 291.0134666661421 49.45759999752045 0
    endloop
  endfacet
  facet normal -0.7223113429468754 0.6915680182384676 0
    outer loop
      vertex 267.1116054455439 76.47728979587555 10
      vertex 269.05626666794217 78.50840000063181 10
      vertex 269.05626666794217 78.50840000063181 0
    endloop
  endfacet
  facet normal 0 0 1
    outer loop
      vertex 267.1116054455439 76.47728979587555 10
      vertex 282.97146666298306 32.45000000298023 10
      vertex 269.05626666794217 78.50840000063181 10
    endloop
  endfacet
  facet normal -0.6090377957949926 -0.7931412000981772 0
    outer loop
      vertex 269.03753197441495 130.35807347297668 0
      vertex 271.8630666683117 128.1884000003338 0
      vertex 271.8630666683117 128.1884000003338 10
    endloop
  endfacet
  facet normal -0.6090377957949926 -0.7931412000981772 0
    outer loop
      vertex 269.03753197441495 130.35807347297668 0
      vertex 271.8630666683117 128.1884000003338 10
      vertex 269.03753197441495 130.35807347297668 10
    endloop
  endfacet
  facet normal 0 0 -1
    outer loop
      vertex 269.03753197441495 130.35807347297668 0
      vertex 465 250 0
      vertex 271.8630666683117 128.1884000003338 0
    endloop
  endfacet
  facet normal 0 0 1
    outer loop
      vertex 269.03753197441495 130.35807347297668 10
      vertex 271.8630666683117 128.1884000003338 10
      vertex 332.0509128066773 198.0531154573751 10
    endloop
  endfacet
  facet normal -0.7502138119735886 0.6611953087583555 0
    outer loop
      vertex 269.05626666794217 78.50840000063181 0
      vertex 269.05626666794217 78.50840000063181 10
      vertex 270.7161115656296 80.39171428233385 0
    endloop
  endfacet
  facet normal 0 0 -1
    outer loop
      vertex 269.05626666794217 78.50840000063181 0
      vertex 270.7161115656296 80.39171428233385 0
      vertex 291.0134666661421 49.45759999752045 0
    endloop
  endfacet
  facet normal -0.7502138119735886 0.6611953087583555 0
    outer loop
      vertex 269.05626666794217 78.50840000063181 10
      vertex 270.7161115656296 80.39171428233385 10
      vertex 270.7161115656296 80.39171428233385 0
    endloop
  endfacet
  facet normal 0 0 1
    outer loop
      vertex 269.05626666794217 78.50840000063181 10
      vertex 282.97146666298306 32.45000000298023 10
      vertex 291.0134666661421 49.45759999752045 10
    endloop
  endfacet
  facet normal 0 0 1
    outer loop
      vertex 269.05626666794217 78.50840000063181 10
      vertex 291.0134666661421 49.45759999752045 10
      vertex 306.1502666647235 50.8412000015378 10
    endloop
  endfacet
  facet normal 0 0 1
    outer loop
      vertex 269.05626666794217 78.50840000063181 10
      vertex 306.1502666647235 50.8412000015378 10
      vertex 318.5186666647593 71.99840000271797 10
    endloop
  endfacet
  facet normal 0 0 1
    outer loop
      vertex 269.05626666794217 78.50840000063181 10
      vertex 318.5186666647593 71.99840000271797 10
      vertex 270.7161115656296 80.39171428233385 10
    endloop
  endfacet
  facet normal -0.7744151903352219 0.6326777323235441 0
    outer loop
      vertex 270.7161115656296 80.39171428233385 0
      vertex 270.7161115656296 80.39171428233385 10
      vertex 272.2547319705287 82.27502857148647 0
    endloop
  endfacet
  facet normal 0 0 -1
    outer loop
      vertex 270.7161115656296 80.39171428233385 0
      vertex 272.2547319705287 82.27502857148647 0
      vertex 291.0134666661421 49.45759999752045 0
    endloop
  endfacet
  facet normal -0.7744151903352219 0.6326777323235441 0
    outer loop
      vertex 270.7161115656296 80.39171428233385 10
      vertex 272.2547319705287 82.27502857148647 10
      vertex 272.2547319705287 82.27502857148647 0
    endloop
  endfacet
  facet normal 0 0 1
    outer loop
      vertex 270.7161115656296 80.39171428233385 10
      vertex 318.5186666647593 71.99840000271797 10
      vertex 272.2547319705287 82.27502857148647 10
    endloop
  endfacet
  facet normal -0.7077922608786438 -0.706420636335249 0
    outer loop
      vertex 271.8630666683117 128.1884000003338 0
      vertex 274.33518911401427 125.71147754788399 0
      vertex 274.33518911401427 125.71147754788399 10
    endloop
  endfacet
  facet normal -0.7077922608786438 -0.706420636335249 0
    outer loop
      vertex 271.8630666683117 128.1884000003338 0
      vertex 274.33518911401427 125.71147754788399 10
      vertex 271.8630666683117 128.1884000003338 10
    endloop
  endfacet
  facet normal 0 0 -1
    outer loop
      vertex 271.8630666683117 128.1884000003338 0
      vertex 465 250 0
      vertex 274.33518911401427 125.71147754788399 0
    endloop
  endfacet
  facet normal 0 0 1
    outer loop
      vertex 271.8630666683117 128.1884000003338 10
      vertex 274.33518911401427 125.71147754788399 10
      vertex 332.89954021077256 197.87273413422167 10
    endloop
  endfacet
  facet normal 0 0 1
    outer loop
      vertex 271.8630666683117 128.1884000003338 10
      vertex 332.89954021077256 197.87273413422167 10
      vertex 332.0509128066773 198.0531154573751 10
    endloop
  endfacet
  facet normal -0.798998971784732 0.6013323898535161 0
    outer loop
      vertex 272.2547319705287 82.27502857148647 0
      vertex 272.2547319705287 82.27502857148647 10
      vertex 273.6721278900901 84.1583428606391 0
    endloop
  endfacet
  facet normal 0 0 -1
    outer loop
      vertex 272.2547319705287 82.27502857148647 0
      vertex 273.6721278900901 84.1583428606391 0
      vertex 291.0134666661421 49.45759999752045 0
    endloop
  endfacet
  facet normal -0.798998971784732 0.6013323898535161 0
    outer loop
      vertex 272.2547319705287 82.27502857148647 10
      vertex 273.6721278900901 84.1583428606391 10
      vertex 273.6721278900901 84.1583428606391 0
    endloop
  endfacet
  facet normal 0 0 1
    outer loop
      vertex 272.2547319705287 82.27502857148647 10
      vertex 318.5186666647593 71.99840000271797 10
      vertex 273.6721278900901 84.1583428606391 10
    endloop
  endfacet
  facet normal -0.8237574038963793 0.5669424481602143 0
    outer loop
      vertex 273.6721278900901 84.1583428606391 0
      vertex 273.6721278900901 84.1583428606391 10
      vertex 274.9682993168632 86.04165714234114 0
    endloop
  endfacet
  facet normal 0 0 -1
    outer loop
      vertex 273.6721278900901 84.1583428606391 0
      vertex 274.9682993168632 86.04165714234114 0
      vertex 306.1502666647235 50.8412000015378 0
    endloop
  endfacet
  facet normal 0 0 -1
    outer loop
      vertex 273.6721278900901 84.1583428606391 0
      vertex 306.1502666647235 50.8412000015378 0
      vertex 291.0134666661421 49.45759999752045 0
    endloop
  endfacet
  facet normal -0.8237574038963793 0.5669424481602143 0
    outer loop
      vertex 273.6721278900901 84.1583428606391 10
      vertex 274.9682993168632 86.04165714234114 10
      vertex 274.9682993168632 86.04165714234114 0
    endloop
  endfacet
  facet normal 0 0 1
    outer loop
      vertex 273.6721278900901 84.1583428606391 10
      vertex 318.5186666647593 71.99840000271797 10
      vertex 274.9682993168632 86.04165714234114 10
    endloop
  endfacet
  facet normal -0.7967184068790187 -0.6043507095554355 0
    outer loop
      vertex 274.33518911401427 125.71147754788399 0
      vertex 276.42698503533995 122.95385306328535 0
      vertex 276.42698503533995 122.95385306328535 10
    endloop
  endfacet
  facet normal -0.7967184068790187 -0.6043507095554355 0
    outer loop
      vertex 274.33518911401427 125.71147754788399 0
      vertex 276.42698503533995 122.95385306328535 10
      vertex 274.33518911401427 125.71147754788399 10
    endloop
  endfacet
  facet normal 0 0 -1
    outer loop
      vertex 274.33518911401427 125.71147754788399 0
      vertex 465 250 0
      vertex 276.42698503533995 122.95385306328535 0
    endloop
  endfacet
  facet normal 0 0 1
    outer loop
      vertex 274.33518911401427 125.71147754788399 10
      vertex 276.42698503533995 122.95385306328535 10
      vertex 332.89954021077256 197.87273413422167 10
    endloop
  endfacet
  facet normal -0.8484281716307713 0.5293105303914388 0
    outer loop
      vertex 274.9682993168632 86.04165714234114 0
      vertex 274.9682993168632 86.04165714234114 10
      vertex 276.1432462582985 87.92497143149376 0
    endloop
  endfacet
  facet normal 0 0 -1
    outer loop
      vertex 274.9682993168632 86.04165714234114 0
      vertex 276.1432462582985 87.92497143149376 0
      vertex 306.1502666647235 50.8412000015378 0
    endloop
  endfacet
  facet normal -0.8484281716307713 0.5293105303914388 0
    outer loop
      vertex 274.9682993168632 86.04165714234114 10
      vertex 276.1432462582985 87.92497143149376 10
      vertex 276.1432462582985 87.92497143149376 0
    endloop
  endfacet
  facet normal 0 0 1
    outer loop
      vertex 274.9682993168632 86.04165714234114 10
      vertex 318.5186666647593 71.99840000271797 10
      vertex 276.1432462582985 87.92497143149376 10
    endloop
  endfacet
  facet normal -0.8726903701590949 0.4882740192060005 0
    outer loop
      vertex 276.1432462582985 87.92497143149376 0
      vertex 276.1432462582985 87.92497143149376 10
      vertex 277.19696870694554 89.8082857131958 0
    endloop
  endfacet
  facet normal 0 0 -1
    outer loop
      vertex 276.1432462582985 87.92497143149376 0
      vertex 277.19696870694554 89.8082857131958 0
      vertex 306.1502666647235 50.8412000015378 0
    endloop
  endfacet
  facet normal -0.8726903701590949 0.4882740192060005 0
    outer loop
      vertex 276.1432462582985 87.92497143149376 10
      vertex 277.19696870694554 89.8082857131958 10
      vertex 277.19696870694554 89.8082857131958 0
    endloop
  endfacet
  facet normal 0 0 1
    outer loop
      vertex 276.1432462582985 87.92497143149376 10
      vertex 318.5186666647593 71.99840000271797 10
      vertex 318.5186666647593 84.69319999963045 10
    endloop
  endfacet
  facet normal 0 0 1
    outer loop
      vertex 276.1432462582985 87.92497143149376 10
      vertex 318.5186666647593 84.69319999963045 10
      vertex 277.19696870694554 89.8082857131958 10
    endloop
  endfacet
  facet normal -0.8712799848071695 -0.49078629572800686 0
    outer loop
      vertex 276.42698503533995 122.95385306328535 0
      vertex 278.1384544248382 119.91552653163671 0
      vertex 278.1384544248382 119.91552653163671 10
    endloop
  endfacet
  facet normal -0.8712799848071695 -0.49078629572800686 0
    outer loop
      vertex 276.42698503533995 122.95385306328535 0
      vertex 278.1384544248382 119.91552653163671 10
      vertex 276.42698503533995 122.95385306328535 10
    endloop
  endfacet
  facet normal 0 0 -1
    outer loop
      vertex 276.42698503533995 122.95385306328535 0
      vertex 465 250 0
      vertex 278.1384544248382 119.91552653163671 0
    endloop
  endfacet
  facet normal 0 0 1
    outer loop
      vertex 276.42698503533995 122.95385306328535 10
      vertex 278.1384544248382 119.91552653163671 10
      vertex 333.7671264558941 197.87273413422167 10
    endloop
  endfacet
  facet normal 0 0 1
    outer loop
      vertex 276.42698503533995 122.95385306328535 10
      vertex 333.7671264558941 197.87273413422167 10
      vertex 332.89954021077256 197.87273413422167 10
    endloop
  endfacet
  facet normal -0.8961637315053713 0.44372352465738035 0
    outer loop
      vertex 277.19696870694554 89.8082857131958 0
      vertex 277.19696870694554 89.8082857131958 10
      vertex 278.1294666702548 91.69160000234842 0
    endloop
  endfacet
  facet normal 0 0 -1
    outer loop
      vertex 277.19696870694554 89.8082857131958 0
      vertex 278.1294666702548 91.69160000234842 0
      vertex 306.1502666647235 50.8412000015378 0
    endloop
  endfacet
  facet normal -0.8961637315053713 0.44372352465738035 0
    outer loop
      vertex 277.19696870694554 89.8082857131958 10
      vertex 278.1294666702548 91.69160000234842 10
      vertex 278.1294666702548 91.69160000234842 0
    endloop
  endfacet
  facet normal 0 0 1
    outer loop
      vertex 277.19696870694554 89.8082857131958 10
      vertex 318.5186666647593 84.69319999963045 10
      vertex 278.1294666702548 91.69160000234842 10
    endloop
  endfacet
  facet normal -0.9188323028807682 0.3946481967307391 0
    outer loop
      vertex 278.1294666702548 91.69160000234842 0
      vertex 278.1294666702548 91.69160000234842 10
      vertex 278.93907483170426 93.57655510306358 0
    endloop
  endfacet
  facet normal 0 0 -1
    outer loop
      vertex 278.1294666702548 91.69160000234842 0
      vertex 278.93907483170426 93.57655510306358 0
      vertex 306.1502666647235 50.8412000015378 0
    endloop
  endfacet
  facet normal -0.9188323028807682 0.3946481967307391 0
    outer loop
      vertex 278.1294666702548 91.69160000234842 10
      vertex 278.93907483170426 93.57655510306358 10
      vertex 278.93907483170426 93.57655510306358 0
    endloop
  endfacet
  facet normal 0 0 1
    outer loop
      vertex 278.1294666702548 91.69160000234842 10
      vertex 318.5186666647593 84.69319999963045 10
      vertex 278.93907483170426 93.57655510306358 10
    endloop
  endfacet
  facet normal -0.9281357724441409 -0.3722418406218167 0
    outer loop
      vertex 278.1384544248382 119.91552653163671 0
      vertex 279.46959728250897 116.59649796038866 0
      vertex 279.46959728250897 116.59649796038866 10
    endloop
  endfacet
  facet normal -0.9281357724441409 -0.3722418406218167 0
    outer loop
      vertex 278.1384544248382 119.91552653163671 0
      vertex 279.46959728250897 116.59649796038866 10
      vertex 278.1384544248382 119.91552653163671 10
    endloop
  endfacet
  facet normal 0 0 -1
    outer loop
      vertex 278.1384544248382 119.91552653163671 0
      vertex 465 250 0
      vertex 279.46959728250897 116.59649796038866 0
    endloop
  endfacet
  facet normal 0 0 1
    outer loop
      vertex 278.1384544248382 119.91552653163671 10
      vertex 279.46959728250897 116.59649796038866 10
      vertex 333.7671264558941 197.87273413422167 10
    endloop
  endfacet
  facet normal -0.9400455523722868 0.34104891066397197 0
    outer loop
      vertex 278.93907483170426 93.57655510306358 0
      vertex 278.93907483170426 93.57655510306358 10
      vertex 279.6241278896729 95.4647918343544 0
    endloop
  endfacet
  facet normal 0 0 -1
    outer loop
      vertex 278.93907483170426 93.57655510306358 0
      vertex 279.6241278896729 95.4647918343544 0
      vertex 306.1502666647235 50.8412000015378 0
    endloop
  endfacet
  facet normal -0.9400455523722868 0.34104891066397197 0
    outer loop
      vertex 278.93907483170426 93.57655510306358 10
      vertex 279.6241278896729 95.4647918343544 10
      vertex 279.6241278896729 95.4647918343544 0
    endloop
  endfacet
  facet normal 0 0 1
    outer loop
      vertex 278.93907483170426 93.57655510306358 10
      vertex 318.5186666647593 84.69319999963045 10
      vertex 279.6241278896729 95.4647918343544 10
    endloop
  endfacet
  facet normal -0.9668415300851079 -0.25537708531246023 0
    outer loop
      vertex 279.46959728250897 116.59649796038866 0
      vertex 280.4204136083523 112.99676734954119 0
      vertex 280.4204136083523 112.99676734954119 10
    endloop
  endfacet
  facet normal -0.9668415300851079 -0.25537708531246023 0
    outer loop
      vertex 279.46959728250897 116.59649796038866 0
      vertex 280.4204136083523 112.99676734954119 10
      vertex 279.46959728250897 116.59649796038866 10
    endloop
  endfacet
  facet normal 0 0 -1
    outer loop
      vertex 279.46959728250897 116.59649796038866 0
      vertex 465 250 0
      vertex 280.4204136083523 112.99676734954119 0
    endloop
  endfacet
  facet normal 0 0 1
    outer loop
      vertex 279.46959728250897 116.59649796038866 10
      vertex 280.4204136083523 112.99676734954119 10
      vertex 334.61575385998935 198.0531154573751 10
    endloop
  endfacet
  facet normal 0 0 1
    outer loop
      vertex 279.46959728250897 116.59649796038866 10
      vertex 334.61575385998935 198.0531154573751 10
      vertex 333.7671264558941 197.87273413422167 10
    endloop
  endfacet
  facet normal -0.9587914748471223 0.2841107315123452 0
    outer loop
      vertex 279.6241278896729 95.4647918343544 0
      vertex 279.6241278896729 95.4647918343544 10
      vertex 280.18462585161126 97.35631020367146 0
    endloop
  endfacet
  facet normal 0 0 -1
    outer loop
      vertex 279.6241278896729 95.4647918343544 0
      vertex 280.18462585161126 97.35631020367146 0
      vertex 306.1502666647235 50.8412000015378 0
    endloop
  endfacet
  facet normal -0.9587914748471223 0.2841107315123452 0
    outer loop
      vertex 279.6241278896729 95.4647918343544 10
      vertex 280.18462585161126 97.35631020367146 10
      vertex 280.18462585161126 97.35631020367146 0
    endloop
  endfacet
  facet normal 0 0 1
    outer loop
      vertex 279.6241278896729 95.4647918343544 10
      vertex 318.5186666647593 84.69319999963045 10
      vertex 280.18462585161126 97.35631020367146 10
    endloop
  endfacet
  facet normal -0.9745395833695105 0.22421552231275327 0
    outer loop
      vertex 280.18462585161126 97.35631020367146 0
      vertex 280.18462585161126 97.35631020367146 10
      vertex 280.6205687100688 99.25111020356417 0
    endloop
  endfacet
  facet normal 0 0 -1
    outer loop
      vertex 280.18462585161126 97.35631020367146 0
      vertex 280.6205687100688 99.25111020356417 0
      vertex 306.1502666647235 50.8412000015378 0
    endloop
  endfacet
  facet normal -0.9745395833695105 0.22421552231275327 0
    outer loop
      vertex 280.18462585161126 97.35631020367146 10
      vertex 280.6205687100688 99.25111020356417 10
      vertex 280.6205687100688 99.25111020356417 0
    endloop
  endfacet
  facet normal 0 0 1
    outer loop
      vertex 280.18462585161126 97.35631020367146 10
      vertex 318.5186666647593 84.69319999963045 10
      vertex 280.6205687100688 99.25111020356417 10
    endloop
  endfacet
  facet normal -0.9893650825417005 -0.14545354394876064 0
    outer loop
      vertex 280.4204136083523 112.99676734954119 0
      vertex 280.8007401376962 110.40981224427621 10
      vertex 280.4204136083523 112.99676734954119 10
    endloop
  endfacet
  facet normal -0.9893650825416995 -0.1454535439487675 -1.800295406274675e-15
    outer loop
      vertex 280.4204136083523 112.99676734954119 0
      vertex 280.9909034023682 109.11633469164371 0
      vertex 280.8007401376962 110.40981224427621 10
    endloop
  endfacet
  facet normal 0 0 -1
    outer loop
      vertex 280.4204136083523 112.99676734954119 0
      vertex 292.9670666630069 106.50199999660254 0
      vertex 332.9338993231455 85.12167347222567 0
    endloop
  endfacet
  facet normal 0 0 -1
    outer loop
      vertex 280.4204136083523 112.99676734954119 0
      vertex 293.60387482742465 110.39786122739315 0
      vertex 292.9670666630069 106.50199999660254 0
    endloop
  endfacet
  facet normal 0 0 -1
    outer loop
      vertex 280.4204136083523 112.99676734954119 0
      vertex 294.58447075138486 114.0413306131959 0
      vertex 293.60387482742465 110.39786122739315 0
    endloop
  endfacet
  facet normal 0 0 -1
    outer loop
      vertex 280.4204136083523 112.99676734954119 0
      vertex 295.90885441998637 117.43240816146135 0
      vertex 294.58447075138486 114.0413306131959 0
    endloop
  endfacet
  facet normal 0 0 -1
    outer loop
      vertex 280.4204136083523 112.99676734954119 0
      vertex 297.57702584813035 120.5710938796401 0
      vertex 295.90885441998637 117.43240816146135 0
    endloop
  endfacet
  facet normal 0 0 -1
    outer loop
      vertex 280.4204136083523 112.99676734954119 0
      vertex 299.5889850358168 123.45738775283098 0
      vertex 297.57702584813035 120.5710938796401 0
    endloop
  endfacet
  facet normal 0 0 -1
    outer loop
      vertex 280.4204136083523 112.99676734954119 0
      vertex 301.9447319755951 126.09128979593515 0
      vertex 299.5889850358168 123.45738775283098 0
    endloop
  endfacet
  facet normal 0 0 -1
    outer loop
      vertex 280.4204136083523 112.99676734954119 0
      vertex 304.64426666746533 128.47280000150204 0
      vertex 301.9447319755951 126.09128979593515 0
    endloop
  endfacet
  facet normal 0 0 -1
    outer loop
      vertex 280.4204136083523 112.99676734954119 0
      vertex 306.1502666647235 50.8412000015378 0
      vertex 280.9909034023682 109.11633469164371 0
    endloop
  endfacet
  facet normal 0 0 -1
    outer loop
      vertex 280.4204136083523 112.99676734954119 0
      vertex 318.5186666647593 71.99840000271797 0
      vertex 306.1502666647235 50.8412000015378 0
    endloop
  endfacet
  facet normal 0 0 -1
    outer loop
      vertex 280.4204136083523 112.99676734954119 0
      vertex 318.5186666647593 84.69319999963045 0
      vertex 318.5186666647593 71.99840000271797 0
    endloop
  endfacet
  facet normal 0 0 -1
    outer loop
      vertex 280.4204136083523 112.99676734954119 0
      vertex 326.49386666963494 84.69319999963045 0
      vertex 318.5186666647593 84.69319999963045 0
    endloop
  endfacet
  facet normal 0 0 -1
    outer loop
      vertex 280.4204136083523 112.99676734954119 0
      vertex 329.82433197150624 84.80031836777925 0
      vertex 326.49386666963494 84.69319999963045 0
    endloop
  endfacet
  facet normal 0 0 -1
    outer loop
      vertex 280.4204136083523 112.99676734954119 0
      vertex 332.9338993231455 85.12167347222567 0
      vertex 329.82433197150624 84.80031836777925 0
    endloop
  endfacet
  facet normal 0 0 -1
    outer loop
      vertex 280.4204136083523 112.99676734954119 0
      vertex 465 250 0
      vertex 304.64426666746533 128.47280000150204 0
    endloop
  endfacet
  facet normal 0 0 1
    outer loop
      vertex 280.4204136083523 112.99676734954119 10
      vertex 280.8007401376962 110.40981224427621 10
      vertex 334.61575385998935 198.0531154573751 10
    endloop
  endfacet
  facet normal -0.9868088316813675 0.16188986909518 0
    outer loop
      vertex 280.6205687100688 99.25111020356417 0
      vertex 280.6205687100688 99.25111020356417 10
      vertex 280.9319564650456 101.14919183403254 0
    endloop
  endfacet
  facet normal 0 0 -1
    outer loop
      vertex 280.6205687100688 99.25111020356417 0
      vertex 280.9319564650456 101.14919183403254 0
      vertex 306.1502666647235 50.8412000015378 0
    endloop
  endfacet
  facet normal -0.9868088316813675 0.16188986909518 0
    outer loop
      vertex 280.6205687100688 99.25111020356417 10
      vertex 280.9319564650456 101.14919183403254 10
      vertex 280.9319564650456 101.14919183403254 0
    endloop
  endfacet
  facet normal 0 0 1
    outer loop
      vertex 280.6205687100688 99.25111020356417 10
      vertex 318.5186666647593 84.69319999963045 10
      vertex 280.9319564650456 101.14919183403254 10
    endloop
  endfacet
  facet normal -0.9893650825416974 -0.14545354394878116 0
    outer loop
      vertex 280.8007401376962 110.40981224427621 10
      vertex 280.9909034023682 109.11633469164371 0
      vertex 280.9909034023682 109.11633469164371 10
    endloop
  endfacet
  facet normal 0 0 1
    outer loop
      vertex 280.8007401376962 110.40981224427621 10
      vertex 280.9909034023682 109.11633469164371 10
      vertex 326.49386666963494 84.69319999963045 10
    endloop
  endfacet
  facet normal 0 0 1
    outer loop
      vertex 280.8007401376962 110.40981224427621 10
      vertex 292.9670666630069 106.50199999660254 10
      vertex 293.60387482742465 110.39786122739315 10
    endloop
  endfacet
  facet normal 0 0 1
    outer loop
      vertex 280.8007401376962 110.40981224427621 10
      vertex 293.60387482742465 110.39786122739315 10
      vertex 294.58447075138486 114.0413306131959 10
    endloop
  endfacet
  facet normal 0 0 1
    outer loop
      vertex 280.8007401376962 110.40981224427621 10
      vertex 294.58447075138486 114.0413306131959 10
      vertex 295.90885441998637 117.43240816146135 10
    endloop
  endfacet
  facet normal 0 0 1
    outer loop
      vertex 280.8007401376962 110.40981224427621 10
      vertex 295.90885441998637 117.43240816146135 10
      vertex 297.57702584813035 120.5710938796401 10
    endloop
  endfacet
  facet normal 0 0 1
    outer loop
      vertex 280.8007401376962 110.40981224427621 10
      vertex 297.57702584813035 120.5710938796401 10
      vertex 299.5889850358168 123.45738775283098 10
    endloop
  endfacet
  facet normal 0 0 1
    outer loop
      vertex 280.8007401376962 110.40981224427621 10
      vertex 299.5889850358168 123.45738775283098 10
      vertex 301.9447319755951 126.09128979593515 10
    endloop
  endfacet
  facet normal 0 0 1
    outer loop
      vertex 280.8007401376962 110.40981224427621 10
      vertex 301.9447319755951 126.09128979593515 10
      vertex 304.64426666746533 128.47280000150204 10
    endloop
  endfacet
  facet normal 0 0 1
    outer loop
      vertex 280.8007401376962 110.40981224427621 10
      vertex 304.64426666746533 128.47280000150204 10
      vertex 465 250 10
    endloop
  endfacet
  facet normal 0 0 1
    outer loop
      vertex 280.8007401376962 110.40981224427621 10
      vertex 326.49386666963494 84.69319999963045 10
      vertex 329.82433197150624 84.80031836777925 10
    endloop
  endfacet
  facet normal 0 0 1
    outer loop
      vertex 280.8007401376962 110.40981224427621 10
      vertex 329.82433197150624 84.80031836777925 10
      vertex 332.9338993231455 85.12167347222567 10
    endloop
  endfacet
  facet normal 0 0 1
    outer loop
      vertex 280.8007401376962 110.40981224427621 10
      vertex 332.9338993231455 85.12167347222567 10
      vertex 335.8225687096516 85.6572653055191 10
    endloop
  endfacet
  facet normal 0 0 1
    outer loop
      vertex 280.8007401376962 110.40981224427621 10
      vertex 335.4083333333333 198.40599457429457 10
      vertex 334.61575385998935 198.0531154573751 10
    endloop
  endfacet
  facet normal 0 0 1
    outer loop
      vertex 280.8007401376962 110.40981224427621 10
      vertex 335.8225687096516 85.6572653055191 10
      vertex 338.49034013847506 86.40709387511015 10
    endloop
  endfacet
  facet normal 0 0 1
    outer loop
      vertex 280.8007401376962 110.40981224427621 10
      vertex 336.11022534972255 198.91594897426882 10
      vertex 335.4083333333333 198.40599457429457 10
    endloop
  endfacet
  facet normal 0 0 1
    outer loop
      vertex 280.8007401376962 110.40981224427621 10
      vertex 338.49034013847506 86.40709387511015 10
      vertex 340.93721360216534 87.3711591809988 10
    endloop
  endfacet
  facet normal 0 0 1
    outer loop
      vertex 280.8007401376962 110.40981224427621 10
      vertex 340.93721360216534 87.3711591809988 10
      vertex 343.1631891156236 88.54946122318506 10
    endloop
  endfacet
  facet normal 0 0 1
    outer loop
      vertex 280.8007401376962 110.40981224427621 10
      vertex 343.1631891156236 88.54946122318506 10
      vertex 292.9670666630069 106.50199999660254 10
    endloop
  endfacet
  facet normal 0 0 1
    outer loop
      vertex 280.8007401376962 110.40981224427621 10
      vertex 465 250 10
      vertex 336.11022534972255 198.91594897426882 10
    endloop
  endfacet
  facet normal -0.9952069253774313 0.09779149084046199 0
    outer loop
      vertex 280.9319564650456 101.14919183403254 0
      vertex 280.9319564650456 101.14919183403254 10
      vertex 281.1187891165415 103.05055510252714 0
    endloop
  endfacet
  facet normal 0 0 -1
    outer loop
      vertex 280.9319564650456 101.14919183403254 0
      vertex 281.1187891165415 103.05055510252714 0
      vertex 306.1502666647235 50.8412000015378 0
    endloop
  endfacet
  facet normal -0.9952069253774313 0.09779149084046199 0
    outer loop
      vertex 280.9319564650456 101.14919183403254 10
      vertex 281.1187891165415 103.05055510252714 10
      vertex 281.1187891165415 103.05055510252714 0
    endloop
  endfacet
  facet normal 0 0 1
    outer loop
      vertex 280.9319564650456 101.14919183403254 10
      vertex 318.5186666647593 84.69319999963045 10
      vertex 281.1187891165415 103.05055510252714 10
    endloop
  endfacet
  facet normal -0.9989573943238035 -0.04565221052475923 0
    outer loop
      vertex 280.9909034023682 109.11633469164371 0
      vertex 281.1810666645566 104.9552000015974 0
      vertex 281.1810666645566 104.9552000015974 10
    endloop
  endfacet
  facet normal -0.9989573943238035 -0.04565221052475923 0
    outer loop
      vertex 280.9909034023682 109.11633469164371 0
      vertex 281.1810666645566 104.9552000015974 10
      vertex 280.9909034023682 109.11633469164371 10
    endloop
  endfacet
  facet normal 0 0 -1
    outer loop
      vertex 280.9909034023682 109.11633469164371 0
      vertex 306.1502666647235 50.8412000015378 0
      vertex 281.1810666645566 104.9552000015974 0
    endloop
  endfacet
  facet normal 0 0 1
    outer loop
      vertex 280.9909034023682 109.11633469164371 10
      vertex 281.1810666645566 104.9552000015974 10
      vertex 318.5186666647593 84.69319999963045 10
    endloop
  endfacet
  facet normal 0 0 1
    outer loop
      vertex 280.9909034023682 109.11633469164371 10
      vertex 318.5186666647593 84.69319999963045 10
      vertex 326.49386666963494 84.69319999963045 10
    endloop
  endfacet
  facet normal -0.9994658577789601 0.032680256029711356 0
    outer loop
      vertex 281.1187891165415 103.05055510252714 0
      vertex 281.1187891165415 103.05055510252714 10
      vertex 281.1810666645566 104.9552000015974 0
    endloop
  endfacet
  facet normal 0 0 -1
    outer loop
      vertex 281.1187891165415 103.05055510252714 0
      vertex 281.1810666645566 104.9552000015974 0
      vertex 306.1502666647235 50.8412000015378 0
    endloop
  endfacet
  facet normal -0.9994658577789601 0.032680256029711356 0
    outer loop
      vertex 281.1187891165415 103.05055510252714 10
      vertex 281.1810666645566 104.9552000015974 10
      vertex 281.1810666645566 104.9552000015974 0
    endloop
  endfacet
  facet normal 0 0 1
    outer loop
      vertex 281.1187891165415 103.05055510252714 10
      vertex 318.5186666647593 84.69319999963045 10
      vertex 281.1810666645566 104.9552000015974 10
    endloop
  endfacet
  facet normal -1 0 0
    outer loop
      vertex 282.97146666298306 20 0
      vertex 282.97146666298306 20 10
      vertex 282.97146666298306 32.45000000298023 0
    endloop
  endfacet
  facet normal 0 0 -1
    outer loop
      vertex 282.97146666298306 20 0
      vertex 282.97146666298306 32.45000000298023 0
      vertex 295.99606258670485 34.33897142857313 0
    endloop
  endfacet
  facet normal 0 0 -1
    outer loop
      vertex 282.97146666298306 20 0
      vertex 295.99606258670485 34.33897142857313 0
      vertex 298.10105850050843 31.327314287424088 0
    endloop
  endfacet
  facet normal 0 0 -1
    outer loop
      vertex 282.97146666298306 20 0
      vertex 298.10105850050843 31.327314287424088 0
      vertex 300.5497931937376 28.6228571459651 0
    endloop
  endfacet
  facet normal 0 0 -1
    outer loop
      vertex 282.97146666298306 20 0
      vertex 300.5497931937376 28.6228571459651 0
      vertex 303.34226666639245 26.225599996745586 0
    endloop
  endfacet
  facet normal 0 0 -1
    outer loop
      vertex 282.97146666298306 20 0
      vertex 303.34226666639245 26.225599996745586 0
      vertex 306.45026666919387 24.142204083502293 0
    endloop
  endfacet
  facet normal 0 0 -1
    outer loop
      vertex 282.97146666298306 20 0
      vertex 306.45026666919387 24.142204083502293 0
      vertex 309.84558095286286 22.37933061271906 0
    endloop
  endfacet
  facet normal 0 0 -1
    outer loop
      vertex 282.97146666298306 20 0
      vertex 309.84558095286286 22.37933061271906 0
      vertex 313.52820952485 20.936979591846466 0
    endloop
  endfacet
  facet normal 0 0 -1
    outer loop
      vertex 282.97146666298306 20 0
      vertex 313.52820952485 20.936979591846466 0
      vertex 317.49815237770474 19.815151020884514 0
    endloop
  endfacet
  facet normal 0 0 -1
    outer loop
      vertex 282.97146666298306 20 0
      vertex 317.49815237770474 19.815151020884514 0
      vertex 321.7554095263282 19.013844899833202 0
    endloop
  endfacet
  facet normal -1 0 0
    outer loop
      vertex 282.97146666298306 20 10
      vertex 282.97146666298306 32.45000000298023 10
      vertex 282.97146666298306 32.45000000298023 0
    endloop
  endfacet
  facet normal 0 0 1
    outer loop
      vertex 282.97146666298306 20 10
      vertex 295.99606258670485 34.33897142857313 10
      vertex 282.97146666298306 32.45000000298023 10
    endloop
  endfacet
  facet normal 0 0 1
    outer loop
      vertex 282.97146666298306 20 10
      vertex 298.10105850050843 31.327314287424088 10
      vertex 295.99606258670485 34.33897142857313 10
    endloop
  endfacet
  facet normal 0 0 1
    outer loop
      vertex 282.97146666298306 20 10
      vertex 300.5497931937376 28.6228571459651 10
      vertex 298.10105850050843 31.327314287424088 10
    endloop
  endfacet
  facet normal 0 0 1
    outer loop
      vertex 282.97146666298306 20 10
      vertex 303.34226666639245 26.225599996745586 10
      vertex 300.5497931937376 28.6228571459651 10
    endloop
  endfacet
  facet normal 0 0 1
    outer loop
      vertex 282.97146666298306 20 10
      vertex 306.45026666919387 24.142204083502293 10
      vertex 303.34226666639245 26.225599996745586 10
    endloop
  endfacet
  facet normal 0 0 1
    outer loop
      vertex 282.97146666298306 20 10
      vertex 309.84558095286286 22.37933061271906 10
      vertex 306.45026666919387 24.142204083502293 10
    endloop
  endfacet
  facet normal 0 0 1
    outer loop
      vertex 282.97146666298306 20 10
      vertex 313.52820952485 20.936979591846466 10
      vertex 309.84558095286286 22.37933061271906 10
    endloop
  endfacet
  facet normal 0 0 1
    outer loop
      vertex 282.97146666298306 20 10
      vertex 317.49815237770474 19.815151020884514 10
      vertex 313.52820952485 20.936979591846466 10
    endloop
  endfacet
  facet normal 0 0 -1
    outer loop
      vertex 282.97146666298306 32.45000000298023 0
      vertex 291.74350748459494 45.21714285761118 0
      vertex 292.8172870750228 41.28388571739197 0
    endloop
  endfacet
  facet normal 0 0 -1
    outer loop
      vertex 282.97146666298306 32.45000000298023 0
      vertex 292.8172870750228 41.28388571739197 0
      vertex 294.2348054448763 37.65782856941223 0
    endloop
  endfacet
  facet normal 0 0 -1
    outer loop
      vertex 282.97146666298306 32.45000000298023 0
      vertex 294.2348054448763 37.65782856941223 0
      vertex 295.99606258670485 34.33897142857313 0
    endloop
  endfacet
  facet normal 0 0 1
    outer loop
      vertex 282.97146666298306 32.45000000298023 10
      vertex 291.74350748459494 45.21714285761118 10
      vertex 291.0134666661421 49.45759999752045 10
    endloop
  endfacet
  facet normal 0 0 1
    outer loop
      vertex 282.97146666298306 32.45000000298023 10
      vertex 292.8172870750228 41.28388571739197 10
      vertex 291.74350748459494 45.21714285761118 10
    endloop
  endfacet
  facet normal 0 0 1
    outer loop
      vertex 282.97146666298306 32.45000000298023 10
      vertex 294.2348054448763 37.65782856941223 10
      vertex 292.8172870750228 41.28388571739197 10
    endloop
  endfacet
  facet normal 0 0 1
    outer loop
      vertex 282.97146666298306 32.45000000298023 10
      vertex 295.99606258670485 34.33897142857313 10
      vertex 294.2348054448763 37.65782856941223 10
    endloop
  endfacet
  facet normal 0.9855018195051092 0.16966485715114718 0
    outer loop
      vertex 291.0134666661421 49.45759999752045 0
      vertex 291.0134666661421 49.45759999752045 10
      vertex 291.74350748459494 45.21714285761118 0
    endloop
  endfacet
  facet normal 0.09102689459327044 -0.9958484344822286 0
    outer loop
      vertex 291.0134666661421 49.45759999752045 0
      vertex 306.1502666647235 50.8412000015378 0
      vertex 306.1502666647235 50.8412000015378 10
    endloop
  endfacet
  facet normal 0.09102689459327044 -0.9958484344822286 0
    outer loop
      vertex 291.0134666661421 49.45759999752045 0
      vertex 306.1502666647235 50.8412000015378 10
      vertex 291.0134666661421 49.45759999752045 10
    endloop
  endfacet
  facet normal 0.9855018195051092 0.16966485715114718 0
    outer loop
      vertex 291.0134666661421 49.45759999752045 10
      vertex 291.74350748459494 45.21714285761118 10
      vertex 291.74350748459494 45.21714285761118 0
    endloop
  endfacet
  facet normal 0.9646969790688917 0.26336237122139217 0
    outer loop
      vertex 291.74350748459494 45.21714285761118 0
      vertex 291.74350748459494 45.21714285761118 10
      vertex 292.8172870750228 41.28388571739197 0
    endloop
  endfacet
  facet normal 0.9646969790688917 0.26336237122139217 0
    outer loop
      vertex 291.74350748459494 45.21714285761118 10
      vertex 292.8172870750228 41.28388571739197 10
      vertex 292.8172870750228 41.28388571739197 0
    endloop
  endfacet
  facet normal 0.9313624507592695 0.36409337444629125 0
    outer loop
      vertex 292.8172870750228 41.28388571739197 0
      vertex 292.8172870750228 41.28388571739197 10
      vertex 294.2348054448763 37.65782856941223 0
    endloop
  endfacet
  facet normal 0.9313624507592695 0.36409337444629125 0
    outer loop
      vertex 292.8172870750228 41.28388571739197 10
      vertex 294.2348054448763 37.65782856941223 10
      vertex 294.2348054448763 37.65782856941223 0
    endloop
  endfacet
  facet normal 0.0771685799330266 0.9970180591499435 0
    outer loop
      vertex 292.9670666630069 106.50199999660254 0
      vertex 292.9670666630069 106.50199999660254 10
      vertex 307.6958666692177 105.36200000345707 0
    endloop
  endfacet
  facet normal 0.9869026826607553 -0.16131675349139762 0
    outer loop
      vertex 292.9670666630069 106.50199999660254 0
      vertex 293.60387482742465 110.39786122739315 0
      vertex 293.60387482742465 110.39786122739315 10
    endloop
  endfacet
  facet normal 0.9869026826607553 -0.16131675349139762 0
    outer loop
      vertex 292.9670666630069 106.50199999660254 0
      vertex 293.60387482742465 110.39786122739315 10
      vertex 292.9670666630069 106.50199999660254 10
    endloop
  endfacet
  facet normal 0 0 -1
    outer loop
      vertex 292.9670666630069 106.50199999660254 0
      vertex 307.6958666692177 105.36200000345707 0
      vertex 332.9338993231455 85.12167347222567 0
    endloop
  endfacet
  facet normal 0.0771685799330266 0.9970180591499435 0
    outer loop
      vertex 292.9670666630069 106.50199999660254 10
      vertex 307.6958666692177 105.36200000345707 10
      vertex 307.6958666692177 105.36200000345707 0
    endloop
  endfacet
  facet normal 0 0 1
    outer loop
      vertex 292.9670666630069 106.50199999660254 10
      vertex 343.1631891156236 88.54946122318506 10
      vertex 307.6958666692177 105.36200000345707 10
    endloop
  endfacet
  facet normal 0.9656382522427311 -0.2598899109346178 0
    outer loop
      vertex 293.60387482742465 110.39786122739315 0
      vertex 294.58447075138486 114.0413306131959 0
      vertex 294.58447075138486 114.0413306131959 10
    endloop
  endfacet
  facet normal 0.9656382522427311 -0.2598899109346178 0
    outer loop
      vertex 293.60387482742465 110.39786122739315 0
      vertex 294.58447075138486 114.0413306131959 10
      vertex 293.60387482742465 110.39786122739315 10
    endloop
  endfacet
  facet normal 0.8833235742831493 0.468763760454711 0
    outer loop
      vertex 294.2348054448763 37.65782856941223 0
      vertex 294.2348054448763 37.65782856941223 10
      vertex 295.99606258670485 34.33897142857313 0
    endloop
  endfacet
  facet normal 0.8833235742831493 0.468763760454711 0
    outer loop
      vertex 294.2348054448763 37.65782856941223 10
      vertex 295.99606258670485 34.33897142857313 10
      vertex 295.99606258670485 34.33897142857313 0
    endloop
  endfacet
  facet normal 0.9314811794594704 -0.3637895164965502 0
    outer loop
      vertex 294.58447075138486 114.0413306131959 0
      vertex 295.90885441998637 117.43240816146135 0
      vertex 295.90885441998637 117.43240816146135 10
    endloop
  endfacet
  facet normal 0.9314811794594704 -0.3637895164965502 0
    outer loop
      vertex 294.58447075138486 114.0413306131959 0
      vertex 295.90885441998637 117.43240816146135 10
      vertex 294.58447075138486 114.0413306131959 10
    endloop
  endfacet
  facet normal 0.8830289067199961 -0.46931860169493445 0
    outer loop
      vertex 295.90885441998637 117.43240816146135 0
      vertex 297.57702584813035 120.5710938796401 0
      vertex 297.57702584813035 120.5710938796401 10
    endloop
  endfacet
  facet normal 0.8830289067199961 -0.46931860169493445 0
    outer loop
      vertex 295.90885441998637 117.43240816146135 0
      vertex 297.57702584813035 120.5710938796401 10
      vertex 295.90885441998637 117.43240816146135 10
    endloop
  endfacet
  facet normal 0.8196362697839148 0.5728842686395829 0
    outer loop
      vertex 295.99606258670485 34.33897142857313 0
      vertex 295.99606258670485 34.33897142857313 10
      vertex 298.10105850050843 31.327314287424088 0
    endloop
  endfacet
  facet normal 0.8196362697839148 0.5728842686395829 0
    outer loop
      vertex 295.99606258670485 34.33897142857313 10
      vertex 298.10105850050843 31.327314287424088 10
      vertex 298.10105850050843 31.327314287424088 0
    endloop
  endfacet
  facet normal 0.8203581897132667 -0.5718500157999228 0
    outer loop
      vertex 297.57702584813035 120.5710938796401 0
      vertex 299.5889850358168 123.45738775283098 0
      vertex 299.5889850358168 123.45738775283098 10
    endloop
  endfacet
  facet normal 0.8203581897132667 -0.5718500157999228 0
    outer loop
      vertex 297.57702584813035 120.5710938796401 0
      vertex 299.5889850358168 123.45738775283098 10
      vertex 297.57702584813035 120.5710938796401 10
    endloop
  endfacet
  facet normal 0.7412841472682145 0.6711913385978966 0
    outer loop
      vertex 298.10105850050843 31.327314287424088 0
      vertex 298.10105850050843 31.327314287424088 10
      vertex 300.5497931937376 28.6228571459651 0
    endloop
  endfacet
  facet normal 0.7412841472682145 0.6711913385978966 0
    outer loop
      vertex 298.10105850050843 31.327314287424088 10
      vertex 300.5497931937376 28.6228571459651 10
      vertex 300.5497931937376 28.6228571459651 0
    endloop
  endfacet
  facet normal 0.7453681792541733 -0.6666530412105826 0
    outer loop
      vertex 299.5889850358168 123.45738775283098 0
      vertex 301.9447319755951 126.09128979593515 0
      vertex 301.9447319755951 126.09128979593515 10
    endloop
  endfacet
  facet normal 0.7453681792541733 -0.6666530412105826 0
    outer loop
      vertex 299.5889850358168 123.45738775283098 0
      vertex 301.9447319755951 126.09128979593515 10
      vertex 299.5889850358168 123.45738775283098 10
    endloop
  endfacet
  facet normal 0.6513720611808365 0.7587584845739971 0
    outer loop
      vertex 300.5497931937376 28.6228571459651 0
      vertex 300.5497931937376 28.6228571459651 10
      vertex 303.34226666639245 26.225599996745586 0
    endloop
  endfacet
  facet normal 0.6513720611808365 0.7587584845739971 0
    outer loop
      vertex 300.5497931937376 28.6228571459651 10
      vertex 303.34226666639245 26.225599996745586 10
      vertex 303.34226666639245 26.225599996745586 0
    endloop
  endfacet
  facet normal 0.6615541346984918 -0.7498974108925366 0
    outer loop
      vertex 301.9447319755951 126.09128979593515 0
      vertex 304.64426666746533 128.47280000150204 0
      vertex 304.64426666746533 128.47280000150204 10
    endloop
  endfacet
  facet normal 0.6615541346984918 -0.7498974108925366 0
    outer loop
      vertex 301.9447319755951 126.09128979593515 0
      vertex 304.64426666746533 128.47280000150204 10
      vertex 301.9447319755951 126.09128979593515 10
    endloop
  endfacet
  facet normal 0.5568069513067329 0.8306419318674573 0
    outer loop
      vertex 303.34226666639245 26.225599996745586 0
      vertex 303.34226666639245 26.225599996745586 10
      vertex 306.45026666919387 24.142204083502293 0
    endloop
  endfacet
  facet normal 0.5568069513067329 0.8306419318674573 0
    outer loop
      vertex 303.34226666639245 26.225599996745586 10
      vertex 306.45026666919387 24.142204083502293 10
      vertex 306.45026666919387 24.142204083502293 0
    endloop
  endfacet
  facet normal 0.5738811418625227 -0.8189386027136389 0
    outer loop
      vertex 304.64426666746533 128.47280000150204 0
      vertex 307.63275645921624 130.56702040880919 0
      vertex 307.63275645921624 130.56702040880919 10
    endloop
  endfacet
  facet normal 0.5738811418625227 -0.8189386027136389 0
    outer loop
      vertex 304.64426666746533 128.47280000150204 0
      vertex 307.63275645921624 130.56702040880919 10
      vertex 304.64426666746533 128.47280000150204 10
    endloop
  endfacet
  facet normal 0 0 -1
    outer loop
      vertex 304.64426666746533 128.47280000150204 0
      vertex 465 250 0
      vertex 307.63275645921624 130.56702040880919 0
    endloop
  endfacet
  facet normal 0 0 1
    outer loop
      vertex 304.64426666746533 128.47280000150204 10
      vertex 307.63275645921624 130.56702040880919 10
      vertex 465 250 10
    endloop
  endfacet
  facet normal -0.9751122066133805 -0.22171194039470182 0
    outer loop
      vertex 306.1502666647235 50.8412000015378 0
      vertex 307.3774503419796 45.443918369710445 0
      vertex 307.3774503419796 45.443918369710445 10
    endloop
  endfacet
  facet normal -0.9751122066133805 -0.22171194039470182 0
    outer loop
      vertex 306.1502666647235 50.8412000015378 0
      vertex 307.3774503419796 45.443918369710445 10
      vertex 306.1502666647235 50.8412000015378 10
    endloop
  endfacet
  facet normal 0 0 -1
    outer loop
      vertex 306.1502666647235 50.8412000015378 0
      vertex 318.5186666647593 71.99840000271797 0
      vertex 326.81906666855014 71.99840000271797 0
    endloop
  endfacet
  facet normal 0 0 -1
    outer loop
      vertex 306.1502666647235 50.8412000015378 0
      vertex 325.221450338761 30.91277550905943 0
      vertex 307.3774503419796 45.443918369710445 0
    endloop
  endfacet
  facet normal 0 0 -1
    outer loop
      vertex 306.1502666647235 50.8412000015378 0
      vertex 326.81906666855014 71.99840000271797 0
      vertex 330.57154013464844 71.89128163456917 0
    endloop
  endfacet
  facet normal 0 0 -1
    outer loop
      vertex 306.1502666647235 50.8412000015378 0
      vertex 330.57154013464844 71.89128163456917 0
      vertex 334.06324626008666 71.56992653012276 0
    endloop
  endfacet
  facet normal 0 0 -1
    outer loop
      vertex 306.1502666647235 50.8412000015378 0
      vertex 331.13186666617787 30.497599996626377 0
      vertex 325.221450338761 30.91277550905943 0
    endloop
  endfacet
  facet normal 0 0 -1
    outer loop
      vertex 306.1502666647235 50.8412000015378 0
      vertex 334.06324626008666 71.56992653012276 0
      vertex 337.2941850374142 71.03433469682932 0
    endloop
  endfacet
  facet normal 0 0 -1
    outer loop
      vertex 306.1502666647235 50.8412000015378 0
      vertex 334.1965442175666 30.60885713994503 0
      vertex 331.13186666617787 30.497599996626377 0
    endloop
  endfacet
  facet normal 0 0 -1
    outer loop
      vertex 306.1502666647235 50.8412000015378 0
      vertex 337.06691973159707 30.94262856990099 0
      vertex 334.1965442175666 30.60885713994503 0
    endloop
  endfacet
  facet normal 0 0 -1
    outer loop
      vertex 306.1502666647235 50.8412000015378 0
      vertex 337.2941850374142 71.03433469682932 0
      vertex 340.2643564591805 70.2845061197877 0
    endloop
  endfacet
  facet normal 0 0 -1
    outer loop
      vertex 306.1502666647235 50.8412000015378 0
      vertex 339.74299320081866 31.498914286494255 0
      vertex 337.06691973159707 30.94262856990099 0
    endloop
  endfacet
  facet normal 0 0 -1
    outer loop
      vertex 306.1502666647235 50.8412000015378 0
      vertex 340.2643564591805 70.2845061197877 0
      vertex 342.97376054773724 69.32044081389904 0
    endloop
  endfacet
  facet normal 0 0 -1
    outer loop
      vertex 306.1502666647235 50.8412000015378 0
      vertex 342.2247646252314 32.277714282274246 0
      vertex 339.74299320081866 31.498914286494255 0
    endloop
  endfacet
  facet normal 0 0 -1
    outer loop
      vertex 306.1502666647235 50.8412000015378 0
      vertex 342.97376054773724 69.32044081389904 0
      vertex 345.42239728073275 68.14213877916336 0
    endloop
  endfacet
  facet normal 0 0 -1
    outer loop
      vertex 306.1502666647235 50.8412000015378 0
      vertex 344.51223401228583 33.279028572142124 0
      vertex 342.2247646252314 32.277714282274246 0
    endloop
  endfacet
  facet normal 0 0 -1
    outer loop
      vertex 306.1502666647235 50.8412000015378 0
      vertex 345.42239728073275 68.14213877916336 0
      vertex 347.6102666656176 66.7496000006795 0
    endloop
  endfacet
  facet normal 0 0 -1
    outer loop
      vertex 306.1502666647235 50.8412000015378 0
      vertex 346.605401361982 34.50285714119673 0
      vertex 344.51223401228583 33.279028572142124 0
    endloop
  endfacet
  facet normal 0 0 -1
    outer loop
      vertex 306.1502666647235 50.8412000015378 0
      vertex 347.6102666656176 66.7496000006795 0
      vertex 349.5207891191045 65.16608979552984 0
    endloop
  endfacet
  facet normal 0 0 -1
    outer loop
      vertex 306.1502666647235 50.8412000015378 0
      vertex 348.5042666668693 35.94919999688864 0
      vertex 346.605401361982 34.50285714119673 0
    endloop
  endfacet
  facet normal 0 0 -1
    outer loop
      vertex 306.1502666647235 50.8412000015378 0
      vertex 349.5207891191045 65.16608979552984 0
      vertex 351.13738503555453 63.41487346589565 0
    endloop
  endfacet
  facet normal 0 0 -1
    outer loop
      vertex 306.1502666647235 50.8412000015378 0
      vertex 350.17760544518626 37.61506938934326 0
      vertex 348.5042666668693 35.94919999688864 0
    endloop
  endfacet
  facet normal 0 0 -1
    outer loop
      vertex 306.1502666647235 50.8412000015378 0
      vertex 351.13738503555453 63.41487346589565 0
      vertex 352.46005442241824 61.495951019227505 0
    endloop
  endfacet
  facet normal 0 0 -1
    outer loop
      vertex 306.1502666647235 50.8412000015378 0
      vertex 351.59350748608506 39.49679183959961 0
      vertex 350.17760544518626 37.61506938934326 0
    endloop
  endfacet
  facet normal 0 0 -1
    outer loop
      vertex 306.1502666647235 50.8412000015378 0
      vertex 352.46005442241824 61.495951019227505 0
      vertex 353.48879727969563 59.40932244807482 0
    endloop
  endfacet
  facet normal 0 0 -1
    outer loop
      vertex 306.1502666647235 50.8412000015378 0
      vertex 352.7519727895657 41.59436734765768 0
      vertex 351.59350748608506 39.49679183959961 0
    endloop
  endfacet
  facet normal 0 0 -1
    outer loop
      vertex 306.1502666647235 50.8412000015378 0
      vertex 353.48879727969563 59.40932244807482 0
      vertex 354.2236136073867 57.15498775243759 0
    endloop
  endfacet
  facet normal 0 0 -1
    outer loop
      vertex 306.1502666647235 50.8412000015378 0
      vertex 353.6530013630787 43.907795920968056 0
      vertex 352.7519727895657 41.59436734765768 0
    endloop
  endfacet
  facet normal 0 0 -1
    outer loop
      vertex 306.1502666647235 50.8412000015378 0
      vertex 354.2236136073867 57.15498775243759 0
      vertex 354.6645033980409 54.73294693976641 0
    endloop
  endfacet
  facet normal 0 0 -1
    outer loop
      vertex 306.1502666647235 50.8412000015378 0
      vertex 354.29659319917357 46.437077552080154 0
      vertex 353.6530013630787 43.907795920968056 0
    endloop
  endfacet
  facet normal 0 0 -1
    outer loop
      vertex 306.1502666647235 50.8412000015378 0
      vertex 354.6645033980409 54.73294693976641 0
      vertex 354.81146666655934 52.14320000261068 0
    endloop
  endfacet
  facet normal 0 0 -1
    outer loop
      vertex 306.1502666647235 50.8412000015378 0
      vertex 354.68274829785025 49.18221224844456 0
      vertex 354.29659319917357 46.437077552080154 0
    endloop
  endfacet
  facet normal 0 0 -1
    outer loop
      vertex 306.1502666647235 50.8412000015378 0
      vertex 354.81146666655934 52.14320000261068 0
      vertex 354.68274829785025 49.18221224844456 0
    endloop
  endfacet
  facet normal 0 0 1
    outer loop
      vertex 306.1502666647235 50.8412000015378 10
      vertex 307.3774503419796 45.443918369710445 10
      vertex 318.5186666647593 71.99840000271797 10
    endloop
  endfacet
  facet normal 0.46079917524838787 0.8875044338426742 0
    outer loop
      vertex 306.45026666919387 24.142204083502293 0
      vertex 306.45026666919387 24.142204083502293 10
      vertex 309.84558095286286 22.37933061271906 0
    endloop
  endfacet
  facet normal 0.46079917524838787 0.8875044338426742 0
    outer loop
      vertex 306.45026666919387 24.142204083502293 10
      vertex 309.84558095286286 22.37933061271906 10
      vertex 309.84558095286286 22.37933061271906 0
    endloop
  endfacet
  facet normal -0.9154426007665531 -0.4024485615600696 0
    outer loop
      vertex 307.3774503419796 45.443918369710445 0
      vertex 309.38517278681195 40.876987755298615 0
      vertex 309.38517278681195 40.876987755298615 10
    endloop
  endfacet
  facet normal -0.9154426007665531 -0.4024485615600696 0
    outer loop
      vertex 307.3774503419796 45.443918369710445 0
      vertex 309.38517278681195 40.876987755298615 10
      vertex 307.3774503419796 45.443918369710445 10
    endloop
  endfacet
  facet normal 0 0 -1
    outer loop
      vertex 307.3774503419796 45.443918369710445 0
      vertex 320.0915727863709 32.158302038908005 0
      vertex 309.38517278681195 40.876987755298615 0
    endloop
  endfacet
  facet normal 0 0 -1
    outer loop
      vertex 307.3774503419796 45.443918369710445 0
      vertex 325.221450338761 30.91277550905943 0
      vertex 320.0915727863709 32.158302038908005 0
    endloop
  endfacet
  facet normal 0 0 1
    outer loop
      vertex 307.3774503419796 45.443918369710445 10
      vertex 309.38517278681195 40.876987755298615 10
      vertex 326.81906666855014 71.99840000271797 10
    endloop
  endfacet
  facet normal 0 0 1
    outer loop
      vertex 307.3774503419796 45.443918369710445 10
      vertex 326.81906666855014 71.99840000271797 10
      vertex 318.5186666647593 71.99840000271797 10
    endloop
  endfacet
  facet normal 0.4818343915925714 -0.8762623003864861 0
    outer loop
      vertex 307.63275645921624 130.56702040880919 0
      vertex 310.85536870608723 132.33905306458473 0
      vertex 310.85536870608723 132.33905306458473 10
    endloop
  endfacet
  facet normal 0.4818343915925714 -0.8762623003864861 0
    outer loop
      vertex 307.63275645921624 130.56702040880919 0
      vertex 310.85536870608723 132.33905306458473 10
      vertex 307.63275645921624 130.56702040880919 10
    endloop
  endfacet
  facet normal 0 0 -1
    outer loop
      vertex 307.63275645921624 130.56702040880919 0
      vertex 465 250 0
      vertex 310.85536870608723 132.33905306458473 0
    endloop
  endfacet
  facet normal 0 0 1
    outer loop
      vertex 307.63275645921624 130.56702040880919 10
      vertex 310.85536870608723 132.33905306458473 10
      vertex 465 250 10
    endloop
  endfacet
  facet normal -0.9885549489842029 0.1508612370320487 0
    outer loop
      vertex 307.6958666692177 105.36200000345707 0
      vertex 307.6958666692177 105.36200000345707 10
      vertex 308.0770748282472 107.85995918512344 0
    endloop
  endfacet
  facet normal 0 0 -1
    outer loop
      vertex 307.6958666692177 105.36200000345707 0
      vertex 308.0770748282472 107.85995918512344 0
      vertex 332.9338993231455 85.12167347222567 0
    endloop
  endfacet
  facet normal -0.9885549489842029 0.1508612370320487 0
    outer loop
      vertex 307.6958666692177 105.36200000345707 10
      vertex 308.0770748282472 107.85995918512344 10
      vertex 308.0770748282472 107.85995918512344 0
    endloop
  endfacet
  facet normal 0 0 1
    outer loop
      vertex 307.6958666692177 105.36200000345707 10
      vertex 343.1631891156236 88.54946122318506 10
      vertex 308.0770748282472 107.85995918512344 10
    endloop
  endfacet
  facet normal -0.9698975361537523 0.2435133864141371 0
    outer loop
      vertex 308.0770748282472 107.85995918512344 0
      vertex 308.0770748282472 107.85995918512344 10
      vertex 308.6625278914968 110.19177959114313 0
    endloop
  endfacet
  facet normal 0 0 -1
    outer loop
      vertex 308.0770748282472 107.85995918512344 0
      vertex 308.6625278914968 110.19177959114313 0
      vertex 332.9338993231455 85.12167347222567 0
    endloop
  endfacet
  facet normal -0.9698975361537523 0.2435133864141371 0
    outer loop
      vertex 308.0770748282472 107.85995918512344 10
      vertex 308.6625278914968 110.19177959114313 10
      vertex 308.6625278914968 110.19177959114313 0
    endloop
  endfacet
  facet normal 0 0 1
    outer loop
      vertex 308.0770748282472 107.85995918512344 10
      vertex 343.1631891156236 88.54946122318506 10
      vertex 308.6625278914968 110.19177959114313 10
    endloop
  endfacet
  facet normal -0.9394896912094902 0.34257717394931125 0
    outer loop
      vertex 308.6625278914968 110.19177959114313 0
      vertex 308.6625278914968 110.19177959114313 10
      vertex 309.4522258515159 112.35746122151613 0
    endloop
  endfacet
  facet normal 0 0 -1
    outer loop
      vertex 308.6625278914968 110.19177959114313 0
      vertex 309.4522258515159 112.35746122151613 0
      vertex 332.9338993231455 85.12167347222567 0
    endloop
  endfacet
  facet normal -0.9394896912094902 0.34257717394931125 0
    outer loop
      vertex 308.6625278914968 110.19177959114313 10
      vertex 309.4522258515159 112.35746122151613 10
      vertex 309.4522258515159 112.35746122151613 0
    endloop
  endfacet
  facet normal 0 0 1
    outer loop
      vertex 308.6625278914968 110.19177959114313 10
      vertex 343.1631891156236 88.54946122318506 10
      vertex 309.4522258515159 112.35746122151613 10
    endloop
  endfacet
  facet normal -0.8014568621514732 -0.5980525880809433 0
    outer loop
      vertex 309.38517278681195 40.876987755298615 0
      vertex 312.17343401412165 37.14040816575289 0
      vertex 312.17343401412165 37.14040816575289 10
    endloop
  endfacet
  facet normal -0.8014568621514732 -0.5980525880809433 0
    outer loop
      vertex 309.38517278681195 40.876987755298615 0
      vertex 312.17343401412165 37.14040816575289 10
      vertex 309.38517278681195 40.876987755298615 10
    endloop
  endfacet
  facet normal 0 0 -1
    outer loop
      vertex 309.38517278681195 40.876987755298615 0
      vertex 315.74223401645816 34.234179593622684 0
      vertex 312.17343401412165 37.14040816575289 0
    endloop
  endfacet
  facet normal 0 0 -1
    outer loop
      vertex 309.38517278681195 40.876987755298615 0
      vertex 320.0915727863709 32.158302038908005 0
      vertex 315.74223401645816 34.234179593622684 0
    endloop
  endfacet
  facet normal 0 0 1
    outer loop
      vertex 309.38517278681195 40.876987755298615 10
      vertex 312.17343401412165 37.14040816575289 10
      vertex 326.81906666855014 71.99840000271797 10
    endloop
  endfacet
  facet normal -0.8954688533564953 0.44512417668376947 0
    outer loop
      vertex 309.4522258515159 112.35746122151613 0
      vertex 309.4522258515159 112.35746122151613 10
      vertex 310.4461687083045 114.35700408369303 0
    endloop
  endfacet
  facet normal 0 0 -1
    outer loop
      vertex 309.4522258515159 112.35746122151613 0
      vertex 310.4461687083045 114.35700408369303 0
      vertex 332.9338993231455 85.12167347222567 0
    endloop
  endfacet
  facet normal -0.8954688533564953 0.44512417668376947 0
    outer loop
      vertex 309.4522258515159 112.35746122151613 10
      vertex 310.4461687083045 114.35700408369303 10
      vertex 310.4461687083045 114.35700408369303 0
    endloop
  endfacet
  facet normal 0 0 1
    outer loop
      vertex 309.4522258515159 112.35746122151613 10
      vertex 343.1631891156236 88.54946122318506 10
      vertex 310.4461687083045 114.35700408369303 10
    endloop
  endfacet
  facet normal 0.36468930347465484 0.9311292670360926 0
    outer loop
      vertex 309.84558095286286 22.37933061271906 0
      vertex 309.84558095286286 22.37933061271906 10
      vertex 313.52820952485 20.936979591846466 0
    endloop
  endfacet
  facet normal 0.36468930347465484 0.9311292670360926 0
    outer loop
      vertex 309.84558095286286 22.37933061271906 10
      vertex 313.52820952485 20.936979591846466 10
      vertex 313.52820952485 20.936979591846466 0
    endloop
  endfacet
  facet normal -0.8370901450326498 0.5470649770266942 0
    outer loop
      vertex 310.4461687083045 114.35700408369303 0
      vertex 310.4461687083045 114.35700408369303 10
      vertex 311.6443564618627 116.19040816277266 0
    endloop
  endfacet
  facet normal 0 0 -1
    outer loop
      vertex 310.4461687083045 114.35700408369303 0
      vertex 311.6443564618627 116.19040816277266 0
      vertex 332.9338993231455 85.12167347222567 0
    endloop
  endfacet
  facet normal -0.8370901450326498 0.5470649770266942 0
    outer loop
      vertex 310.4461687083045 114.35700408369303 10
      vertex 311.6443564618627 116.19040816277266 10
      vertex 311.6443564618627 116.19040816277266 0
    endloop
  endfacet
  facet normal 0 0 1
    outer loop
      vertex 310.4461687083045 114.35700408369303 10
      vertex 343.1631891156236 88.54946122318506 10
      vertex 311.6443564618627 116.19040816277266 10
    endloop
  endfacet
  facet normal 0.38678259537006165 -0.9221709298816565 0
    outer loop
      vertex 310.85536870608723 132.33905306458473 0
      vertex 314.31210340062773 133.7888979613781 0
      vertex 314.31210340062773 133.7888979613781 10
    endloop
  endfacet
  facet normal 0.38678259537006165 -0.9221709298816565 0
    outer loop
      vertex 310.85536870608723 132.33905306458473 0
      vertex 314.31210340062773 133.7888979613781 10
      vertex 310.85536870608723 132.33905306458473 10
    endloop
  endfacet
  facet normal 0 0 -1
    outer loop
      vertex 310.85536870608723 132.33905306458473 0
      vertex 465 250 0
      vertex 314.31210340062773 133.7888979613781 0
    endloop
  endfacet
  facet normal 0 0 1
    outer loop
      vertex 310.85536870608723 132.33905306458473 10
      vertex 314.31210340062773 133.7888979613781 10
      vertex 465 250 10
    endloop
  endfacet
  facet normal -0.7652684517003846 0.6437112682189867 0
    outer loop
      vertex 311.6443564618627 116.19040816277266 0
      vertex 311.6443564618627 116.19040816277266 10
      vertex 313.04678911219037 117.8576734662056 0
    endloop
  endfacet
  facet normal 0 0 -1
    outer loop
      vertex 311.6443564618627 116.19040816277266 0
      vertex 313.04678911219037 117.8576734662056 0
      vertex 332.9338993231455 85.12167347222567 0
    endloop
  endfacet
  facet normal -0.7652684517003846 0.6437112682189867 0
    outer loop
      vertex 311.6443564618627 116.19040816277266 10
      vertex 313.04678911219037 117.8576734662056 10
      vertex 313.04678911219037 117.8576734662056 0
    endloop
  endfacet
  facet normal 0 0 1
    outer loop
      vertex 311.6443564618627 116.19040816277266 10
      vertex 343.1631891156236 88.54946122318506 10
      vertex 313.04678911219037 117.8576734662056 10
    endloop
  endfacet
  facet normal -0.6314532188587644 -0.7754139748501476 0
    outer loop
      vertex 312.17343401412165 37.14040816575289 0
      vertex 315.74223401645816 34.234179593622684 0
      vertex 315.74223401645816 34.234179593622684 10
    endloop
  endfacet
  facet normal -0.6314532188587644 -0.7754139748501476 0
    outer loop
      vertex 312.17343401412165 37.14040816575289 0
      vertex 315.74223401645816 34.234179593622684 10
      vertex 312.17343401412165 37.14040816575289 10
    endloop
  endfacet
  facet normal 0 0 1
    outer loop
      vertex 312.17343401412165 37.14040816575289 10
      vertex 315.74223401645816 34.234179593622684 10
      vertex 326.81906666855014 71.99840000271797 10
    endloop
  endfacet
  facet normal -0.6826975290440047 0.7307010906227049 0
    outer loop
      vertex 313.04678911219037 117.8576734662056 0
      vertex 313.04678911219037 117.8576734662056 10
      vertex 314.65346666673815 119.35880000144243 0
    endloop
  endfacet
  facet normal 0 0 -1
    outer loop
      vertex 313.04678911219037 117.8576734662056 0
      vertex 314.65346666673815 119.35880000144243 0
      vertex 332.9338993231455 85.12167347222567 0
    endloop
  endfacet
  facet normal -0.6826975290440047 0.7307010906227049 0
    outer loop
      vertex 313.04678911219037 117.8576734662056 10
      vertex 314.65346666673815 119.35880000144243 10
      vertex 314.65346666673815 119.35880000144243 0
    endloop
  endfacet
  facet normal 0 0 1
    outer loop
      vertex 313.04678911219037 117.8576734662056 10
      vertex 343.1631891156236 88.54946122318506 10
      vertex 314.65346666673815 119.35880000144243 10
    endloop
  endfacet
  facet normal 0.2719319089969529 0.9623164951663632 0
    outer loop
      vertex 313.52820952485 20.936979591846466 0
      vertex 313.52820952485 20.936979591846466 10
      vertex 317.49815237770474 19.815151020884514 0
    endloop
  endfacet
  facet normal 0.2719319089969529 0.9623164951663632 0
    outer loop
      vertex 313.52820952485 20.936979591846466 10
      vertex 317.49815237770474 19.815151020884514 10
      vertex 317.49815237770474 19.815151020884514 0
    endloop
  endfacet
  facet normal 0.2921937068897693 -0.956359157248999 0
    outer loop
      vertex 314.31210340062773 133.7888979613781 0
      vertex 318.00296054283774 134.91655509918928 0
      vertex 318.00296054283774 134.91655509918928 10
    endloop
  endfacet
  facet normal 0.2921937068897693 -0.956359157248999 0
    outer loop
      vertex 314.31210340062773 133.7888979613781 0
      vertex 318.00296054283774 134.91655509918928 10
      vertex 314.31210340062773 133.7888979613781 10
    endloop
  endfacet
  facet normal 0 0 -1
    outer loop
      vertex 314.31210340062773 133.7888979613781 0
      vertex 465 250 0
      vertex 318.00296054283774 134.91655509918928 0
    endloop
  endfacet
  facet normal 0 0 1
    outer loop
      vertex 314.31210340062773 133.7888979613781 10
      vertex 318.00296054283774 134.91655509918928 10
      vertex 465 250 10
    endloop
  endfacet
  facet normal -0.5938659116841783 0.8045640303540295 0
    outer loop
      vertex 314.65346666673815 119.35880000144243 0
      vertex 314.65346666673815 119.35880000144243 10
      vertex 316.437842177848 120.67588571459055 0
    endloop
  endfacet
  facet normal 0 0 -1
    outer loop
      vertex 314.65346666673815 119.35880000144243 0
      vertex 316.437842177848 120.67588571459055 0
      vertex 332.9338993231455 85.12167347222567 0
    endloop
  endfacet
  facet normal -0.5938659116841783 0.8045640303540295 0
    outer loop
      vertex 314.65346666673815 119.35880000144243 10
      vertex 316.437842177848 120.67588571459055 10
      vertex 316.437842177848 120.67588571459055 0
    endloop
  endfacet
  facet normal 0 0 1
    outer loop
      vertex 314.65346666673815 119.35880000144243 10
      vertex 343.1631891156236 88.54946122318506 10
      vertex 316.437842177848 120.67588571459055 10
    endloop
  endfacet
  facet normal -0.43073918174721676 -0.902476458035188 0
    outer loop
      vertex 315.74223401645816 34.234179593622684 0
      vertex 320.0915727863709 32.158302038908005 0
      vertex 320.0915727863709 32.158302038908005 10
    endloop
  endfacet
  facet normal -0.43073918174721676 -0.902476458035188 0
    outer loop
      vertex 315.74223401645816 34.234179593622684 0
      vertex 320.0915727863709 32.158302038908005 10
      vertex 315.74223401645816 34.234179593622684 10
    endloop
  endfacet
  facet normal 0 0 1
    outer loop
      vertex 315.74223401645816 34.234179593622684 10
      vertex 320.0915727863709 32.158302038908005 10
      vertex 326.81906666855014 71.99840000271797 10
    endloop
  endfacet
  facet normal -0.4989856578225969 0.8666102430085569 0
    outer loop
      vertex 316.437842177848 120.67588571459055 0
      vertex 316.437842177848 120.67588571459055 10
      vertex 318.3733687053124 121.79034285992384 0
    endloop
  endfacet
  facet normal 0 0 -1
    outer loop
      vertex 316.437842177848 120.67588571459055 0
      vertex 318.3733687053124 121.79034285992384 0
      vertex 332.9338993231455 85.12167347222567 0
    endloop
  endfacet
  facet normal -0.4989856578225969 0.8666102430085569 0
    outer loop
      vertex 316.437842177848 120.67588571459055 10
      vertex 318.3733687053124 121.79034285992384 10
      vertex 318.3733687053124 121.79034285992384 0
    endloop
  endfacet
  facet normal 0 0 1
    outer loop
      vertex 316.437842177848 120.67588571459055 10
      vertex 343.1631891156236 88.54946122318506 10
      vertex 318.3733687053124 121.79034285992384 10
    endloop
  endfacet
  facet normal 0.18497319009847904 0.982743567236536 0
    outer loop
      vertex 317.49815237770474 19.815151020884514 0
      vertex 317.49815237770474 19.815151020884514 10
      vertex 321.7554095263282 19.013844899833202 0
    endloop
  endfacet
  facet normal 0.18497319009847904 0.982743567236536 0
    outer loop
      vertex 317.49815237770474 19.815151020884514 10
      vertex 321.7554095263282 19.013844899833202 10
      vertex 321.7554095263282 19.013844899833202 0
    endloop
  endfacet
  facet normal 0.20102686028805758 -0.9795857295013672 0
    outer loop
      vertex 318.00296054283774 134.91655509918928 0
      vertex 321.92794013271725 135.72202449291945 0
      vertex 321.92794013271725 135.72202449291945 10
    endloop
  endfacet
  facet normal 0.20102686028805758 -0.9795857295013672 0
    outer loop
      vertex 318.00296054283774 134.91655509918928 0
      vertex 321.92794013271725 135.72202449291945 10
      vertex 318.00296054283774 134.91655509918928 10
    endloop
  endfacet
  facet normal 0 0 -1
    outer loop
      vertex 318.00296054283774 134.91655509918928 0
      vertex 465 250 0
      vertex 321.92794013271725 135.72202449291945 0
    endloop
  endfacet
  facet normal 0 0 1
    outer loop
      vertex 318.00296054283774 134.91655509918928 10
      vertex 321.92794013271725 135.72202449291945 10
      vertex 465 250 10
    endloop
  endfacet
  facet normal -0.40041598335712336 0.9163334765641534 0
    outer loop
      vertex 318.3733687053124 121.79034285992384 0
      vertex 318.3733687053124 121.79034285992384 10
      vertex 320.4600462565819 122.70217142999172 0
    endloop
  endfacet
  facet normal 0 0 -1
    outer loop
      vertex 318.3733687053124 121.79034285992384 0
      vertex 320.4600462565819 122.70217142999172 0
      vertex 332.9338993231455 85.12167347222567 0
    endloop
  endfacet
  facet normal -0.40041598335712336 0.9163334765641534 0
    outer loop
      vertex 318.3733687053124 121.79034285992384 10
      vertex 320.4600462565819 122.70217142999172 10
      vertex 320.4600462565819 122.70217142999172 0
    endloop
  endfacet
  facet normal 0 0 1
    outer loop
      vertex 318.3733687053124 121.79034285992384 10
      vertex 343.1631891156236 88.54946122318506 10
      vertex 320.4600462565819 122.70217142999172 10
    endloop
  endfacet
  facet normal 0 1 0
    outer loop
      vertex 318.5186666647593 71.99840000271797 0
      vertex 318.5186666647593 71.99840000271797 10
      vertex 326.81906666855014 71.99840000271797 0
    endloop
  endfacet
  facet normal 1 0 0
    outer loop
      vertex 318.5186666647593 71.99840000271797 0
      vertex 318.5186666647593 84.69319999963045 0
      vertex 318.5186666647593 84.69319999963045 10
    endloop
  endfacet
  facet normal 1 0 0
    outer loop
      vertex 318.5186666647593 71.99840000271797 0
      vertex 318.5186666647593 84.69319999963045 10
      vertex 318.5186666647593 71.99840000271797 10
    endloop
  endfacet
  facet normal 0 1 0
    outer loop
      vertex 318.5186666647593 71.99840000271797 10
      vertex 326.81906666855014 71.99840000271797 10
      vertex 326.81906666855014 71.99840000271797 0
    endloop
  endfacet
  facet normal 0 -1 0
    outer loop
      vertex 318.5186666647593 84.69319999963045 0
      vertex 326.49386666963494 84.69319999963045 0
      vertex 326.49386666963494 84.69319999963045 10
    endloop
  endfacet
  facet normal 0 -1 0
    outer loop
      vertex 318.5186666647593 84.69319999963045 0
      vertex 326.49386666963494 84.69319999963045 10
      vertex 318.5186666647593 84.69319999963045 10
    endloop
  endfacet
  facet normal -0.23594350638519773 -0.9717667733539043 0
    outer loop
      vertex 320.0915727863709 32.158302038908005 0
      vertex 325.221450338761 30.91277550905943 0
      vertex 325.221450338761 30.91277550905943 10
    endloop
  endfacet
  facet normal -0.23594350638519773 -0.9717667733539043 0
    outer loop
      vertex 320.0915727863709 32.158302038908005 0
      vertex 325.221450338761 30.91277550905943 10
      vertex 320.0915727863709 32.158302038908005 10
    endloop
  endfacet
  facet normal 0 0 1
    outer loop
      vertex 320.0915727863709 32.158302038908005 10
      vertex 325.221450338761 30.91277550905943 10
      vertex 326.81906666855014 71.99840000271797 10
    endloop
  endfacet
  facet normal -0.30210629384986937 0.9532742455433779 0
    outer loop
      vertex 320.4600462565819 122.70217142999172 0
      vertex 320.4600462565819 122.70217142999172 10
      vertex 322.6978748316566 123.41137143224478 0
    endloop
  endfacet
  facet normal 0 0 -1
    outer loop
      vertex 320.4600462565819 122.70217142999172 0
      vertex 322.6978748316566 123.41137143224478 0
      vertex 332.9338993231455 85.12167347222567 0
    endloop
  endfacet
  facet normal -0.30210629384986937 0.9532742455433779 0
    outer loop
      vertex 320.4600462565819 122.70217142999172 10
      vertex 322.6978748316566 123.41137143224478 10
      vertex 322.6978748316566 123.41137143224478 0
    endloop
  endfacet
  facet normal 0 0 1
    outer loop
      vertex 320.4600462565819 122.70217142999172 10
      vertex 343.1631891156236 88.54946122318506 10
      vertex 322.6978748316566 123.41137143224478 10
    endloop
  endfacet
  facet normal 0.1052058615432278 0.9944504646773248 0
    outer loop
      vertex 321.7554095263282 19.013844899833202 0
      vertex 321.7554095263282 19.013844899833202 10
      vertex 326.29998095581925 18.53306122124195 0
    endloop
  endfacet
  facet normal 0.1052058615432278 0.9944504646773248 0
    outer loop
      vertex 321.7554095263282 19.013844899833202 10
      vertex 326.29998095581925 18.53306122124195 10
      vertex 326.29998095581925 18.53306122124195 0
    endloop
  endfacet
  facet normal 0.11542194326917081 -0.9933165532759273 0
    outer loop
      vertex 321.92794013271725 135.72202449291945 0
      vertex 326.08704217771685 136.20530612021685 0
      vertex 326.08704217771685 136.20530612021685 10
    endloop
  endfacet
  facet normal 0.11542194326917081 -0.9933165532759273 0
    outer loop
      vertex 321.92794013271725 135.72202449291945 0
      vertex 326.08704217771685 136.20530612021685 10
      vertex 321.92794013271725 135.72202449291945 10
    endloop
  endfacet
  facet normal 0 0 -1
    outer loop
      vertex 321.92794013271725 135.72202449291945 0
      vertex 465 250 0
      vertex 326.08704217771685 136.20530612021685 0
    endloop
  endfacet
  facet normal 0 0 1
    outer loop
      vertex 321.92794013271725 135.72202449291945 10
      vertex 326.08704217771685 136.20530612021685 10
      vertex 465 250 10
    endloop
  endfacet
  facet normal -0.20743296129686778 0.9782492354035407 0
    outer loop
      vertex 322.6978748316566 123.41137143224478 0
      vertex 322.6978748316566 123.41137143224478 10
      vertex 325.0868544230858 123.91794285923243 0
    endloop
  endfacet
  facet normal 0 0 -1
    outer loop
      vertex 322.6978748316566 123.41137143224478 0
      vertex 325.0868544230858 123.91794285923243 0
      vertex 332.9338993231455 85.12167347222567 0
    endloop
  endfacet
  facet normal -0.20743296129686778 0.9782492354035407 0
    outer loop
      vertex 322.6978748316566 123.41137143224478 10
      vertex 325.0868544230858 123.91794285923243 10
      vertex 325.0868544230858 123.91794285923243 0
    endloop
  endfacet
  facet normal 0 0 1
    outer loop
      vertex 322.6978748316566 123.41137143224478 10
      vertex 343.1631891156236 88.54946122318506 10
      vertex 325.0868544230858 123.91794285923243 10
    endloop
  endfacet
  facet normal -0.11880887804759882 0.9929171418084546 0
    outer loop
      vertex 325.0868544230858 123.91794285923243 0
      vertex 325.0868544230858 123.91794285923243 10
      vertex 327.6269850308696 124.22188571095467 0
    endloop
  endfacet
  facet normal 0 0 -1
    outer loop
      vertex 325.0868544230858 123.91794285923243 0
      vertex 327.6269850308696 124.22188571095467 0
      vertex 332.9338993231455 85.12167347222567 0
    endloop
  endfacet
  facet normal -0.11880887804759882 0.9929171418084546 0
    outer loop
      vertex 325.0868544230858 123.91794285923243 10
      vertex 327.6269850308696 124.22188571095467 10
      vertex 327.6269850308696 124.22188571095467 0
    endloop
  endfacet
  facet normal 0 0 1
    outer loop
      vertex 325.0868544230858 123.91794285923243 10
      vertex 343.1631891156236 88.54946122318506 10
      vertex 327.6269850308696 124.22188571095467 10
    endloop
  endfacet
  facet normal -0.07007204911305827 -0.9975419329196628 0
    outer loop
      vertex 325.221450338761 30.91277550905943 0
      vertex 331.13186666617787 30.497599996626377 0
      vertex 331.13186666617787 30.497599996626377 10
    endloop
  endfacet
  facet normal -0.07007204911305827 -0.9975419329196628 0
    outer loop
      vertex 325.221450338761 30.91277550905943 0
      vertex 331.13186666617787 30.497599996626377 10
      vertex 325.221450338761 30.91277550905943 10
    endloop
  endfacet
  facet normal 0 0 1
    outer loop
      vertex 325.221450338761 30.91277550905943 10
      vertex 330.57154013464844 71.89128163456917 10
      vertex 326.81906666855014 71.99840000271797 10
    endloop
  endfacet
  facet normal 0 0 1
    outer loop
      vertex 325.221450338761 30.91277550905943 10
      vertex 331.13186666617787 30.497599996626377 10
      vertex 330.57154013464844 71.89128163456917 10
    endloop
  endfacet
  facet normal 0.036644084455790406 -0.9993283800004866 0
    outer loop
      vertex 326.08704217771685 136.20530612021685 0
      vertex 330.48026667038596 136.36640000343323 0
      vertex 330.48026667038596 136.36640000343323 10
    endloop
  endfacet
  facet normal 0.036644084455790406 -0.9993283800004866 0
    outer loop
      vertex 326.08704217771685 136.20530612021685 0
      vertex 330.48026667038596 136.36640000343323 10
      vertex 326.08704217771685 136.20530612021685 10
    endloop
  endfacet
  facet normal 0 0 -1
    outer loop
      vertex 326.08704217771685 136.20530612021685 0
      vertex 465 250 0
      vertex 330.48026667038596 136.36640000343323 0
    endloop
  endfacet
  facet normal 0 0 1
    outer loop
      vertex 326.08704217771685 136.20530612021685 10
      vertex 330.48026667038596 136.36640000343323 10
      vertex 465 250 10
    endloop
  endfacet
  facet normal 0.03314919961885659 0.9994504142600719 0
    outer loop
      vertex 326.29998095581925 18.53306122124195 0
      vertex 326.29998095581925 18.53306122124195 10
      vertex 331.13186666617787 18.37280000001192 0
    endloop
  endfacet
  facet normal 0.03314919961885659 0.9994504142600719 0
    outer loop
      vertex 326.29998095581925 18.53306122124195 10
      vertex 331.13186666617787 18.37280000001192 10
      vertex 331.13186666617787 18.37280000001192 0
    endloop
  endfacet
  facet normal 0.03214656091669134 -0.9994831657517947 0
    outer loop
      vertex 326.49386666963494 84.69319999963045 0
      vertex 329.82433197150624 84.80031836777925 0
      vertex 329.82433197150624 84.80031836777925 10
    endloop
  endfacet
  facet normal 0.03214656091669134 -0.9994831657517947 0
    outer loop
      vertex 326.49386666963494 84.69319999963045 0
      vertex 329.82433197150624 84.80031836777925 10
      vertex 326.49386666963494 84.69319999963045 10
    endloop
  endfacet
  facet normal 0.028534445763968113 0.9995928098005423 0
    outer loop
      vertex 326.81906666855014 71.99840000271797 0
      vertex 326.81906666855014 71.99840000271797 10
      vertex 330.57154013464844 71.89128163456917 0
    endloop
  endfacet
  facet normal 0.028534445763968113 0.9995928098005423 0
    outer loop
      vertex 326.81906666855014 71.99840000271797 10
      vertex 330.57154013464844 71.89128163456917 10
      vertex 330.57154013464844 71.89128163456917 0
    endloop
  endfacet
  facet normal -0.03761872266438309 0.9992921653375955 0
    outer loop
      vertex 327.6269850308696 124.22188571095467 0
      vertex 327.6269850308696 124.22188571095467 10
      vertex 330.3182666699091 124.32320000231266 0
    endloop
  endfacet
  facet normal 0 0 -1
    outer loop
      vertex 327.6269850308696 124.22188571095467 0
      vertex 330.3182666699091 124.32320000231266 0
      vertex 332.9338993231455 85.12167347222567 0
    endloop
  endfacet
  facet normal -0.03761872266438309 0.9992921653375955 0
    outer loop
      vertex 327.6269850308696 124.22188571095467 10
      vertex 330.3182666699091 124.32320000231266 10
      vertex 330.3182666699091 124.32320000231266 0
    endloop
  endfacet
  facet normal 0 0 1
    outer loop
      vertex 327.6269850308696 124.22188571095467 10
      vertex 343.1631891156236 88.54946122318506 10
      vertex 330.3182666699091 124.32320000231266 10
    endloop
  endfacet
  facet normal 0.9945218953682737 0.1045284632676499 0
    outer loop
      vertex 328.68333333333334 202 2.5
      vertex 328.68333333333334 202 3.25
      vertex 328.78494698992114 201.0332106376974 2.5
    endloop
  endfacet
  facet normal 0.82888672908124 0.08711950578194866 0.5525911527208088
    outer loop
      vertex 328.68333333333334 202 2.5
      vertex 328.78494698992114 201.0332106376974 2.5
      vertex 329.3648745280754 201.49866706574278 1.5567265298897706
    endloop
  endfacet
  facet normal 0.9945218953682737 -0.1045284632676499 0
    outer loop
      vertex 328.68333333333334 202 2.5
      vertex 328.78494698992114 202.9667893623026 2.5
      vertex 328.78494698992114 202.9667893623026 3.25
    endloop
  endfacet
  facet normal 0.9945218953682737 -0.1045284632676499 0
    outer loop
      vertex 328.68333333333334 202 2.5
      vertex 328.78494698992114 202.9667893623026 3.25
      vertex 328.68333333333334 202 3.25
    endloop
  endfacet
  facet normal 0.8288867290812408 -0.08711950578194876 0.5525911527208072
    outer loop
      vertex 328.68333333333334 202 2.5
      vertex 329.3333333333333 202 1.5249999999999986
      vertex 328.78494698992114 202.9667893623026 2.5
    endloop
  endfacet
  facet normal 0.8288867290812406 0.08711950578195324 0.5525911527208069
    outer loop
      vertex 328.68333333333334 202 2.5
      vertex 329.3648745280754 201.49866706574278 1.5567265298897706
      vertex 329.3333333333333 202 1.5249999999999986
    endloop
  endfacet
  facet normal 0.9945218953682737 0.1045284632676499 0
    outer loop
      vertex 328.68333333333334 202 3.25
      vertex 328.78494698992114 201.0332106376974 3.25
      vertex 328.78494698992114 201.0332106376974 2.5
    endloop
  endfacet
  facet normal 0.8288867290812358 -0.08711950578194821 -0.5525911527208153
    outer loop
      vertex 328.68333333333334 202 3.25
      vertex 328.78494698992114 202.9667893623026 3.25
      vertex 329.27402079028803 202.86283351689372 4
    endloop
  endfacet
  facet normal 0.8288867290812324 0.08711950578194036 -0.5525911527208216
    outer loop
      vertex 328.68333333333334 202 3.25
      vertex 329.18333333333334 202 4
      vertex 329.27402079028803 201.13716648310628 4
    endloop
  endfacet
  facet normal 0.8288867290812358 0.08711950578194821 -0.5525911527208153
    outer loop
      vertex 328.68333333333334 202 3.25
      vertex 329.27402079028803 201.13716648310628 4
      vertex 328.78494698992114 201.0332106376974 3.25
    endloop
  endfacet
  facet normal 0.8288867290812324 -0.08711950578194036 -0.5525911527208216
    outer loop
      vertex 328.68333333333334 202 3.25
      vertex 329.27402079028803 202.86283351689372 4
      vertex 329.18333333333334 202 4
    endloop
  endfacet
  facet normal 0.9510565162951594 0.3090169943749295 0
    outer loop
      vertex 328.78494698992114 201.0332106376974 2.5
      vertex 328.78494698992114 201.0332106376974 3.25
      vertex 329.0853469552952 200.10867460969752 2.5
    endloop
  endfacet
  facet normal 0.792660401580575 0.2575509768973975 0.5525911527208136
    outer loop
      vertex 328.78494698992114 201.0332106376974 2.5
      vertex 329.0853469552952 200.10867460969752 2.5
      vertex 329.6142273897803 200.5275017892613 1.5461448319618967
    endloop
  endfacet
  facet normal 0.8288867290812549 0.08711950578189986 0.552591152720794
    outer loop
      vertex 328.78494698992114 201.0332106376974 2.5
      vertex 329.427606943472 201.1698122277472 1.5144739611862992
      vertex 329.3648745280754 201.49866706574278 1.5567265298897706
    endloop
  endfacet
  facet normal 0.7926604015805734 0.2575509768974393 0.5525911527207966
    outer loop
      vertex 328.78494698992114 201.0332106376974 2.5
      vertex 329.4590006888188 201.00524045134057 1.5461448319618967
      vertex 329.427606943472 201.1698122277472 1.5144739611862992
    endloop
  endfacet
  facet normal 0.7926604015805759 0.2575509768974266 0.552591152720799
    outer loop
      vertex 328.78494698992114 201.0332106376974 2.5
      vertex 329.6142273897803 200.5275017892613 1.5461448319618967
      vertex 329.4590006888188 201.00524045134057 1.5461448319618967
    endloop
  endfacet
  facet normal 0.9510565162951594 0.3090169943749295 0
    outer loop
      vertex 328.78494698992114 201.0332106376974 3.25
      vertex 329.0853469552952 200.10867460969752 3.25
      vertex 329.0853469552952 200.10867460969752 2.5
    endloop
  endfacet
  facet normal 0.79266040158057 0.25755097689741 -0.552591152720815
    outer loop
      vertex 328.78494698992114 201.0332106376974 3.25
      vertex 329.27402079028803 201.13716648310628 4
      vertex 329.5421196841165 200.31204293123542 4
    endloop
  endfacet
  facet normal 0.7926604015805669 0.25755097689739487 -0.5525911527208266
    outer loop
      vertex 328.78494698992114 201.0332106376974 3.25
      vertex 329.5421196841165 200.31204293123542 4
      vertex 329.0853469552952 200.10867460969752 3.25
    endloop
  endfacet
  facet normal 0.9510565162951594 -0.3090169943749295 0
    outer loop
      vertex 328.78494698992114 202.9667893623026 2.5
      vertex 329.0853469552952 203.89132539030248 2.5
      vertex 329.0853469552952 203.89132539030248 3.25
    endloop
  endfacet
  facet normal 0.9510565162951594 -0.3090169943749295 0
    outer loop
      vertex 328.78494698992114 202.9667893623026 2.5
      vertex 329.0853469552952 203.89132539030248 3.25
      vertex 328.78494698992114 202.9667893623026 3.25
    endloop
  endfacet
  facet normal 0.8288867290812385 -0.08711950578195311 0.5525911527208104
    outer loop
      vertex 328.78494698992114 202.9667893623026 2.5
      vertex 329.3333333333333 202 1.5249999999999986
      vertex 329.3648745280754 202.50133293425722 1.5567265298897706
    endloop
  endfacet
  facet normal 0.8288867290812549 -0.08711950578189986 0.552591152720794
    outer loop
      vertex 328.78494698992114 202.9667893623026 2.5
      vertex 329.3648745280754 202.50133293425722 1.5567265298897706
      vertex 329.427606943472 202.8301877722528 1.5144739611862992
    endloop
  endfacet
  facet normal 0.7926604015805734 -0.2575509768974393 0.5525911527207966
    outer loop
      vertex 328.78494698992114 202.9667893623026 2.5
      vertex 329.427606943472 202.8301877722528 1.5144739611862992
      vertex 329.4590006888188 202.99475954865943 1.5461448319618967
    endloop
  endfacet
  facet normal 0.7926604015805759 -0.2575509768974266 0.552591152720799
    outer loop
      vertex 328.78494698992114 202.9667893623026 2.5
      vertex 329.4590006888188 202.99475954865943 1.5461448319618967
      vertex 329.6142273897803 203.4724982107387 1.5461448319618967
    endloop
  endfacet
  facet normal 0.792660401580575 -0.2575509768973975 0.5525911527208136
    outer loop
      vertex 328.78494698992114 202.9667893623026 2.5
      vertex 329.6142273897803 203.4724982107387 1.5461448319618967
      vertex 329.0853469552952 203.89132539030248 2.5
    endloop
  endfacet
  facet normal 0.7926604015805669 -0.25755097689739487 -0.5525911527208266
    outer loop
      vertex 328.78494698992114 202.9667893623026 3.25
      vertex 329.0853469552952 203.89132539030248 3.25
      vertex 329.5421196841165 203.68795706876458 4
    endloop
  endfacet
  facet normal 0.79266040158057 -0.25755097689741 -0.552591152720815
    outer loop
      vertex 328.78494698992114 202.9667893623026 3.25
      vertex 329.5421196841165 203.68795706876458 4
      vertex 329.27402079028803 202.86283351689372 4
    endloop
  endfacet
  facet normal 0.8660254037844334 0.5000000000000092 0
    outer loop
      vertex 329.0853469552952 200.10867460969752 2.5
      vertex 329.0853469552952 200.10867460969752 3.25
      vertex 329.5714043094898 199.26679857684 2.5
    endloop
  endfacet
  facet normal 0.7217910109242088 0.41672623445575435 0.5525911527208307
    outer loop
      vertex 329.0853469552952 200.10867460969752 2.5
      vertex 329.5714043094898 199.26679857684 2.5
      vertex 330.09726535583354 199.64885899083012 1.5249999999999986
    endloop
  endfacet
  facet normal 0.7926604015805436 0.2575509768974668 0.5525911527208265
    outer loop
      vertex 329.0853469552952 200.10867460969752 2.5
      vertex 329.68556217939306 200.3759076448248 1.5144739611862992
      vertex 329.6142273897803 200.5275017892613 1.5461448319618967
    endloop
  endfacet
  facet normal 0.7217910109242444 0.41672623445569407 0.5525911527208297
    outer loop
      vertex 329.0853469552952 200.10867460969752 2.5
      vertex 329.82810661315784 200.07298530359313 1.5567265298897706
      vertex 329.68556217939306 200.3759076448248 1.5144739611862992
    endloop
  endfacet
  facet normal 0.7217910109242007 0.4167262344558217 0.5525911527207905
    outer loop
      vertex 329.0853469552952 200.10867460969752 2.5
      vertex 330.09726535583354 199.64885899083012 1.5249999999999986
      vertex 329.82810661315784 200.07298530359313 1.5567265298897706
    endloop
  endfacet
  facet normal 0.7217910109242126 0.41672623445575124 -0.552591152720828
    outer loop
      vertex 329.0853469552952 200.10867460969752 3.25
      vertex 329.5421196841165 200.31204293123542 4
      vertex 329.9759128066773 199.56069120298625 4
    endloop
  endfacet
  facet normal 0.8660254037844334 0.5000000000000092 0
    outer loop
      vertex 329.0853469552952 200.10867460969752 3.25
      vertex 329.5714043094898 199.26679857684 3.25
      vertex 329.5714043094898 199.26679857684 2.5
    endloop
  endfacet
  facet normal 0.7217910109242126 0.41672623445575646 -0.5525911527208243
    outer loop
      vertex 329.0853469552952 200.10867460969752 3.25
      vertex 329.9759128066773 199.56069120298625 4
      vertex 329.5714043094898 199.26679857684 3.25
    endloop
  endfacet
  facet normal 0.8660254037844334 -0.5000000000000092 0
    outer loop
      vertex 329.0853469552952 203.89132539030248 2.5
      vertex 329.5714043094898 204.73320142316 2.5
      vertex 329.5714043094898 204.73320142316 3.25
    endloop
  endfacet
  facet normal 0.8660254037844334 -0.5000000000000092 0
    outer loop
      vertex 329.0853469552952 203.89132539030248 2.5
      vertex 329.5714043094898 204.73320142316 3.25
      vertex 329.0853469552952 203.89132539030248 3.25
    endloop
  endfacet
  facet normal 0.7926604015805436 -0.2575509768974668 0.5525911527208265
    outer loop
      vertex 329.0853469552952 203.89132539030248 2.5
      vertex 329.6142273897803 203.4724982107387 1.5461448319618967
      vertex 329.68556217939306 203.6240923551752 1.5144739611862992
    endloop
  endfacet
  facet normal 0.7217910109242444 -0.41672623445569407 0.5525911527208297
    outer loop
      vertex 329.0853469552952 203.89132539030248 2.5
      vertex 329.68556217939306 203.6240923551752 1.5144739611862992
      vertex 329.82810661315784 203.92701469640687 1.5567265298897706
    endloop
  endfacet
  facet normal 0.7217910109242007 -0.4167262344558217 0.5525911527207905
    outer loop
      vertex 329.0853469552952 203.89132539030248 2.5
      vertex 329.82810661315784 203.92701469640687 1.5567265298897706
      vertex 330.09726535583354 204.35114100916988 1.5249999999999986
    endloop
  endfacet
  facet normal 0.7217910109242088 -0.41672623445575435 0.5525911527208307
    outer loop
      vertex 329.0853469552952 203.89132539030248 2.5
      vertex 330.09726535583354 204.35114100916988 1.5249999999999986
      vertex 329.5714043094898 204.73320142316 2.5
    endloop
  endfacet
  facet normal 0.7217910109242126 -0.41672623445575646 -0.5525911527208243
    outer loop
      vertex 329.0853469552952 203.89132539030248 3.25
      vertex 329.5714043094898 204.73320142316 3.25
      vertex 329.9759128066773 204.43930879701375 4
    endloop
  endfacet
  facet normal 0.7217910109242126 -0.41672623445575124 -0.552591152720828
    outer loop
      vertex 329.0853469552952 203.89132539030248 3.25
      vertex 329.9759128066773 204.43930879701375 4
      vertex 329.5421196841165 203.68795706876458 4
    endloop
  endfacet
  facet normal 0.9945218953682747 0.104528463267641 0
    outer loop
      vertex 329.18333333333334 202 4
      vertex 329.18333333333334 202 10
      vertex 329.27402079028803 201.13716648310628 4
    endloop
  endfacet
  facet normal 0.9945218953682747 -0.104528463267641 0
    outer loop
      vertex 329.18333333333334 202 4
      vertex 329.27402079028803 202.86283351689372 4
      vertex 329.27402079028803 202.86283351689372 10
    endloop
  endfacet
  facet normal 0.9945218953682747 -0.104528463267641 0
    outer loop
      vertex 329.18333333333334 202 4
      vertex 329.27402079028803 202.86283351689372 10
      vertex 329.18333333333334 202 10
    endloop
  endfacet
  facet normal 0.9945218953682747 0.104528463267641 0
    outer loop
      vertex 329.18333333333334 202 10
      vertex 329.27402079028803 201.13716648310628 10
      vertex 329.27402079028803 201.13716648310628 4
    endloop
  endfacet
  facet normal 0.9510565162951544 0.30901699437494495 0
    outer loop
      vertex 329.27402079028803 201.13716648310628 4
      vertex 329.27402079028803 201.13716648310628 10
      vertex 329.5421196841165 200.31204293123542 4
    endloop
  endfacet
  facet normal 0.9510565162951544 0.30901699437494495 0
    outer loop
      vertex 329.27402079028803 201.13716648310628 10
      vertex 329.5421196841165 200.31204293123542 10
      vertex 329.5421196841165 200.31204293123542 4
    endloop
  endfacet
  facet normal 0.9510565162951544 -0.30901699437494495 0
    outer loop
      vertex 329.27402079028803 202.86283351689372 4
      vertex 329.5421196841165 203.68795706876458 4
      vertex 329.5421196841165 203.68795706876458 10
    endloop
  endfacet
  facet normal 0.9510565162951544 -0.30901699437494495 0
    outer loop
      vertex 329.27402079028803 202.86283351689372 4
      vertex 329.5421196841165 203.68795706876458 10
      vertex 329.27402079028803 202.86283351689372 10
    endloop
  endfacet
  facet normal 0.9980267284282714 0.0627905195293152 0
    outer loop
      vertex 329.3333333333333 202 0.8000000000000007
      vertex 329.3333333333333 202 1.5249999999999986
      vertex 329.3648745280754 201.49866706574278 0.8000000000000007
    endloop
  endfacet
  facet normal 0 0 1
    outer loop
      vertex 329.3333333333333 202 0.8000000000000007
      vertex 329.3648745280754 201.49866706574278 0.8000000000000007
      vertex 329.3648745280754 202.50133293425722 0.8000000000000007
    endloop
  endfacet
  facet normal 0.9980267284282714 -0.0627905195293152 0
    outer loop
      vertex 329.3333333333333 202 0.8000000000000007
      vertex 329.3648745280754 202.50133293425722 0.8000000000000007
      vertex 329.3333333333333 202 1.5249999999999986
    endloop
  endfacet
  facet normal 0.9980267284282714 0.0627905195293152 0
    outer loop
      vertex 329.3333333333333 202 1.5249999999999986
      vertex 329.3648745280754 201.49866706574278 1.5567265298897706
      vertex 329.3648745280754 201.49866706574278 0.8000000000000007
    endloop
  endfacet
  facet normal 0.9980267284282714 -0.0627905195293152 0
    outer loop
      vertex 329.3333333333333 202 1.5249999999999986
      vertex 329.3648745280754 202.50133293425722 0.8000000000000007
      vertex 329.3648745280754 202.50133293425722 1.5567265298897706
    endloop
  endfacet
  facet normal 0.9822872507287013 0.1873813145856578 0
    outer loop
      vertex 329.3648745280754 201.49866706574278 0.8000000000000007
      vertex 329.3648745280754 201.49866706574278 1.5567265298897706
      vertex 329.427606943472 201.1698122277472 1.5144739611862992
    endloop
  endfacet
  facet normal 0.9822872507286948 0.18738131458569246 1.652082934583493e-14
    outer loop
      vertex 329.3648745280754 201.49866706574278 0.8000000000000007
      vertex 329.427606943472 201.1698122277472 1.5144739611862992
      vertex 329.4590006888188 201.00524045134057 0.8000000000000007
    endloop
  endfacet
  facet normal 0 0 1
    outer loop
      vertex 329.3648745280754 201.49866706574278 0.8000000000000007
      vertex 329.4590006888188 201.00524045134057 0.8000000000000007
      vertex 329.4590006888188 202.99475954865943 0.8000000000000007
    endloop
  endfacet
  facet normal 0 0 1
    outer loop
      vertex 329.3648745280754 201.49866706574278 0.8000000000000007
      vertex 329.4590006888188 202.99475954865943 0.8000000000000007
      vertex 329.3648745280754 202.50133293425722 0.8000000000000007
    endloop
  endfacet
  facet normal 0.9822872507287013 -0.1873813145856578 0
    outer loop
      vertex 329.3648745280754 202.50133293425722 0.8000000000000007
      vertex 329.427606943472 202.8301877722528 1.5144739611862992
      vertex 329.3648745280754 202.50133293425722 1.5567265298897706
    endloop
  endfacet
  facet normal 0.9822872507286948 -0.18738131458569246 1.652082934583493e-14
    outer loop
      vertex 329.3648745280754 202.50133293425722 0.8000000000000007
      vertex 329.4590006888188 202.99475954865943 0.8000000000000007
      vertex 329.427606943472 202.8301877722528 1.5144739611862992
    endloop
  endfacet
  facet normal 0.9822872507286816 0.18738131458576163 0
    outer loop
      vertex 329.427606943472 201.1698122277472 1.5144739611862992
      vertex 329.4590006888188 201.00524045134057 1.5461448319618967
      vertex 329.4590006888188 201.00524045134057 0.8000000000000007
    endloop
  endfacet
  facet normal 0.9822872507286816 -0.18738131458576163 0
    outer loop
      vertex 329.427606943472 202.8301877722528 1.5144739611862992
      vertex 329.4590006888188 202.99475954865943 0.8000000000000007
      vertex 329.4590006888188 202.99475954865943 1.5461448319618967
    endloop
  endfacet
  facet normal 0.9510565162951493 0.3090169943749609 0
    outer loop
      vertex 329.4590006888188 201.00524045134057 0.8000000000000007
      vertex 329.4590006888188 201.00524045134057 1.5461448319618967
      vertex 329.6142273897803 200.5275017892613 1.5461448319618967
    endloop
  endfacet
  facet normal 0 0 1
    outer loop
      vertex 329.4590006888188 201.00524045134057 0.8000000000000007
      vertex 329.6142273897803 200.5275017892613 0.8000000000000007
      vertex 329.6142273897803 203.4724982107387 0.8000000000000007
    endloop
  endfacet
  facet normal 0.9510565162951493 0.3090169943749609 0
    outer loop
      vertex 329.4590006888188 201.00524045134057 0.8000000000000007
      vertex 329.6142273897803 200.5275017892613 1.5461448319618967
      vertex 329.6142273897803 200.5275017892613 0.8000000000000007
    endloop
  endfacet
  facet normal 0 0 1
    outer loop
      vertex 329.4590006888188 201.00524045134057 0.8000000000000007
      vertex 329.6142273897803 203.4724982107387 0.8000000000000007
      vertex 329.4590006888188 202.99475954865943 0.8000000000000007
    endloop
  endfacet
  facet normal 0.9510565162951493 -0.3090169943749609 0
    outer loop
      vertex 329.4590006888188 202.99475954865943 0.8000000000000007
      vertex 329.6142273897803 203.4724982107387 0.8000000000000007
      vertex 329.4590006888188 202.99475954865943 1.5461448319618967
    endloop
  endfacet
  facet normal 0.9510565162951493 -0.3090169943749609 0
    outer loop
      vertex 329.4590006888188 202.99475954865943 1.5461448319618967
      vertex 329.6142273897803 203.4724982107387 0.8000000000000007
      vertex 329.6142273897803 203.4724982107387 1.5461448319618967
    endloop
  endfacet
  facet normal 0.866025403784436 0.5000000000000046 0
    outer loop
      vertex 329.5421196841165 200.31204293123542 4
      vertex 329.5421196841165 200.31204293123542 10
      vertex 329.9759128066773 199.56069120298625 4
    endloop
  endfacet
  facet normal 0.866025403784436 0.5000000000000046 0
    outer loop
      vertex 329.5421196841165 200.31204293123542 10
      vertex 329.9759128066773 199.56069120298625 10
      vertex 329.9759128066773 199.56069120298625 4
    endloop
  endfacet
  facet normal 0.866025403784436 -0.5000000000000046 0
    outer loop
      vertex 329.5421196841165 203.68795706876458 4
      vertex 329.9759128066773 204.43930879701375 4
      vertex 329.9759128066773 204.43930879701375 10
    endloop
  endfacet
  facet normal 0.866025403784436 -0.5000000000000046 0
    outer loop
      vertex 329.5421196841165 203.68795706876458 4
      vertex 329.9759128066773 204.43930879701375 10
      vertex 329.5421196841165 203.68795706876458 10
    endloop
  endfacet
  facet normal 0.7431448254773803 0.6691306063588737 0
    outer loop
      vertex 329.5714043094898 199.26679857684 2.5
      vertex 329.5714043094898 199.26679857684 3.25
      vertex 330.22187601376464 198.54437656153013 2.5
    endloop
  endfacet
  facet normal 0.6193758895529372 0.5576885558940602 0.5525911527208025
    outer loop
      vertex 329.5714043094898 199.26679857684 2.5
      vertex 330.22187601376464 198.54437656153013 2.5
      vertex 330.6615064377205 199.03263561227521 1.514473961186301
    endloop
  endfacet
  facet normal 0.6193758895529422 0.5576885558940247 0.552591152720833
    outer loop
      vertex 329.5714043094898 199.26679857684 2.5
      vertex 330.4174588236477 199.26181157628525 1.5567265298897706
      vertex 330.09726535583354 199.64885899083012 1.5249999999999986
    endloop
  endfacet
  facet normal 0.6193758895529666 0.5576885558939753 0.5525911527208552
    outer loop
      vertex 329.5714043094898 199.26679857684 2.5
      vertex 330.6615064377205 199.03263561227521 1.514473961186301
      vertex 330.4174588236477 199.26181157628525 1.5567265298897706
    endloop
  endfacet
  facet normal 0.6193758895529327 0.5576885558940406 -0.5525911527208274
    outer loop
      vertex 329.5714043094898 199.26679857684 3.25
      vertex 329.9759128066773 199.56069120298625 4
      vertex 330.5564413169441 198.91594897426882 4
    endloop
  endfacet
  facet normal 0.7431448254773803 0.6691306063588737 0
    outer loop
      vertex 329.5714043094898 199.26679857684 3.25
      vertex 330.22187601376464 198.54437656153013 3.25
      vertex 330.22187601376464 198.54437656153013 2.5
    endloop
  endfacet
  facet normal 0.6193758895529298 0.5576885558940535 -0.5525911527208176
    outer loop
      vertex 329.5714043094898 199.26679857684 3.25
      vertex 330.5564413169441 198.91594897426882 4
      vertex 330.22187601376464 198.54437656153013 3.25
    endloop
  endfacet
  facet normal 0.6193758895529422 -0.5576885558940247 0.552591152720833
    outer loop
      vertex 329.5714043094898 204.73320142316 2.5
      vertex 330.09726535583354 204.35114100916988 1.5249999999999986
      vertex 330.4174588236477 204.73818842371475 1.5567265298897706
    endloop
  endfacet
  facet normal 0.7431448254773803 -0.6691306063588737 0
    outer loop
      vertex 329.5714043094898 204.73320142316 2.5
      vertex 330.22187601376464 205.45562343846987 2.5
      vertex 330.22187601376464 205.45562343846987 3.25
    endloop
  endfacet
  facet normal 0.7431448254773803 -0.6691306063588737 0
    outer loop
      vertex 329.5714043094898 204.73320142316 2.5
      vertex 330.22187601376464 205.45562343846987 3.25
      vertex 329.5714043094898 204.73320142316 3.25
    endloop
  endfacet
  facet normal 0.6193758895529666 -0.5576885558939753 0.5525911527208552
    outer loop
      vertex 329.5714043094898 204.73320142316 2.5
      vertex 330.4174588236477 204.73818842371475 1.5567265298897706
      vertex 330.6615064377205 204.96736438772479 1.514473961186301
    endloop
  endfacet
  facet normal 0.6193758895529372 -0.5576885558940602 0.5525911527208025
    outer loop
      vertex 329.5714043094898 204.73320142316 2.5
      vertex 330.6615064377205 204.96736438772479 1.514473961186301
      vertex 330.22187601376464 205.45562343846987 2.5
    endloop
  endfacet
  facet normal 0.6193758895529298 -0.5576885558940535 -0.5525911527208176
    outer loop
      vertex 329.5714043094898 204.73320142316 3.25
      vertex 330.22187601376464 205.45562343846987 3.25
      vertex 330.5564413169441 205.08405102573118 4
    endloop
  endfacet
  facet normal 0.6193758895529327 -0.5576885558940406 -0.5525911527208274
    outer loop
      vertex 329.5714043094898 204.73320142316 3.25
      vertex 330.5564413169441 205.08405102573118 4
      vertex 329.9759128066773 204.43930879701375 4
    endloop
  endfacet
  facet normal 0.9048270524659859 0.4257792915651436 0
    outer loop
      vertex 329.6142273897803 200.5275017892613 0.8000000000000007
      vertex 329.6142273897803 200.5275017892613 1.5461448319618967
      vertex 329.68556217939306 200.3759076448248 1.5144739611862992
    endloop
  endfacet
  facet normal 0.9048270524660292 0.4257792915650521 -2.372271223796276e-14
    outer loop
      vertex 329.6142273897803 200.5275017892613 0.8000000000000007
      vertex 329.68556217939306 200.3759076448248 1.5144739611862992
      vertex 329.82810661315784 200.07298530359313 0.8000000000000007
    endloop
  endfacet
  facet normal 0 0 1
    outer loop
      vertex 329.6142273897803 200.5275017892613 0.8000000000000007
      vertex 329.82810661315784 200.07298530359313 0.8000000000000007
      vertex 329.82810661315784 203.92701469640687 0.8000000000000007
    endloop
  endfacet
  facet normal 0 0 1
    outer loop
      vertex 329.6142273897803 200.5275017892613 0.8000000000000007
      vertex 329.82810661315784 203.92701469640687 0.8000000000000007
      vertex 329.6142273897803 203.4724982107387 0.8000000000000007
    endloop
  endfacet
  facet normal 0.9048270524659859 -0.4257792915651436 0
    outer loop
      vertex 329.6142273897803 203.4724982107387 0.8000000000000007
      vertex 329.68556217939306 203.6240923551752 1.5144739611862992
      vertex 329.6142273897803 203.4724982107387 1.5461448319618967
    endloop
  endfacet
  facet normal 0.9048270524660292 -0.4257792915650521 -2.372271223796276e-14
    outer loop
      vertex 329.6142273897803 203.4724982107387 0.8000000000000007
      vertex 329.82810661315784 203.92701469640687 0.8000000000000007
      vertex 329.68556217939306 203.6240923551752 1.5144739611862992
    endloop
  endfacet
  facet normal 0.9048270524660508 0.4257792915650063 0
    outer loop
      vertex 329.68556217939306 200.3759076448248 1.5144739611862992
      vertex 329.82810661315784 200.07298530359313 1.5567265298897706
      vertex 329.82810661315784 200.07298530359313 0.8000000000000007
    endloop
  endfacet
  facet normal 0.9048270524660508 -0.4257792915650063 0
    outer loop
      vertex 329.68556217939306 203.6240923551752 1.5144739611862992
      vertex 329.82810661315784 203.92701469640687 0.8000000000000007
      vertex 329.82810661315784 203.92701469640687 1.5567265298897706
    endloop
  endfacet
  facet normal 0.10279651775781505 -0.9947024057158338 0
    outer loop
      vertex 329.82433197150624 84.80031836777925 0
      vertex 332.9338993231455 85.12167347222567 0
      vertex 332.9338993231455 85.12167347222567 10
    endloop
  endfacet
  facet normal 0.10279651775781505 -0.9947024057158338 0
    outer loop
      vertex 329.82433197150624 84.80031836777925 0
      vertex 332.9338993231455 85.12167347222567 10
      vertex 329.82433197150624 84.80031836777925 10
    endloop
  endfacet
  facet normal 0.8443279255019701 0.5358267949790676 0
    outer loop
      vertex 329.82810661315784 200.07298530359313 0.8000000000000007
      vertex 329.82810661315784 200.07298530359313 1.5567265298897706
      vertex 330.09726535583354 199.64885899083012 1.5249999999999986
    endloop
  endfacet
  facet normal 0 0 1
    outer loop
      vertex 329.82810661315784 200.07298530359313 0.8000000000000007
      vertex 330.09726535583354 199.64885899083012 0.8000000000000007
      vertex 330.09726535583354 204.35114100916988 0.8000000000000007
    endloop
  endfacet
  facet normal 0.84432792550197 0.5358267949790676 0
    outer loop
      vertex 329.82810661315784 200.07298530359313 0.8000000000000007
      vertex 330.09726535583354 199.64885899083012 1.5249999999999986
      vertex 330.09726535583354 199.64885899083012 0.8000000000000007
    endloop
  endfacet
  facet normal 0 0 1
    outer loop
      vertex 329.82810661315784 200.07298530359313 0.8000000000000007
      vertex 330.09726535583354 204.35114100916988 0.8000000000000007
      vertex 329.82810661315784 203.92701469640687 0.8000000000000007
    endloop
  endfacet
  facet normal 0.8443279255019701 -0.5358267949790676 0
    outer loop
      vertex 329.82810661315784 203.92701469640687 0.8000000000000007
      vertex 330.09726535583354 204.35114100916988 0.8000000000000007
      vertex 329.82810661315784 203.92701469640687 1.5567265298897706
    endloop
  endfacet
  facet normal 0.8443279255019701 -0.5358267949790675 0
    outer loop
      vertex 329.82810661315784 203.92701469640687 1.5567265298897706
      vertex 330.09726535583354 204.35114100916988 0.8000000000000007
      vertex 330.09726535583354 204.35114100916988 1.5249999999999986
    endloop
  endfacet
  facet normal 0.7431448254773895 0.6691306063588633 0
    outer loop
      vertex 329.9759128066773 199.56069120298625 4
      vertex 329.9759128066773 199.56069120298625 10
      vertex 330.5564413169441 198.91594897426882 4
    endloop
  endfacet
  facet normal 0.7431448254773895 0.6691306063588633 0
    outer loop
      vertex 329.9759128066773 199.56069120298625 10
      vertex 330.5564413169441 198.91594897426882 10
      vertex 330.5564413169441 198.91594897426882 4
    endloop
  endfacet
  facet normal 0.7431448254773895 -0.6691306063588633 0
    outer loop
      vertex 329.9759128066773 204.43930879701375 4
      vertex 330.5564413169441 205.08405102573118 4
      vertex 330.5564413169441 205.08405102573118 10
    endloop
  endfacet
  facet normal 0.7431448254773895 -0.6691306063588633 0
    outer loop
      vertex 329.9759128066773 204.43930879701375 4
      vertex 330.5564413169441 205.08405102573118 10
      vertex 329.9759128066773 204.43930879701375 10
    endloop
  endfacet
  facet normal 0.7705132427758008 0.6374239897486758 0
    outer loop
      vertex 330.09726535583354 199.64885899083012 0.8000000000000007
      vertex 330.09726535583354 199.64885899083012 1.5249999999999986
      vertex 330.4174588236477 199.26181157628525 0.8000000000000007
    endloop
  endfacet
  facet normal 0 0 1
    outer loop
      vertex 330.09726535583354 199.64885899083012 0.8000000000000007
      vertex 330.4174588236477 199.26181157628525 0.8000000000000007
      vertex 330.4174588236477 204.73818842371475 0.8000000000000007
    endloop
  endfacet
  facet normal 0 0 1
    outer loop
      vertex 330.09726535583354 199.64885899083012 0.8000000000000007
      vertex 330.4174588236477 204.73818842371475 0.8000000000000007
      vertex 330.09726535583354 204.35114100916988 0.8000000000000007
    endloop
  endfacet
  facet normal 0.7705132427758008 0.6374239897486756 0
    outer loop
      vertex 330.09726535583354 199.64885899083012 1.5249999999999986
      vertex 330.4174588236477 199.26181157628525 1.5567265298897706
      vertex 330.4174588236477 199.26181157628525 0.8000000000000007
    endloop
  endfacet
  facet normal 0.7705132427758008 -0.6374239897486758 0
    outer loop
      vertex 330.09726535583354 204.35114100916988 0.8000000000000007
      vertex 330.4174588236477 204.73818842371475 0.8000000000000007
      vertex 330.09726535583354 204.35114100916988 1.5249999999999986
    endloop
  endfacet
  facet normal 0.7705132427758008 -0.6374239897486756 0
    outer loop
      vertex 330.09726535583354 204.35114100916988 1.5249999999999986
      vertex 330.4174588236477 204.73818842371475 0.8000000000000007
      vertex 330.4174588236477 204.73818842371475 1.5567265298897706
    endloop
  endfacet
  facet normal 0.5877852522924869 0.8090169943749373 0
    outer loop
      vertex 330.22187601376464 198.54437656153013 2.5
      vertex 330.22187601376464 198.54437656153013 3.25
      vertex 331.0083333333333 197.97298187240236 3.25
    endloop
  endfacet
  facet normal 0.4898910697128869 0.6742772113532081 0.552591152720802
    outer loop
      vertex 330.22187601376464 198.54437656153013 2.5
      vertex 330.7836373743386 198.91794702889683 1.5461448319618967
      vertex 330.6615064377205 199.03263561227521 1.514473961186301
    endloop
  endfacet
  facet normal 0.4898910697129464 0.6742772113531584 0.5525911527208097
    outer loop
      vertex 330.22187601376464 198.54437656153013 2.5
      vertex 331.0083333333333 197.97298187240236 2.5
      vertex 331.1900261534173 198.62268829799194 1.5461448319618967
    endloop
  endfacet
  facet normal 0.5877852522924869 0.8090169943749373 0
    outer loop
      vertex 330.22187601376464 198.54437656153013 2.5
      vertex 331.0083333333333 197.97298187240236 3.25
      vertex 331.0083333333333 197.97298187240236 2.5
    endloop
  endfacet
  facet normal 0.4898910697129555 0.674277211353145 0.5525911527208179
    outer loop
      vertex 330.22187601376464 198.54437656153013 2.5
      vertex 331.1900261534173 198.62268829799194 1.5461448319618967
      vertex 330.7836373743386 198.91794702889683 1.5461448319618967
    endloop
  endfacet
  facet normal 0.48989106971294394 0.6742772113531551 -0.552591152720816
    outer loop
      vertex 330.22187601376464 198.54437656153013 3.25
      vertex 330.5564413169441 198.91594897426882 4
      vertex 331.0083333333333 197.97298187240236 3.25
    endloop
  endfacet
  facet normal 0.4898910697128869 -0.6742772113532081 0.552591152720802
    outer loop
      vertex 330.22187601376464 205.45562343846987 2.5
      vertex 330.6615064377205 204.96736438772479 1.514473961186301
      vertex 330.7836373743386 205.08205297110317 1.5461448319618967
    endloop
  endfacet
  facet normal 0.48989106971294416 -0.6742772113531553 0.5525911527208153
    outer loop
      vertex 330.22187601376464 205.45562343846987 2.5
      vertex 330.7836373743386 205.08205297110317 1.5461448319618967
      vertex 331.0083333333333 206.02701812759764 2.5
    endloop
  endfacet
  facet normal 0.5877852522924869 -0.8090169943749373 0
    outer loop
      vertex 330.22187601376464 205.45562343846987 2.5
      vertex 331.0083333333333 206.02701812759764 2.5
      vertex 330.22187601376464 205.45562343846987 3.25
    endloop
  endfacet
  facet normal 0.5877852522924869 -0.8090169943749373 0
    outer loop
      vertex 330.22187601376464 205.45562343846987 3.25
      vertex 331.0083333333333 206.02701812759764 2.5
      vertex 331.0083333333333 206.02701812759764 3.25
    endloop
  endfacet
  facet normal 0.48989106971294394 -0.6742772113531551 -0.552591152720816
    outer loop
      vertex 330.22187601376464 205.45562343846987 3.25
      vertex 331.0083333333333 206.02701812759764 3.25
      vertex 330.5564413169441 205.08405102573118 4
    endloop
  endfacet
  facet normal 0.036995027720394674 0.9993154496573978 0
    outer loop
      vertex 330.3182666699091 124.32320000231266 0
      vertex 330.3182666699091 124.32320000231266 10
      vertex 333.2567482988039 124.21441632509232 0
    endloop
  endfacet
  facet normal 0 0 -1
    outer loop
      vertex 330.3182666699091 124.32320000231266 0
      vertex 333.2567482988039 124.21441632509232 0
      vertex 335.8225687096516 85.6572653055191 0
    endloop
  endfacet
  facet normal 0 0 -1
    outer loop
      vertex 330.3182666699091 124.32320000231266 0
      vertex 335.8225687096516 85.6572653055191 0
      vertex 332.9338993231455 85.12167347222567 0
    endloop
  endfacet
  facet normal 0.036995027720394674 0.9993154496573978 0
    outer loop
      vertex 330.3182666699091 124.32320000231266 10
      vertex 333.2567482988039 124.21441632509232 10
      vertex 333.2567482988039 124.21441632509232 0
    endloop
  endfacet
  facet normal 0 0 1
    outer loop
      vertex 330.3182666699091 124.32320000231266 10
      vertex 343.1631891156236 88.54946122318506 10
      vertex 333.2567482988039 124.21441632509232 10
    endloop
  endfacet
  facet normal 0.6845471059287375 0.7289686274213657 0
    outer loop
      vertex 330.4174588236477 199.26181157628525 0.8000000000000007
      vertex 330.4174588236477 199.26181157628525 1.5567265298897706
      vertex 330.6615064377205 199.03263561227521 1.514473961186301
    endloop
  endfacet
  facet normal 0.6845471059286916 0.7289686274214089 2.950355246546876e-14
    outer loop
      vertex 330.4174588236477 199.26181157628525 0.8000000000000007
      vertex 330.6615064377205 199.03263561227521 1.514473961186301
      vertex 330.7836373743386 198.91794702889683 0.8000000000000007
    endloop
  endfacet
  facet normal 0 0 1
    outer loop
      vertex 330.4174588236477 199.26181157628525 0.8000000000000007
      vertex 330.7836373743386 198.91794702889683 0.8000000000000007
      vertex 330.7836373743386 205.08205297110317 0.8000000000000007
    endloop
  endfacet
  facet normal 0 0 1
    outer loop
      vertex 330.4174588236477 199.26181157628525 0.8000000000000007
      vertex 330.7836373743386 205.08205297110317 0.8000000000000007
      vertex 330.4174588236477 204.73818842371475 0.8000000000000007
    endloop
  endfacet
  facet normal 0.6845471059287375 -0.7289686274213657 0
    outer loop
      vertex 330.4174588236477 204.73818842371475 0.8000000000000007
      vertex 330.6615064377205 204.96736438772479 1.514473961186301
      vertex 330.4174588236477 204.73818842371475 1.5567265298897706
    endloop
  endfacet
  facet normal 0.6845471059286916 -0.7289686274214089 2.950355246546876e-14
    outer loop
      vertex 330.4174588236477 204.73818842371475 0.8000000000000007
      vertex 330.7836373743386 205.08205297110317 0.8000000000000007
      vertex 330.6615064377205 204.96736438772479 1.514473961186301
    endloop
  endfacet
  facet normal -0.03425931676503875 -0.9994129773095768 0
    outer loop
      vertex 330.48026667038596 136.36640000343323 0
      vertex 335.25256870935357 136.20280816406012 0
      vertex 335.25256870935357 136.20280816406012 10
    endloop
  endfacet
  facet normal -0.03425931676503875 -0.9994129773095768 0
    outer loop
      vertex 330.48026667038596 136.36640000343323 0
      vertex 335.25256870935357 136.20280816406012 10
      vertex 330.48026667038596 136.36640000343323 10
    endloop
  endfacet
  facet normal 0 0 -1
    outer loop
      vertex 330.48026667038596 136.36640000343323 0
      vertex 465 250 0
      vertex 335.25256870935357 136.20280816406012 0
    endloop
  endfacet
  facet normal 0 0 1
    outer loop
      vertex 330.48026667038596 136.36640000343323 10
      vertex 335.25256870935357 136.20280816406012 10
      vertex 465 250 10
    endloop
  endfacet
  facet normal 0.5877852522924888 0.809016994374936 0
    outer loop
      vertex 330.5564413169441 198.91594897426882 4
      vertex 330.5564413169441 198.91594897426882 10
      vertex 331.2583333333333 198.40599457429457 4
    endloop
  endfacet
  facet normal 0.4898910697129461 0.6742772113531548 -0.5525911527208143
    outer loop
      vertex 330.5564413169441 198.91594897426882 4
      vertex 331.2583333333333 198.40599457429457 4
      vertex 331.0083333333333 197.97298187240236 3.25
    endloop
  endfacet
  facet normal 0.5877852522924888 0.809016994374936 0
    outer loop
      vertex 330.5564413169441 198.91594897426882 10
      vertex 331.2583333333333 198.40599457429457 10
      vertex 331.2583333333333 198.40599457429457 4
    endloop
  endfacet
  facet normal 0.4898910697129461 -0.6742772113531548 -0.5525911527208143
    outer loop
      vertex 330.5564413169441 205.08405102573118 4
      vertex 331.0083333333333 206.02701812759764 3.25
      vertex 331.2583333333333 205.59400542570543 4
    endloop
  endfacet
  facet normal 0.5877852522924888 -0.809016994374936 0
    outer loop
      vertex 330.5564413169441 205.08405102573118 4
      vertex 331.2583333333333 205.59400542570543 4
      vertex 331.2583333333333 205.59400542570543 10
    endloop
  endfacet
  facet normal 0.5877852522924888 -0.809016994374936 0
    outer loop
      vertex 330.5564413169441 205.08405102573118 4
      vertex 331.2583333333333 205.59400542570543 10
      vertex 330.5564413169441 205.08405102573118 10
    endloop
  endfacet
  facet normal 0.09164651975316034 0.9957916024034014 0
    outer loop
      vertex 330.57154013464844 71.89128163456917 0
      vertex 330.57154013464844 71.89128163456917 10
      vertex 334.06324626008666 71.56992653012276 0
    endloop
  endfacet
  facet normal 0 0 1
    outer loop
      vertex 330.57154013464844 71.89128163456917 10
      vertex 331.13186666617787 30.497599996626377 10
      vertex 334.1965442175666 30.60885713994503 10
    endloop
  endfacet
  facet normal 0.09164651975316034 0.9957916024034014 0
    outer loop
      vertex 330.57154013464844 71.89128163456917 10
      vertex 334.06324626008666 71.56992653012276 10
      vertex 334.06324626008666 71.56992653012276 0
    endloop
  endfacet
  facet normal 0 0 1
    outer loop
      vertex 330.57154013464844 71.89128163456917 10
      vertex 334.1965442175666 30.60885713994503 10
      vertex 337.06691973159707 30.94262856990099 10
    endloop
  endfacet
  facet normal 0 0 1
    outer loop
      vertex 330.57154013464844 71.89128163456917 10
      vertex 337.06691973159707 30.94262856990099 10
      vertex 339.74299320081866 31.498914286494255 10
    endloop
  endfacet
  facet normal 0 0 1
    outer loop
      vertex 330.57154013464844 71.89128163456917 10
      vertex 339.74299320081866 31.498914286494255 10
      vertex 342.2247646252314 32.277714282274246 10
    endloop
  endfacet
  facet normal 0 0 1
    outer loop
      vertex 330.57154013464844 71.89128163456917 10
      vertex 342.2247646252314 32.277714282274246 10
      vertex 344.51223401228583 33.279028572142124 10
    endloop
  endfacet
  facet normal 0 0 1
    outer loop
      vertex 330.57154013464844 71.89128163456917 10
      vertex 344.51223401228583 33.279028572142124 10
      vertex 346.605401361982 34.50285714119673 10
    endloop
  endfacet
  facet normal 0 0 1
    outer loop
      vertex 330.57154013464844 71.89128163456917 10
      vertex 346.605401361982 34.50285714119673 10
      vertex 348.5042666668693 35.94919999688864 10
    endloop
  endfacet
  facet normal 0 0 1
    outer loop
      vertex 330.57154013464844 71.89128163456917 10
      vertex 348.5042666668693 35.94919999688864 10
      vertex 350.17760544518626 37.61506938934326 10
    endloop
  endfacet
  facet normal 0 0 1
    outer loop
      vertex 330.57154013464844 71.89128163456917 10
      vertex 350.17760544518626 37.61506938934326 10
      vertex 351.59350748608506 39.49679183959961 10
    endloop
  endfacet
  facet normal 0 0 1
    outer loop
      vertex 330.57154013464844 71.89128163456917 10
      vertex 351.59350748608506 39.49679183959961 10
      vertex 352.7519727895657 41.59436734765768 10
    endloop
  endfacet
  facet normal 0 0 1
    outer loop
      vertex 330.57154013464844 71.89128163456917 10
      vertex 352.46005442241824 61.495951019227505 10
      vertex 334.06324626008666 71.56992653012276 10
    endloop
  endfacet
  facet normal 0 0 1
    outer loop
      vertex 330.57154013464844 71.89128163456917 10
      vertex 352.7519727895657 41.59436734765768 10
      vertex 353.6530013630787 43.907795920968056 10
    endloop
  endfacet
  facet normal 0 0 1
    outer loop
      vertex 330.57154013464844 71.89128163456917 10
      vertex 353.48879727969563 59.40932244807482 10
      vertex 352.46005442241824 61.495951019227505 10
    endloop
  endfacet
  facet normal 0 0 1
    outer loop
      vertex 330.57154013464844 71.89128163456917 10
      vertex 353.6530013630787 43.907795920968056 10
      vertex 354.29659319917357 46.437077552080154 10
    endloop
  endfacet
  facet normal 0 0 1
    outer loop
      vertex 330.57154013464844 71.89128163456917 10
      vertex 354.2236136073867 57.15498775243759 10
      vertex 353.48879727969563 59.40932244807482 10
    endloop
  endfacet
  facet normal 0 0 1
    outer loop
      vertex 330.57154013464844 71.89128163456917 10
      vertex 354.29659319917357 46.437077552080154 10
      vertex 354.68274829785025 49.18221224844456 10
    endloop
  endfacet
  facet normal 0 0 1
    outer loop
      vertex 330.57154013464844 71.89128163456917 10
      vertex 354.6645033980409 54.73294693976641 10
      vertex 354.2236136073867 57.15498775243759 10
    endloop
  endfacet
  facet normal 0 0 1
    outer loop
      vertex 330.57154013464844 71.89128163456917 10
      vertex 354.68274829785025 49.18221224844456 10
      vertex 354.81146666655934 52.14320000261068 10
    endloop
  endfacet
  facet normal 0 0 1
    outer loop
      vertex 330.57154013464844 71.89128163456917 10
      vertex 354.81146666655934 52.14320000261068 10
      vertex 354.6645033980409 54.73294693976641 10
    endloop
  endfacet
  facet normal 0.6845471059285999 0.728968627421495 0
    outer loop
      vertex 330.6615064377205 199.03263561227521 1.514473961186301
      vertex 330.7836373743386 198.91794702889683 1.5461448319618967
      vertex 330.7836373743386 198.91794702889683 0.8000000000000007
    endloop
  endfacet
  facet normal 0.6845471059285999 -0.728968627421495 0
    outer loop
      vertex 330.6615064377205 204.96736438772479 1.514473961186301
      vertex 330.7836373743386 205.08205297110317 0.8000000000000007
      vertex 330.7836373743386 205.08205297110317 1.5461448319618967
    endloop
  endfacet
  facet normal 0.5877852522925018 0.8090169943749267 0
    outer loop
      vertex 330.7836373743386 198.91794702889683 0.8000000000000007
      vertex 330.7836373743386 198.91794702889683 1.5461448319618967
      vertex 331.1900261534173 198.62268829799194 1.5461448319618967
    endloop
  endfacet
  facet normal 0 0 1
    outer loop
      vertex 330.7836373743386 198.91794702889683 0.8000000000000007
      vertex 331.1900261534173 198.62268829799194 0.8000000000000007
      vertex 331.1900261534173 205.37731170200806 0.8000000000000007
    endloop
  endfacet
  facet normal 0.5877852522925018 0.8090169943749267 0
    outer loop
      vertex 330.7836373743386 198.91794702889683 0.8000000000000007
      vertex 331.1900261534173 198.62268829799194 1.5461448319618967
      vertex 331.1900261534173 198.62268829799194 0.8000000000000007
    endloop
  endfacet
  facet normal 0 0 1
    outer loop
      vertex 330.7836373743386 198.91794702889683 0.8000000000000007
      vertex 331.1900261534173 205.37731170200806 0.8000000000000007
      vertex 330.7836373743386 205.08205297110317 0.8000000000000007
    endloop
  endfacet
  facet normal 0.5877852522925018 -0.8090169943749267 0
    outer loop
      vertex 330.7836373743386 205.08205297110317 0.8000000000000007
      vertex 331.1900261534173 205.37731170200806 0.8000000000000007
      vertex 330.7836373743386 205.08205297110317 1.5461448319618967
    endloop
  endfacet
  facet normal 0.5877852522925018 -0.8090169943749267 0
    outer loop
      vertex 330.7836373743386 205.08205297110317 1.5461448319618967
      vertex 331.1900261534173 205.37731170200806 0.8000000000000007
      vertex 331.1900261534173 205.37731170200806 1.5461448319618967
    endloop
  endfacet
  facet normal 0.48989106971295965 -0.6742772113531508 0.552591152720807
    outer loop
      vertex 330.7836373743386 205.08205297110317 1.5461448319618967
      vertex 331.1900261534173 205.37731170200806 1.5461448319618967
      vertex 331.0083333333333 206.02701812759764 2.5
    endloop
  endfacet
  facet normal 0.40673664307580054 0.9135454576426008 0
    outer loop
      vertex 331.0083333333333 197.97298187240236 2.5
      vertex 331.0083333333333 197.97298187240236 3.25
      vertex 331.8964043094898 197.57758719922754 3.25
    endloop
  endfacet
  facet normal 0.4898910697128124 0.6742772113532344 0.5525911527208358
    outer loop
      vertex 331.0083333333333 197.97298187240236 2.5
      vertex 331.3368420129379 198.54197559620485 1.5144739611862992
      vertex 331.1900261534173 198.62268829799194 1.5461448319618967
    endloop
  endfacet
  facet normal 0.33899565936834597 0.7613967171350832 0.5525911527208327
    outer loop
      vertex 331.0083333333333 197.97298187240236 2.5
      vertex 331.630216167073 198.38069179013593 1.5567265298897706
      vertex 331.3368420129379 198.54197559620485 1.5144739611862992
    endloop
  endfacet
  facet normal 0.3389956593683024 0.7613967171351136 0.552591152720817
    outer loop
      vertex 331.0083333333333 197.97298187240236 2.5
      vertex 331.8964043094898 197.57758719922754 2.5
      vertex 331.630216167073 198.38069179013593 1.5567265298897706
    endloop
  endfacet
  facet normal 0.40673664307580054 0.9135454576426008 0
    outer loop
      vertex 331.0083333333333 197.97298187240236 2.5
      vertex 331.8964043094898 197.57758719922754 3.25
      vertex 331.8964043094898 197.57758719922754 2.5
    endloop
  endfacet
  facet normal 0.33899565936830317 0.7613967171351154 -0.5525911527208143
    outer loop
      vertex 331.0083333333333 197.97298187240236 3.25
      vertex 331.2583333333333 198.40599457429457 4
      vertex 331.8964043094898 197.57758719922754 3.25
    endloop
  endfacet
  facet normal 0.4898910697128124 -0.6742772113532344 0.5525911527208358
    outer loop
      vertex 331.0083333333333 206.02701812759764 2.5
      vertex 331.1900261534173 205.37731170200806 1.5461448319618967
      vertex 331.3368420129379 205.45802440379515 1.5144739611862992
    endloop
  endfacet
  facet normal 0.33899565936829895 -0.7613967171351058 0.5525911527208301
    outer loop
      vertex 331.0083333333333 206.02701812759764 2.5
      vertex 331.3368420129379 205.45802440379515 1.5144739611862992
      vertex 331.8964043094898 206.42241280077246 2.5
    endloop
  endfacet
  facet normal 0.40673664307580054 -0.9135454576426008 0
    outer loop
      vertex 331.0083333333333 206.02701812759764 2.5
      vertex 331.8964043094898 206.42241280077246 2.5
      vertex 331.0083333333333 206.02701812759764 3.25
    endloop
  endfacet
  facet normal 0.40673664307580054 -0.9135454576426008 0
    outer loop
      vertex 331.0083333333333 206.02701812759764 3.25
      vertex 331.8964043094898 206.42241280077246 2.5
      vertex 331.8964043094898 206.42241280077246 3.25
    endloop
  endfacet
  facet normal 0.33899565936830317 -0.7613967171351154 -0.5525911527208143
    outer loop
      vertex 331.0083333333333 206.02701812759764 3.25
      vertex 331.8964043094898 206.42241280077246 3.25
      vertex 331.2583333333333 205.59400542570543 4
    endloop
  endfacet
  facet normal -0.0343408367476349 0.9994101795216378 0
    outer loop
      vertex 331.13186666617787 18.37280000001192 0
      vertex 331.13186666617787 18.37280000001192 10
      vertex 336.30335238079226 18.550497956573963 0
    endloop
  endfacet
  facet normal -0.0343408367476349 0.9994101795216378 0
    outer loop
      vertex 331.13186666617787 18.37280000001192 10
      vertex 336.30335238079226 18.550497956573963 10
      vertex 336.30335238079226 18.550497956573963 0
    endloop
  endfacet
  facet normal 0.03627915182207613 -0.9993416948887256 0
    outer loop
      vertex 331.13186666617787 30.497599996626377 0
      vertex 334.1965442175666 30.60885713994503 0
      vertex 334.1965442175666 30.60885713994503 10
    endloop
  endfacet
  facet normal 0.03627915182207613 -0.9993416948887256 0
    outer loop
      vertex 331.13186666617787 30.497599996626377 0
      vertex 334.1965442175666 30.60885713994503 10
      vertex 331.13186666617787 30.497599996626377 10
    endloop
  endfacet
  facet normal 0.48175367410157766 0.8763066800439391 0
    outer loop
      vertex 331.1900261534173 198.62268829799194 0.8000000000000007
      vertex 331.1900261534173 198.62268829799194 1.5461448319618967
      vertex 331.3368420129379 198.54197559620485 1.5144739611862992
    endloop
  endfacet
  facet normal 0.48175367410171255 0.8763066800438651 -3.607708315895663e-14
    outer loop
      vertex 331.1900261534173 198.62268829799194 0.8000000000000007
      vertex 331.3368420129379 198.54197559620485 1.5144739611862992
      vertex 331.630216167073 198.38069179013593 0.8000000000000007
    endloop
  endfacet
  facet normal 0 0 1
    outer loop
      vertex 331.1900261534173 198.62268829799194 0.8000000000000007
      vertex 331.630216167073 198.38069179013593 0.8000000000000007
      vertex 331.630216167073 205.61930820986407 0.8000000000000007
    endloop
  endfacet
  facet normal 0 0 1
    outer loop
      vertex 331.1900261534173 198.62268829799194 0.8000000000000007
      vertex 331.630216167073 205.61930820986407 0.8000000000000007
      vertex 331.1900261534173 205.37731170200806 0.8000000000000007
    endloop
  endfacet
  facet normal 0.48175367410157766 -0.8763066800439391 0
    outer loop
      vertex 331.1900261534173 205.37731170200806 0.8000000000000007
      vertex 331.3368420129379 205.45802440379515 1.5144739611862992
      vertex 331.1900261534173 205.37731170200806 1.5461448319618967
    endloop
  endfacet
  facet normal 0.48175367410171255 -0.8763066800438651 -3.607708315895663e-14
    outer loop
      vertex 331.1900261534173 205.37731170200806 0.8000000000000007
      vertex 331.630216167073 205.61930820986407 0.8000000000000007
      vertex 331.3368420129379 205.45802440379515 1.5144739611862992
    endloop
  endfacet
  facet normal 0.40673664307580915 0.913545457642597 0
    outer loop
      vertex 331.2583333333333 198.40599457429457 4
      vertex 331.2583333333333 198.40599457429457 10
      vertex 332.0509128066773 198.0531154573751 4
    endloop
  endfacet
  facet normal 0.3389956593683121 0.7613967171351163 -0.5525911527208077
    outer loop
      vertex 331.2583333333333 198.40599457429457 4
      vertex 332.0509128066773 198.0531154573751 4
      vertex 331.8964043094898 197.57758719922754 3.25
    endloop
  endfacet
  facet normal 0.40673664307580915 0.913545457642597 0
    outer loop
      vertex 331.2583333333333 198.40599457429457 10
      vertex 332.0509128066773 198.0531154573751 10
      vertex 332.0509128066773 198.0531154573751 4
    endloop
  endfacet
  facet normal 0.3389956593683121 -0.7613967171351163 -0.5525911527208077
    outer loop
      vertex 331.2583333333333 205.59400542570543 4
      vertex 331.8964043094898 206.42241280077246 3.25
      vertex 332.0509128066773 205.9468845426249 4
    endloop
  endfacet
  facet normal 0.40673664307580915 -0.913545457642597 0
    outer loop
      vertex 331.2583333333333 205.59400542570543 4
      vertex 332.0509128066773 205.9468845426249 4
      vertex 332.0509128066773 205.9468845426249 10
    endloop
  endfacet
  facet normal 0.40673664307580915 -0.913545457642597 0
    outer loop
      vertex 331.2583333333333 205.59400542570543 4
      vertex 332.0509128066773 205.9468845426249 10
      vertex 331.2583333333333 205.59400542570543 10
    endloop
  endfacet
  facet normal 0.48175367410178005 0.8763066800438281 0
    outer loop
      vertex 331.3368420129379 198.54197559620485 1.5144739611862992
      vertex 331.630216167073 198.38069179013593 1.5567265298897706
      vertex 331.630216167073 198.38069179013593 0.8000000000000007
    endloop
  endfacet
  facet normal 0.48175367410178005 -0.8763066800438281 0
    outer loop
      vertex 331.3368420129379 205.45802440379515 1.5144739611862992
      vertex 331.630216167073 205.61930820986407 0.8000000000000007
      vertex 331.630216167073 205.61930820986407 1.5567265298897706
    endloop
  endfacet
  facet normal 0.3389956593683636 -0.7613967171351046 0.5525911527207922
    outer loop
      vertex 331.3368420129379 205.45802440379515 1.5144739611862992
      vertex 331.630216167073 205.61930820986407 1.5567265298897706
      vertex 331.8964043094898 206.42241280077246 2.5
    endloop
  endfacet
  facet normal 0.3681245526846601 0.9297764858882585 0
    outer loop
      vertex 331.630216167073 198.38069179013593 0.8000000000000007
      vertex 331.630216167073 198.38069179013593 1.5567265298897706
      vertex 332.09726535583354 198.19577393481939 1.5250000000000004
    endloop
  endfacet
  facet normal 0 0 1
    outer loop
      vertex 331.630216167073 198.38069179013593 0.8000000000000007
      vertex 332.09726535583354 198.19577393481939 0.8000000000000007
      vertex 332.09726535583354 205.80422606518061 0.8000000000000007
    endloop
  endfacet
  facet normal 0.36812455268466004 0.9297764858882585 0
    outer loop
      vertex 331.630216167073 198.38069179013593 0.8000000000000007
      vertex 332.09726535583354 198.19577393481939 1.5250000000000004
      vertex 332.09726535583354 198.19577393481939 0.8000000000000007
    endloop
  endfacet
  facet normal 0 0 1
    outer loop
      vertex 331.630216167073 198.38069179013593 0.8000000000000007
      vertex 332.09726535583354 205.80422606518061 0.8000000000000007
      vertex 331.630216167073 205.61930820986407 0.8000000000000007
    endloop
  endfacet
  facet normal 0.33899565936828274 0.7613967171351167 0.5525911527208253
    outer loop
      vertex 331.630216167073 198.38069179013593 1.5567265298897706
      vertex 331.8964043094898 197.57758719922754 2.5
      vertex 332.09726535583354 198.19577393481939 1.5250000000000004
    endloop
  endfacet
  facet normal 0.3681245526846601 -0.9297764858882585 0
    outer loop
      vertex 331.630216167073 205.61930820986407 0.8000000000000007
      vertex 332.09726535583354 205.80422606518061 0.8000000000000007
      vertex 331.630216167073 205.61930820986407 1.5567265298897706
    endloop
  endfacet
  facet normal 0.36812455268466004 -0.9297764858882585 0
    outer loop
      vertex 331.630216167073 205.61930820986407 1.5567265298897706
      vertex 332.09726535583354 205.80422606518061 0.8000000000000007
      vertex 332.09726535583354 205.80422606518061 1.5250000000000004
    endloop
  endfacet
  facet normal 0.33899565936828274 -0.7613967171351167 0.5525911527208253
    outer loop
      vertex 331.630216167073 205.61930820986407 1.5567265298897706
      vertex 332.09726535583354 205.80422606518061 1.5250000000000004
      vertex 331.8964043094898 206.42241280077246 2.5
    endloop
  endfacet
  facet normal 0.2079116908177587 0.9781476007338059 0
    outer loop
      vertex 331.8964043094898 197.57758719922754 2.5
      vertex 331.8964043094898 197.57758719922754 3.25
      vertex 332.8472759791387 197.37547318653753 3.25
    endloop
  endfacet
  facet normal 0.17328451202762798 0.8152395327914488 0.5525911527208225
    outer loop
      vertex 331.8964043094898 197.57758719922754 2.5
      vertex 332.58380807499043 198.07085099708524 1.5567265298897706
      vertex 332.09726535583354 198.19577393481939 1.5250000000000004
    endloop
  endfacet
  facet normal 0.1732845120276253 0.81523953279145 0.5525911527208213
    outer loop
      vertex 331.8964043094898 197.57758719922754 2.5
      vertex 332.8472759791387 197.37547318653753 2.5
      vertex 332.58380807499043 198.07085099708524 1.5567265298897706
    endloop
  endfacet
  facet normal 0.2079116908177587 0.9781476007338059 0
    outer loop
      vertex 331.8964043094898 197.57758719922754 2.5
      vertex 332.8472759791387 197.37547318653753 3.25
      vertex 332.8472759791387 197.37547318653753 2.5
    endloop
  endfacet
  facet normal 0.17328451202762704 0.8152395327914582 -0.5525911527208088
    outer loop
      vertex 331.8964043094898 197.57758719922754 3.25
      vertex 332.0509128066773 198.0531154573751 4
      vertex 332.8472759791387 197.37547318653753 3.25
    endloop
  endfacet
  facet normal 0.17328451202762513 -0.8152395327914493 0.5525911527208223
    outer loop
      vertex 331.8964043094898 206.42241280077246 2.5
      vertex 332.09726535583354 205.80422606518061 1.5250000000000004
      vertex 332.8472759791387 206.62452681346247 2.5
    endloop
  endfacet
  facet normal 0.2079116908177587 -0.9781476007338059 0
    outer loop
      vertex 331.8964043094898 206.42241280077246 2.5
      vertex 332.8472759791387 206.62452681346247 2.5
      vertex 331.8964043094898 206.42241280077246 3.25
    endloop
  endfacet
  facet normal 0.2079116908177587 -0.9781476007338059 0
    outer loop
      vertex 331.8964043094898 206.42241280077246 3.25
      vertex 332.8472759791387 206.62452681346247 2.5
      vertex 332.8472759791387 206.62452681346247 3.25
    endloop
  endfacet
  facet normal 0.17328451202762704 -0.8152395327914582 -0.5525911527208088
    outer loop
      vertex 331.8964043094898 206.42241280077246 3.25
      vertex 332.8472759791387 206.62452681346247 3.25
      vertex 332.0509128066773 205.9468845426249 4
    endloop
  endfacet
  facet normal 0.2079116908177337 0.9781476007338111 0
    outer loop
      vertex 332.0509128066773 198.0531154573751 4
      vertex 332.0509128066773 198.0531154573751 10
      vertex 332.89954021077256 197.87273413422167 4
    endloop
  endfacet
  facet normal 0.1732845120276037 0.8152395327914508 -0.5525911527208269
    outer loop
      vertex 332.0509128066773 198.0531154573751 4
      vertex 332.89954021077256 197.87273413422167 4
      vertex 332.8472759791387 197.37547318653753 3.25
    endloop
  endfacet
  facet normal 0.2079116908177337 0.9781476007338111 0
    outer loop
      vertex 332.0509128066773 198.0531154573751 10
      vertex 332.89954021077256 197.87273413422167 10
      vertex 332.89954021077256 197.87273413422167 4
    endloop
  endfacet
  facet normal 0.1732845120276037 -0.8152395327914508 -0.5525911527208269
    outer loop
      vertex 332.0509128066773 205.9468845426249 4
      vertex 332.8472759791387 206.62452681346247 3.25
      vertex 332.89954021077256 206.12726586577833 4
    endloop
  endfacet
  facet normal 0.2079116908177337 -0.9781476007338111 0
    outer loop
      vertex 332.0509128066773 205.9468845426249 4
      vertex 332.89954021077256 206.12726586577833 4
      vertex 332.89954021077256 206.12726586577833 10
    endloop
  endfacet
  facet normal 0.2079116908177337 -0.9781476007338111 0
    outer loop
      vertex 332.0509128066773 205.9468845426249 4
      vertex 332.89954021077256 206.12726586577833 10
      vertex 332.0509128066773 205.9468845426249 10
    endloop
  endfacet
  facet normal 0.24868988716485743 0.9685831611286305 0
    outer loop
      vertex 332.09726535583354 198.19577393481939 0.8000000000000007
      vertex 332.09726535583354 198.19577393481939 1.5250000000000004
      vertex 332.58380807499043 198.07085099708524 1.5567265298897706
    endloop
  endfacet
  facet normal 0 0 1
    outer loop
      vertex 332.09726535583354 198.19577393481939 0.8000000000000007
      vertex 332.58380807499043 198.07085099708524 0.8000000000000007
      vertex 332.58380807499043 205.92914900291476 0.8000000000000007
    endloop
  endfacet
  facet normal 0.24868988716485743 0.9685831611286305 0
    outer loop
      vertex 332.09726535583354 198.19577393481939 0.8000000000000007
      vertex 332.58380807499043 198.07085099708524 1.5567265298897706
      vertex 332.58380807499043 198.07085099708524 0.8000000000000007
    endloop
  endfacet
  facet normal 0 0 1
    outer loop
      vertex 332.09726535583354 198.19577393481939 0.8000000000000007
      vertex 332.58380807499043 205.92914900291476 0.8000000000000007
      vertex 332.09726535583354 205.80422606518061 0.8000000000000007
    endloop
  endfacet
  facet normal 0.24868988716485743 -0.9685831611286305 0
    outer loop
      vertex 332.09726535583354 205.80422606518061 0.8000000000000007
      vertex 332.58380807499043 205.92914900291476 0.8000000000000007
      vertex 332.09726535583354 205.80422606518061 1.5250000000000004
    endloop
  endfacet
  facet normal 0.24868988716485746 -0.9685831611286305 0
    outer loop
      vertex 332.09726535583354 205.80422606518061 1.5250000000000004
      vertex 332.58380807499043 205.92914900291476 0.8000000000000007
      vertex 332.58380807499043 205.92914900291476 1.5567265298897688
    endloop
  endfacet
  facet normal 0.1732845120276307 -0.8152395327914504 0.552591152720819
    outer loop
      vertex 332.09726535583354 205.80422606518061 1.5250000000000004
      vertex 332.58380807499043 205.92914900291476 1.5567265298897688
      vertex 332.8472759791387 206.62452681346247 2.5
    endloop
  endfacet
  facet normal 0.12533323356434625 0.9921147013144724 0
    outer loop
      vertex 332.58380807499043 198.07085099708524 0.8000000000000007
      vertex 332.58380807499043 198.07085099708524 1.5567265298897706
      vertex 332.915952994037 198.02889133590804 1.5144739611862992
    endloop
  endfacet
  facet normal 0.12533323356430998 0.9921147013144772 1.7139514587575686e-14
    outer loop
      vertex 332.58380807499043 198.07085099708524 0.8000000000000007
      vertex 332.915952994037 198.02889133590804 1.5144739611862992
      vertex 333.08217125521605 198.0078930862869 0.8000000000000007
    endloop
  endfacet
  facet normal 0 0 1
    outer loop
      vertex 332.58380807499043 198.07085099708524 0.8000000000000007
      vertex 333.08217125521605 198.0078930862869 0.8000000000000007
      vertex 333.08217125521605 205.9921069137131 0.8000000000000007
    endloop
  endfacet
  facet normal 0 0 1
    outer loop
      vertex 332.58380807499043 198.07085099708524 0.8000000000000007
      vertex 333.08217125521605 205.9921069137131 0.8000000000000007
      vertex 332.58380807499043 205.92914900291476 0.8000000000000007
    endloop
  endfacet
  facet normal 0.17328451202766687 0.8152395327914495 0.5525911527208092
    outer loop
      vertex 332.58380807499043 198.07085099708524 1.5567265298897706
      vertex 332.8472759791387 197.37547318653753 2.5
      vertex 332.915952994037 198.02889133590804 1.5144739611862992
    endloop
  endfacet
  facet normal 0.12533323356434622 -0.9921147013144724 0
    outer loop
      vertex 332.58380807499043 205.92914900291476 0.8000000000000007
      vertex 332.915952994037 205.97110866409196 1.5144739611862992
      vertex 332.58380807499043 205.92914900291476 1.5567265298897688
    endloop
  endfacet
  facet normal 0.12533323356430998 -0.9921147013144772 1.7139514587575686e-14
    outer loop
      vertex 332.58380807499043 205.92914900291476 0.8000000000000007
      vertex 333.08217125521605 205.9921069137131 0.8000000000000007
      vertex 332.915952994037 205.97110866409196 1.5144739611862992
    endloop
  endfacet
  facet normal 0.17328451202766404 -0.8152395327914499 0.5525911527208094
    outer loop
      vertex 332.58380807499043 205.92914900291476 1.5567265298897688
      vertex 332.915952994037 205.97110866409196 1.5144739611862992
      vertex 332.8472759791387 206.62452681346247 2.5
    endloop
  endfacet
  facet normal 0 1 0
    outer loop
      vertex 332.8472759791387 197.37547318653753 2.5
      vertex 332.8472759791387 197.37547318653753 3.25
      vertex 333.8193906875279 197.37547318653753 3.25
    endloop
  endfacet
  facet normal -5.184402007595328e-14 0.8334524689115076 0.5525911527208088
    outer loop
      vertex 332.8472759791387 197.37547318653753 2.5
      vertex 333.08217125521605 198.0078930862869 1.5461448319618967
      vertex 332.915952994037 198.02889133590804 1.5144739611862992
    endloop
  endfacet
  facet normal 0 0.8334524689115018 0.5525911527208178
    outer loop
      vertex 332.8472759791387 197.37547318653753 2.5
      vertex 333.5844954114506 198.0078930862869 1.5461448319618967
      vertex 333.08217125521605 198.0078930862869 1.5461448319618967
    endloop
  endfacet
  facet normal 0 0.8334524689115018 0.5525911527208177
    outer loop
      vertex 332.8472759791387 197.37547318653753 2.5
      vertex 333.8193906875279 197.37547318653753 2.5
      vertex 333.5844954114506 198.0078930862869 1.5461448319618967
    endloop
  endfacet
  facet normal 0 1 0
    outer loop
      vertex 332.8472759791387 197.37547318653753 2.5
      vertex 333.8193906875279 197.37547318653753 3.25
      vertex 333.8193906875279 197.37547318653753 2.5
    endloop
  endfacet
  facet normal 0 0.833452468911498 -0.5525911527208235
    outer loop
      vertex 332.8472759791387 197.37547318653753 3.25
      vertex 332.89954021077256 197.87273413422167 4
      vertex 333.7671264558941 197.87273413422167 4
    endloop
  endfacet
  facet normal 0 0.8334524689114979 -0.5525911527208235
    outer loop
      vertex 332.8472759791387 197.37547318653753 3.25
      vertex 333.7671264558941 197.87273413422167 4
      vertex 333.8193906875279 197.37547318653753 3.25
    endloop
  endfacet
  facet normal -5.184402007595328e-14 -0.8334524689115076 0.5525911527208088
    outer loop
      vertex 332.8472759791387 206.62452681346247 2.5
      vertex 332.915952994037 205.97110866409196 1.5144739611862992
      vertex 333.08217125521605 205.9921069137131 1.5461448319618967
    endloop
  endfacet
  facet normal 0 -0.8334524689115018 0.5525911527208177
    outer loop
      vertex 332.8472759791387 206.62452681346247 2.5
      vertex 333.08217125521605 205.9921069137131 1.5461448319618967
      vertex 333.8193906875279 206.62452681346247 2.5
    endloop
  endfacet
  facet normal 0 -1 0
    outer loop
      vertex 332.8472759791387 206.62452681346247 2.5
      vertex 333.8193906875279 206.62452681346247 2.5
      vertex 332.8472759791387 206.62452681346247 3.25
    endloop
  endfacet
  facet normal 0 -1 0
    outer loop
      vertex 332.8472759791387 206.62452681346247 3.25
      vertex 333.8193906875279 206.62452681346247 2.5
      vertex 333.8193906875279 206.62452681346247 3.25
    endloop
  endfacet
  facet normal 0 -0.8334524689114979 -0.5525911527208235
    outer loop
      vertex 332.8472759791387 206.62452681346247 3.25
      vertex 333.8193906875279 206.62452681346247 3.25
      vertex 332.89954021077256 206.12726586577833 4
    endloop
  endfacet
  facet normal 0 1 0
    outer loop
      vertex 332.89954021077256 197.87273413422167 4
      vertex 332.89954021077256 197.87273413422167 10
      vertex 333.7671264558941 197.87273413422167 4
    endloop
  endfacet
  facet normal 0 1 0
    outer loop
      vertex 332.89954021077256 197.87273413422167 10
      vertex 333.7671264558941 197.87273413422167 10
      vertex 333.7671264558941 197.87273413422167 4
    endloop
  endfacet
  facet normal 0 -1 0
    outer loop
      vertex 332.89954021077256 206.12726586577833 4
      vertex 333.7671264558941 206.12726586577833 4
      vertex 333.7671264558941 206.12726586577833 10
    endloop
  endfacet
  facet normal 0 -1 0
    outer loop
      vertex 332.89954021077256 206.12726586577833 4
      vertex 333.7671264558941 206.12726586577833 10
      vertex 332.89954021077256 206.12726586577833 10
    endloop
  endfacet
  facet normal 0 -0.833452468911498 -0.5525911527208235
    outer loop
      vertex 332.89954021077256 206.12726586577833 4
      vertex 333.8193906875279 206.62452681346247 3.25
      vertex 333.7671264558941 206.12726586577833 4
    endloop
  endfacet
  facet normal 0.12533323356423742 0.9921147013144862 0
    outer loop
      vertex 332.915952994037 198.02889133590804 1.5144739611862992
      vertex 333.08217125521605 198.0078930862869 1.5461448319618967
      vertex 333.08217125521605 198.0078930862869 0.8000000000000007
    endloop
  endfacet
  facet normal 0.12533323356423742 -0.9921147013144862 0
    outer loop
      vertex 332.915952994037 205.97110866409196 1.5144739611862992
      vertex 333.08217125521605 205.9921069137131 0.8000000000000007
      vertex 333.08217125521605 205.9921069137131 1.5461448319618967
    endloop
  endfacet
  facet normal 0.18230417275335528 -0.9832421820674268 0
    outer loop
      vertex 332.9338993231455 85.12167347222567 0
      vertex 335.8225687096516 85.6572653055191 0
      vertex 335.8225687096516 85.6572653055191 10
    endloop
  endfacet
  facet normal 0.18230417275335528 -0.9832421820674268 0
    outer loop
      vertex 332.9338993231455 85.12167347222567 0
      vertex 335.8225687096516 85.6572653055191 10
      vertex 332.9338993231455 85.12167347222567 10
    endloop
  endfacet
  facet normal 0 1 0
    outer loop
      vertex 333.08217125521605 198.0078930862869 0.8000000000000007
      vertex 333.08217125521605 198.0078930862869 1.5461448319618967
      vertex 333.5844954114506 198.0078930862869 1.5461448319618967
    endloop
  endfacet
  facet normal 0 0 1
    outer loop
      vertex 333.08217125521605 198.0078930862869 0.8000000000000007
      vertex 333.5844954114506 198.0078930862869 0.8000000000000007
      vertex 333.5844954114506 205.9921069137131 0.8000000000000007
    endloop
  endfacet
  facet normal 0 1 0
    outer loop
      vertex 333.08217125521605 198.0078930862869 0.8000000000000007
      vertex 333.5844954114506 198.0078930862869 1.5461448319618967
      vertex 333.5844954114506 198.0078930862869 0.8000000000000007
    endloop
  endfacet
  facet normal 0 0 1
    outer loop
      vertex 333.08217125521605 198.0078930862869 0.8000000000000007
      vertex 333.5844954114506 205.9921069137131 0.8000000000000007
      vertex 333.08217125521605 205.9921069137131 0.8000000000000007
    endloop
  endfacet
  facet normal 0 -1 0
    outer loop
      vertex 333.08217125521605 205.9921069137131 0.8000000000000007
      vertex 333.5844954114506 205.9921069137131 0.8000000000000007
      vertex 333.08217125521605 205.9921069137131 1.5461448319618967
    endloop
  endfacet
  facet normal 0 -1 0
    outer loop
      vertex 333.08217125521605 205.9921069137131 1.5461448319618967
      vertex 333.5844954114506 205.9921069137131 0.8000000000000007
      vertex 333.5844954114506 205.9921069137131 1.5461448319618967
    endloop
  endfacet
  facet normal 0 -0.8334524689115018 0.5525911527208177
    outer loop
      vertex 333.08217125521605 205.9921069137131 1.5461448319618967
      vertex 333.5844954114506 205.9921069137131 1.5461448319618967
      vertex 333.8193906875279 206.62452681346247 2.5
    endloop
  endfacet
  facet normal 0.11894459849408716 0.9929008925814702 0
    outer loop
      vertex 333.2567482988039 124.21441632509232 0
      vertex 333.2567482988039 124.21441632509232 10
      vertex 335.9809931988517 123.88806530833244 0
    endloop
  endfacet
  facet normal 0 0 -1
    outer loop
      vertex 333.2567482988039 124.21441632509232 0
      vertex 335.9809931988517 123.88806530833244 0
      vertex 335.8225687096516 85.6572653055191 0
    endloop
  endfacet
  facet normal 0.11894459849408716 0.9929008925814702 0
    outer loop
      vertex 333.2567482988039 124.21441632509232 10
      vertex 335.9809931988517 123.88806530833244 10
      vertex 335.9809931988517 123.88806530833244 0
    endloop
  endfacet
  facet normal 0 0 1
    outer loop
      vertex 333.2567482988039 124.21441632509232 10
      vertex 343.1631891156236 88.54946122318506 10
      vertex 335.9809931988517 123.88806530833244 10
    endloop
  endfacet
  facet normal -0.12533323356423742 0.9921147013144862 0
    outer loop
      vertex 333.5844954114506 198.0078930862869 0.8000000000000007
      vertex 333.5844954114506 198.0078930862869 1.5461448319618967
      vertex 333.7507136726296 198.02889133590804 1.5144739611862992
    endloop
  endfacet
  facet normal -0.12533323356430998 0.9921147013144772 1.7139514587575686e-14
    outer loop
      vertex 333.5844954114506 198.0078930862869 0.8000000000000007
      vertex 333.7507136726296 198.02889133590804 1.5144739611862992
      vertex 334.0828585916762 198.07085099708524 0.8000000000000007
    endloop
  endfacet
  facet normal 0 0 1
    outer loop
      vertex 333.5844954114506 198.0078930862869 0.8000000000000007
      vertex 334.0828585916762 198.07085099708524 0.8000000000000007
      vertex 334.0828585916762 205.92914900291476 0.8000000000000007
    endloop
  endfacet
  facet normal 0 0 1
    outer loop
      vertex 333.5844954114506 198.0078930862869 0.8000000000000007
      vertex 334.0828585916762 205.92914900291476 0.8000000000000007
      vertex 333.5844954114506 205.9921069137131 0.8000000000000007
    endloop
  endfacet
  facet normal 5.1669813019246456e-14 0.8334524689115076 0.5525911527208089
    outer loop
      vertex 333.5844954114506 198.0078930862869 1.5461448319618967
      vertex 333.8193906875279 197.37547318653753 2.5
      vertex 333.7507136726296 198.02889133590804 1.5144739611862992
    endloop
  endfacet
  facet normal -0.12533323356423742 -0.9921147013144862 0
    outer loop
      vertex 333.5844954114506 205.9921069137131 0.8000000000000007
      vertex 333.7507136726296 205.97110866409196 1.5144739611862992
      vertex 333.5844954114506 205.9921069137131 1.5461448319618967
    endloop
  endfacet
  facet normal -0.12533323356430998 -0.9921147013144772 1.7139514587575686e-14
    outer loop
      vertex 333.5844954114506 205.9921069137131 0.8000000000000007
      vertex 334.0828585916762 205.92914900291476 0.8000000000000007
      vertex 333.7507136726296 205.97110866409196 1.5144739611862992
    endloop
  endfacet
  facet normal 5.1669813019246456e-14 -0.8334524689115076 0.5525911527208089
    outer loop
      vertex 333.5844954114506 205.9921069137131 1.5461448319618967
      vertex 333.7507136726296 205.97110866409196 1.5144739611862992
      vertex 333.8193906875279 206.62452681346247 2.5
    endloop
  endfacet
  facet normal -0.1732845120276669 0.8152395327914495 0.5525911527208093
    outer loop
      vertex 333.7507136726296 198.02889133590804 1.5144739611862992
      vertex 333.8193906875279 197.37547318653753 2.5
      vertex 334.0828585916762 198.07085099708524 1.5567265298897706
    endloop
  endfacet
  facet normal -0.12533323356434625 0.9921147013144724 0
    outer loop
      vertex 333.7507136726296 198.02889133590804 1.5144739611862992
      vertex 334.0828585916762 198.07085099708524 1.5567265298897706
      vertex 334.0828585916762 198.07085099708524 0.8000000000000007
    endloop
  endfacet
  facet normal -0.12533323356434622 -0.9921147013144724 0
    outer loop
      vertex 333.7507136726296 205.97110866409196 1.5144739611862992
      vertex 334.0828585916762 205.92914900291476 0.8000000000000007
      vertex 334.0828585916762 205.92914900291476 1.5567265298897688
    endloop
  endfacet
  facet normal -0.173284512027664 -0.81523953279145 0.5525911527208093
    outer loop
      vertex 333.7507136726296 205.97110866409196 1.5144739611862992
      vertex 334.0828585916762 205.92914900291476 1.5567265298897688
      vertex 333.8193906875279 206.62452681346247 2.5
    endloop
  endfacet
  facet normal -0.2079116908177337 0.9781476007338111 0
    outer loop
      vertex 333.7671264558941 197.87273413422167 4
      vertex 333.7671264558941 197.87273413422167 10
      vertex 334.61575385998935 198.0531154573751 4
    endloop
  endfacet
  facet normal -0.1732845120276037 0.8152395327914508 -0.5525911527208269
    outer loop
      vertex 333.7671264558941 197.87273413422167 4
      vertex 334.61575385998935 198.0531154573751 4
      vertex 333.8193906875279 197.37547318653753 3.25
    endloop
  endfacet
  facet normal -0.2079116908177337 0.9781476007338111 0
    outer loop
      vertex 333.7671264558941 197.87273413422167 10
      vertex 334.61575385998935 198.0531154573751 10
      vertex 334.61575385998935 198.0531154573751 4
    endloop
  endfacet
  facet normal -0.1732845120276037 -0.8152395327914508 -0.5525911527208269
    outer loop
      vertex 333.7671264558941 206.12726586577833 4
      vertex 333.8193906875279 206.62452681346247 3.25
      vertex 334.61575385998935 205.9468845426249 4
    endloop
  endfacet
  facet normal -0.2079116908177337 -0.9781476007338111 0
    outer loop
      vertex 333.7671264558941 206.12726586577833 4
      vertex 334.61575385998935 205.9468845426249 4
      vertex 334.61575385998935 205.9468845426249 10
    endloop
  endfacet
  facet normal -0.2079116908177337 -0.9781476007338111 0
    outer loop
      vertex 333.7671264558941 206.12726586577833 4
      vertex 334.61575385998935 205.9468845426249 10
      vertex 333.7671264558941 206.12726586577833 10
    endloop
  endfacet
  facet normal 0 0 1
    outer loop
      vertex 333.7671264558941 206.12726586577833 10
      vertex 334.61575385998935 205.9468845426249 10
      vertex 465 250 10
    endloop
  endfacet
  facet normal -0.2079116908177587 0.9781476007338059 0
    outer loop
      vertex 333.8193906875279 197.37547318653753 2.5
      vertex 333.8193906875279 197.37547318653753 3.25
      vertex 334.7702623571768 197.57758719922754 3.25
    endloop
  endfacet
  facet normal -0.1732845120276283 0.81523953279145 0.5525911527208205
    outer loop
      vertex 333.8193906875279 197.37547318653753 2.5
      vertex 334.5694013108331 198.19577393481939 1.5250000000000004
      vertex 334.0828585916762 198.07085099708524 1.5567265298897706
    endloop
  endfacet
  facet normal -0.17328451202762513 0.8152395327914493 0.5525911527208224
    outer loop
      vertex 333.8193906875279 197.37547318653753 2.5
      vertex 334.7702623571768 197.57758719922754 2.5
      vertex 334.5694013108331 198.19577393481939 1.5250000000000004
    endloop
  endfacet
  facet normal -0.2079116908177587 0.9781476007338059 0
    outer loop
      vertex 333.8193906875279 197.37547318653753 2.5
      vertex 334.7702623571768 197.57758719922754 3.25
      vertex 334.7702623571768 197.57758719922754 2.5
    endloop
  endfacet
  facet normal -0.17328451202762704 0.8152395327914582 -0.5525911527208088
    outer loop
      vertex 333.8193906875279 197.37547318653753 3.25
      vertex 334.61575385998935 198.0531154573751 4
      vertex 334.7702623571768 197.57758719922754 3.25
    endloop
  endfacet
  facet normal -0.1732845120276254 -0.8152395327914506 0.5525911527208205
    outer loop
      vertex 333.8193906875279 206.62452681346247 2.5
      vertex 334.0828585916762 205.92914900291476 1.5567265298897688
      vertex 334.7702623571768 206.42241280077246 2.5
    endloop
  endfacet
  facet normal -0.2079116908177587 -0.9781476007338059 0
    outer loop
      vertex 333.8193906875279 206.62452681346247 2.5
      vertex 334.7702623571768 206.42241280077246 2.5
      vertex 333.8193906875279 206.62452681346247 3.25
    endloop
  endfacet
  facet normal -0.2079116908177587 -0.9781476007338059 0
    outer loop
      vertex 333.8193906875279 206.62452681346247 3.25
      vertex 334.7702623571768 206.42241280077246 2.5
      vertex 334.7702623571768 206.42241280077246 3.25
    endloop
  endfacet
  facet normal -0.17328451202762704 -0.8152395327914582 -0.5525911527208088
    outer loop
      vertex 333.8193906875279 206.62452681346247 3.25
      vertex 334.7702623571768 206.42241280077246 3.25
      vertex 334.61575385998935 205.9468845426249 4
    endloop
  endfacet
  facet normal 0.1635379740121475 0.9865370398804103 0
    outer loop
      vertex 334.06324626008666 71.56992653012276 0
      vertex 334.06324626008666 71.56992653012276 10
      vertex 337.2941850374142 71.03433469682932 0
    endloop
  endfacet
  facet normal 0.1635379740121475 0.9865370398804103 0
    outer loop
      vertex 334.06324626008666 71.56992653012276 10
      vertex 337.2941850374142 71.03433469682932 10
      vertex 337.2941850374142 71.03433469682932 0
    endloop
  endfacet
  facet normal 0 0 1
    outer loop
      vertex 334.06324626008666 71.56992653012276 10
      vertex 352.46005442241824 61.495951019227505 10
      vertex 337.2941850374142 71.03433469682932 10
    endloop
  endfacet
  facet normal -0.24868988716485743 0.9685831611286305 0
    outer loop
      vertex 334.0828585916762 198.07085099708524 0.8000000000000007
      vertex 334.0828585916762 198.07085099708524 1.5567265298897706
      vertex 334.5694013108331 198.19577393481939 1.5250000000000004
    endloop
  endfacet
  facet normal 0 0 1
    outer loop
      vertex 334.0828585916762 198.07085099708524 0.8000000000000007
      vertex 334.5694013108331 198.19577393481939 0.8000000000000007
      vertex 334.5694013108331 205.80422606518061 0.8000000000000007
    endloop
  endfacet
  facet normal -0.24868988716485743 0.9685831611286305 0
    outer loop
      vertex 334.0828585916762 198.07085099708524 0.8000000000000007
      vertex 334.5694013108331 198.19577393481939 1.5250000000000004
      vertex 334.5694013108331 198.19577393481939 0.8000000000000007
    endloop
  endfacet
  facet normal 0 0 1
    outer loop
      vertex 334.0828585916762 198.07085099708524 0.8000000000000007
      vertex 334.5694013108331 205.80422606518061 0.8000000000000007
      vertex 334.0828585916762 205.92914900291476 0.8000000000000007
    endloop
  endfacet
  facet normal -0.2486898871648574 -0.9685831611286303 0
    outer loop
      vertex 334.0828585916762 205.92914900291476 0.8000000000000007
      vertex 334.5694013108331 205.80422606518061 0.8000000000000007
      vertex 334.0828585916762 205.92914900291476 1.5567265298897688
    endloop
  endfacet
  facet normal -0.2486898871648574 -0.9685831611286303 0
    outer loop
      vertex 334.0828585916762 205.92914900291476 1.5567265298897688
      vertex 334.5694013108331 205.80422606518061 0.8000000000000007
      vertex 334.5694013108331 205.80422606518061 1.5250000000000004
    endloop
  endfacet
  facet normal -0.17328451202762987 -0.8152395327914481 0.5525911527208225
    outer loop
      vertex 334.0828585916762 205.92914900291476 1.5567265298897688
      vertex 334.5694013108331 205.80422606518061 1.5250000000000004
      vertex 334.7702623571768 206.42241280077246 2.5
    endloop
  endfacet
  facet normal 0.11550319200743596 -0.9933071089225595 0
    outer loop
      vertex 334.1965442175666 30.60885713994503 0
      vertex 337.06691973159707 30.94262856990099 0
      vertex 337.06691973159707 30.94262856990099 10
    endloop
  endfacet
  facet normal 0.11550319200743596 -0.9933071089225595 0
    outer loop
      vertex 334.1965442175666 30.60885713994503 0
      vertex 337.06691973159707 30.94262856990099 10
      vertex 334.1965442175666 30.60885713994503 10
    endloop
  endfacet
  facet normal -0.36812455268466004 0.9297764858882585 0
    outer loop
      vertex 334.5694013108331 198.19577393481939 0.8000000000000007
      vertex 334.5694013108331 198.19577393481939 1.5250000000000004
      vertex 335.0364504995936 198.38069179013593 1.5567265298897706
    endloop
  endfacet
  facet normal 0 0 1
    outer loop
      vertex 334.5694013108331 198.19577393481939 0.8000000000000007
      vertex 335.0364504995936 198.38069179013593 0.8000000000000007
      vertex 335.0364504995936 205.61930820986407 0.8000000000000007
    endloop
  endfacet
  facet normal -0.3681245526846601 0.9297764858882585 0
    outer loop
      vertex 334.5694013108331 198.19577393481939 0.8000000000000007
      vertex 335.0364504995936 198.38069179013593 1.5567265298897706
      vertex 335.0364504995936 198.38069179013593 0.8000000000000007
    endloop
  endfacet
  facet normal 0 0 1
    outer loop
      vertex 334.5694013108331 198.19577393481939 0.8000000000000007
      vertex 335.0364504995936 205.61930820986407 0.8000000000000007
      vertex 334.5694013108331 205.80422606518061 0.8000000000000007
    endloop
  endfacet
  facet normal -0.3389956593682827 0.7613967171351166 0.5525911527208252
    outer loop
      vertex 334.5694013108331 198.19577393481939 1.5250000000000004
      vertex 334.7702623571768 197.57758719922754 2.5
      vertex 335.0364504995936 198.38069179013593 1.5567265298897706
    endloop
  endfacet
  facet normal -0.36812455268466004 -0.9297764858882585 0
    outer loop
      vertex 334.5694013108331 205.80422606518061 0.8000000000000007
      vertex 335.0364504995936 205.61930820986407 0.8000000000000007
      vertex 334.5694013108331 205.80422606518061 1.5250000000000004
    endloop
  endfacet
  facet normal -0.3681245526846601 -0.9297764858882585 0
    outer loop
      vertex 334.5694013108331 205.80422606518061 1.5250000000000004
      vertex 335.0364504995936 205.61930820986407 0.8000000000000007
      vertex 335.0364504995936 205.61930820986407 1.5567265298897706
    endloop
  endfacet
  facet normal -0.3389956593682827 -0.7613967171351166 0.5525911527208252
    outer loop
      vertex 334.5694013108331 205.80422606518061 1.5250000000000004
      vertex 335.0364504995936 205.61930820986407 1.5567265298897706
      vertex 334.7702623571768 206.42241280077246 2.5
    endloop
  endfacet
  facet normal -0.40673664307580915 0.913545457642597 0
    outer loop
      vertex 334.61575385998935 198.0531154573751 4
      vertex 334.61575385998935 198.0531154573751 10
      vertex 335.4083333333333 198.40599457429457 4
    endloop
  endfacet
  facet normal -0.3389956593683121 0.7613967171351163 -0.5525911527208077
    outer loop
      vertex 334.61575385998935 198.0531154573751 4
      vertex 335.4083333333333 198.40599457429457 4
      vertex 334.7702623571768 197.57758719922754 3.25
    endloop
  endfacet
  facet normal -0.40673664307580915 0.913545457642597 0
    outer loop
      vertex 334.61575385998935 198.0531154573751 10
      vertex 335.4083333333333 198.40599457429457 10
      vertex 335.4083333333333 198.40599457429457 4
    endloop
  endfacet
  facet normal -0.3389956593683121 -0.7613967171351163 -0.5525911527208077
    outer loop
      vertex 334.61575385998935 205.9468845426249 4
      vertex 334.7702623571768 206.42241280077246 3.25
      vertex 335.4083333333333 205.59400542570543 4
    endloop
  endfacet
  facet normal -0.40673664307580915 -0.913545457642597 0
    outer loop
      vertex 334.61575385998935 205.9468845426249 4
      vertex 335.4083333333333 205.59400542570543 4
      vertex 335.4083333333333 205.59400542570543 10
    endloop
  endfacet
  facet normal -0.40673664307580915 -0.913545457642597 0
    outer loop
      vertex 334.61575385998935 205.9468845426249 4
      vertex 335.4083333333333 205.59400542570543 10
      vertex 334.61575385998935 205.9468845426249 10
    endloop
  endfacet
  facet normal 0 0 1
    outer loop
      vertex 334.61575385998935 205.9468845426249 10
      vertex 335.4083333333333 205.59400542570543 10
      vertex 465 250 10
    endloop
  endfacet
  facet normal -0.40673664307580054 0.9135454576426008 0
    outer loop
      vertex 334.7702623571768 197.57758719922754 2.5
      vertex 334.7702623571768 197.57758719922754 3.25
      vertex 335.6583333333333 197.97298187240236 3.25
    endloop
  endfacet
  facet normal -0.3389956593683637 0.7613967171351045 0.5525911527207923
    outer loop
      vertex 334.7702623571768 197.57758719922754 2.5
      vertex 335.32982465372874 198.54197559620485 1.5144739611862992
      vertex 335.0364504995936 198.38069179013593 1.5567265298897706
    endloop
  endfacet
  facet normal -0.33899565936829895 0.7613967171351058 0.5525911527208303
    outer loop
      vertex 334.7702623571768 197.57758719922754 2.5
      vertex 335.6583333333333 197.97298187240236 2.5
      vertex 335.32982465372874 198.54197559620485 1.5144739611862992
    endloop
  endfacet
  facet normal -0.40673664307580054 0.9135454576426008 0
    outer loop
      vertex 334.7702623571768 197.57758719922754 2.5
      vertex 335.6583333333333 197.97298187240236 3.25
      vertex 335.6583333333333 197.97298187240236 2.5
    endloop
  endfacet
  facet normal -0.3389956593683032 0.7613967171351155 -0.5525911527208143
    outer loop
      vertex 334.7702623571768 197.57758719922754 3.25
      vertex 335.4083333333333 198.40599457429457 4
      vertex 335.6583333333333 197.97298187240236 3.25
    endloop
  endfacet
  facet normal -0.3389956593683024 -0.7613967171351136 0.552591152720817
    outer loop
      vertex 334.7702623571768 206.42241280077246 2.5
      vertex 335.0364504995936 205.61930820986407 1.5567265298897706
      vertex 335.6583333333333 206.02701812759764 2.5
    endloop
  endfacet
  facet normal -0.40673664307580054 -0.9135454576426008 0
    outer loop
      vertex 334.7702623571768 206.42241280077246 2.5
      vertex 335.6583333333333 206.02701812759764 2.5
      vertex 334.7702623571768 206.42241280077246 3.25
    endloop
  endfacet
  facet normal -0.40673664307580054 -0.9135454576426008 0
    outer loop
      vertex 334.7702623571768 206.42241280077246 3.25
      vertex 335.6583333333333 206.02701812759764 2.5
      vertex 335.6583333333333 206.02701812759764 3.25
    endloop
  endfacet
  facet normal -0.3389956593683032 -0.7613967171351155 -0.5525911527208143
    outer loop
      vertex 334.7702623571768 206.42241280077246 3.25
      vertex 335.6583333333333 206.02701812759764 3.25
      vertex 335.4083333333333 205.59400542570543 4
    endloop
  endfacet
  facet normal -0.48175367410178005 0.8763066800438281 0
    outer loop
      vertex 335.0364504995936 198.38069179013593 0.8000000000000007
      vertex 335.0364504995936 198.38069179013593 1.5567265298897706
      vertex 335.32982465372874 198.54197559620485 1.5144739611862992
    endloop
  endfacet
  facet normal -0.48175367410171255 0.8763066800438651 -3.607708315895663e-14
    outer loop
      vertex 335.0364504995936 198.38069179013593 0.8000000000000007
      vertex 335.32982465372874 198.54197559620485 1.5144739611862992
      vertex 335.4766405132493 198.62268829799194 0.8000000000000007
    endloop
  endfacet
  facet normal 0 0 1
    outer loop
      vertex 335.0364504995936 198.38069179013593 0.8000000000000007
      vertex 335.4766405132493 198.62268829799194 0.8000000000000007
      vertex 335.4766405132493 205.37731170200806 0.8000000000000007
    endloop
  endfacet
  facet normal 0 0 1
    outer loop
      vertex 335.0364504995936 198.38069179013593 0.8000000000000007
      vertex 335.4766405132493 205.37731170200806 0.8000000000000007
      vertex 335.0364504995936 205.61930820986407 0.8000000000000007
    endloop
  endfacet
  facet normal -0.48175367410178005 -0.8763066800438281 0
    outer loop
      vertex 335.0364504995936 205.61930820986407 0.8000000000000007
      vertex 335.32982465372874 205.45802440379515 1.5144739611862992
      vertex 335.0364504995936 205.61930820986407 1.5567265298897706
    endloop
  endfacet
  facet normal -0.48175367410171255 -0.8763066800438651 -3.607708315895663e-14
    outer loop
      vertex 335.0364504995936 205.61930820986407 0.8000000000000007
      vertex 335.4766405132493 205.37731170200806 0.8000000000000007
      vertex 335.32982465372874 205.45802440379515 1.5144739611862992
    endloop
  endfacet
  facet normal -0.338995659368346 -0.7613967171350832 0.5525911527208327
    outer loop
      vertex 335.0364504995936 205.61930820986407 1.5567265298897706
      vertex 335.32982465372874 205.45802440379515 1.5144739611862992
      vertex 335.6583333333333 206.02701812759764 2.5
    endloop
  endfacet
  facet normal -0.10941810876596231 -0.9939958136099367 0
    outer loop
      vertex 335.25256870935357 136.20280816406012 0
      vertex 339.7109605471293 135.71203265339136 0
      vertex 339.7109605471293 135.71203265339136 10
    endloop
  endfacet
  facet normal -0.10941810876596231 -0.9939958136099367 0
    outer loop
      vertex 335.25256870935357 136.20280816406012 0
      vertex 339.7109605471293 135.71203265339136 10
      vertex 335.25256870935357 136.20280816406012 10
    endloop
  endfacet
  facet normal 0 0 -1
    outer loop
      vertex 335.25256870935357 136.20280816406012 0
      vertex 465 250 0
      vertex 339.7109605471293 135.71203265339136 0
    endloop
  endfacet
  facet normal 0 0 1
    outer loop
      vertex 335.25256870935357 136.20280816406012 10
      vertex 339.7109605471293 135.71203265339136 10
      vertex 465 250 10
    endloop
  endfacet
  facet normal -0.48175367410157766 0.8763066800439391 0
    outer loop
      vertex 335.32982465372874 198.54197559620485 1.5144739611862992
      vertex 335.4766405132493 198.62268829799194 1.5461448319618967
      vertex 335.4766405132493 198.62268829799194 0.8000000000000007
    endloop
  endfacet
  facet normal -0.48989106971281227 0.6742772113532345 0.5525911527208359
    outer loop
      vertex 335.32982465372874 198.54197559620485 1.5144739611862992
      vertex 335.6583333333333 197.97298187240236 2.5
      vertex 335.4766405132493 198.62268829799194 1.5461448319618967
    endloop
  endfacet
  facet normal -0.48175367410157766 -0.8763066800439391 0
    outer loop
      vertex 335.32982465372874 205.45802440379515 1.5144739611862992
      vertex 335.4766405132493 205.37731170200806 0.8000000000000007
      vertex 335.4766405132493 205.37731170200806 1.5461448319618967
    endloop
  endfacet
  facet normal -0.48989106971281227 -0.6742772113532345 0.5525911527208359
    outer loop
      vertex 335.32982465372874 205.45802440379515 1.5144739611862992
      vertex 335.4766405132493 205.37731170200806 1.5461448319618967
      vertex 335.6583333333333 206.02701812759764 2.5
    endloop
  endfacet
  facet normal -0.5877852522924888 0.809016994374936 0
    outer loop
      vertex 335.4083333333333 198.40599457429457 4
      vertex 335.4083333333333 198.40599457429457 10
      vertex 336.11022534972255 198.91594897426882 4
    endloop
  endfacet
  facet normal -0.4898910697129461 0.6742772113531548 -0.5525911527208143
    outer loop
      vertex 335.4083333333333 198.40599457429457 4
      vertex 336.11022534972255 198.91594897426882 4
      vertex 335.6583333333333 197.97298187240236 3.25
    endloop
  endfacet
  facet normal -0.5877852522924888 0.809016994374936 0
    outer loop
      vertex 335.4083333333333 198.40599457429457 10
      vertex 336.11022534972255 198.91594897426882 10
      vertex 336.11022534972255 198.91594897426882 4
    endloop
  endfacet
  facet normal -0.4898910697129461 -0.6742772113531548 -0.5525911527208143
    outer loop
      vertex 335.4083333333333 205.59400542570543 4
      vertex 335.6583333333333 206.02701812759764 3.25
      vertex 336.11022534972255 205.08405102573118 4
    endloop
  endfacet
  facet normal -0.5877852522924888 -0.809016994374936 0
    outer loop
      vertex 335.4083333333333 205.59400542570543 4
      vertex 336.11022534972255 205.08405102573118 4
      vertex 336.11022534972255 205.08405102573118 10
    endloop
  endfacet
  facet normal -0.5877852522924888 -0.809016994374936 0
    outer loop
      vertex 335.4083333333333 205.59400542570543 4
      vertex 336.11022534972255 205.08405102573118 10
      vertex 335.4083333333333 205.59400542570543 10
    endloop
  endfacet
  facet normal 0 0 1
    outer loop
      vertex 335.4083333333333 205.59400542570543 10
      vertex 336.11022534972255 205.08405102573118 10
      vertex 465 250 10
    endloop
  endfacet
  facet normal -0.5877852522925018 0.8090169943749267 0
    outer loop
      vertex 335.4766405132493 198.62268829799194 0.8000000000000007
      vertex 335.4766405132493 198.62268829799194 1.5461448319618967
      vertex 335.88302929232805 198.91794702889683 1.546144831961895
    endloop
  endfacet
  facet normal 0 0 1
    outer loop
      vertex 335.4766405132493 198.62268829799194 0.8000000000000007
      vertex 335.88302929232805 198.91794702889683 0.8000000000000007
      vertex 335.88302929232805 205.08205297110317 0.8000000000000007
    endloop
  endfacet
  facet normal -0.5877852522925018 0.8090169943749267 0
    outer loop
      vertex 335.4766405132493 198.62268829799194 0.8000000000000007
      vertex 335.88302929232805 198.91794702889683 1.546144831961895
      vertex 335.88302929232805 198.91794702889683 0.8000000000000007
    endloop
  endfacet
  facet normal 0 0 1
    outer loop
      vertex 335.4766405132493 198.62268829799194 0.8000000000000007
      vertex 335.88302929232805 205.08205297110317 0.8000000000000007
      vertex 335.4766405132493 205.37731170200806 0.8000000000000007
    endloop
  endfacet
  facet normal -0.489891069712958 0.6742772113531519 0.5525911527208074
    outer loop
      vertex 335.4766405132493 198.62268829799194 1.5461448319618967
      vertex 335.6583333333333 197.97298187240236 2.5
      vertex 335.88302929232805 198.91794702889683 1.546144831961895
    endloop
  endfacet
  facet normal -0.5877852522925018 -0.8090169943749267 0
    outer loop
      vertex 335.4766405132493 205.37731170200806 0.8000000000000007
      vertex 335.88302929232805 205.08205297110317 0.8000000000000007
      vertex 335.4766405132493 205.37731170200806 1.5461448319618967
    endloop
  endfacet
  facet normal -0.5877852522925018 -0.8090169943749267 0
    outer loop
      vertex 335.4766405132493 205.37731170200806 1.5461448319618967
      vertex 335.88302929232805 205.08205297110317 0.8000000000000007
      vertex 335.88302929232805 205.08205297110317 1.546144831961895
    endloop
  endfacet
  facet normal -0.48989106971295426 -0.6742772113531468 0.5525911527208169
    outer loop
      vertex 335.4766405132493 205.37731170200806 1.5461448319618967
      vertex 335.88302929232805 205.08205297110317 1.546144831961895
      vertex 336.444790652902 205.45562343846987 2.5
    endloop
  endfacet
  facet normal -0.4898910697129464 -0.6742772113531584 0.5525911527208097
    outer loop
      vertex 335.4766405132493 205.37731170200806 1.5461448319618967
      vertex 336.444790652902 205.45562343846987 2.5
      vertex 335.6583333333333 206.02701812759764 2.5
    endloop
  endfacet
  facet normal -0.5877852522924869 0.8090169943749373 0
    outer loop
      vertex 335.6583333333333 197.97298187240236 2.5
      vertex 335.6583333333333 197.97298187240236 3.25
      vertex 336.444790652902 198.54437656153013 3.25
    endloop
  endfacet
  facet normal -0.48989106971294444 0.6742772113531559 0.5525911527208145
    outer loop
      vertex 335.6583333333333 197.97298187240236 2.5
      vertex 336.444790652902 198.54437656153013 2.5
      vertex 335.88302929232805 198.91794702889683 1.546144831961895
    endloop
  endfacet
  facet normal -0.5877852522924869 0.8090169943749373 0
    outer loop
      vertex 335.6583333333333 197.97298187240236 2.5
      vertex 336.444790652902 198.54437656153013 3.25
      vertex 336.444790652902 198.54437656153013 2.5
    endloop
  endfacet
  facet normal -0.48989106971294394 0.6742772113531551 -0.552591152720816
    outer loop
      vertex 335.6583333333333 197.97298187240236 3.25
      vertex 336.11022534972255 198.91594897426882 4
      vertex 336.444790652902 198.54437656153013 3.25
    endloop
  endfacet
  facet normal -0.5877852522924869 -0.8090169943749373 0
    outer loop
      vertex 335.6583333333333 206.02701812759764 2.5
      vertex 336.444790652902 205.45562343846987 2.5
      vertex 335.6583333333333 206.02701812759764 3.25
    endloop
  endfacet
  facet normal -0.5877852522924869 -0.8090169943749373 0
    outer loop
      vertex 335.6583333333333 206.02701812759764 3.25
      vertex 336.444790652902 205.45562343846987 2.5
      vertex 336.444790652902 205.45562343846987 3.25
    endloop
  endfacet
  facet normal -0.48989106971294394 -0.6742772113531551 -0.552591152720816
    outer loop
      vertex 335.6583333333333 206.02701812759764 3.25
      vertex 336.444790652902 205.45562343846987 3.25
      vertex 336.11022534972255 205.08405102573118 4
    endloop
  endfacet
  facet normal 0 0 -1
    outer loop
      vertex 335.8225687096516 85.6572653055191 0
      vertex 335.9809931988517 123.88806530833244 0
      vertex 338.4910013626019 123.34414693713188 0
    endloop
  endfacet
  facet normal 0.2705843394251035 -0.9626962736283342 0
    outer loop
      vertex 335.8225687096516 85.6572653055191 0
      vertex 338.49034013847506 86.40709387511015 0
      vertex 338.49034013847506 86.40709387511015 10
    endloop
  endfacet
  facet normal 0.2705843394251035 -0.9626962736283342 0
    outer loop
      vertex 335.8225687096516 85.6572653055191 0
      vertex 338.49034013847506 86.40709387511015 10
      vertex 335.8225687096516 85.6572653055191 10
    endloop
  endfacet
  facet normal 0 0 -1
    outer loop
      vertex 335.8225687096516 85.6572653055191 0
      vertex 338.4910013626019 123.34414693713188 0
      vertex 340.78677279005444 122.58266122639179 0
    endloop
  endfacet
  facet normal 0 0 -1
    outer loop
      vertex 335.8225687096516 85.6572653055191 0
      vertex 340.78677279005444 122.58266122639179 0
      vertex 342.8683074812094 121.60360816121101 0
    endloop
  endfacet
  facet normal 0 0 -1
    outer loop
      vertex 335.8225687096516 85.6572653055191 0
      vertex 342.8683074812094 121.60360816121101 0
      vertex 344.73560544351733 120.40698775649071 0
    endloop
  endfacet
  facet normal 0 0 -1
    outer loop
      vertex 335.8225687096516 85.6572653055191 0
      vertex 344.73560544351733 120.40698775649071 0
      vertex 346.38866666952765 118.99279999732971 0
    endloop
  endfacet
  facet normal 0 0 -1
    outer loop
      vertex 335.8225687096516 85.6572653055191 0
      vertex 346.38866666952765 118.99279999732971 0
      vertex 347.8245034019152 117.3909469395876 0
    endloop
  endfacet
  facet normal 0 0 -1
    outer loop
      vertex 335.8225687096516 85.6572653055191 0
      vertex 347.8245034019152 117.3909469395876 0
      vertex 349.0394421766201 115.6313306093216 0
    endloop
  endfacet
  facet normal 0 0 -1
    outer loop
      vertex 335.8225687096516 85.6572653055191 0
      vertex 349.0394421766201 115.6313306093216 0
      vertex 350.03348299364245 113.71395102143288 0
    endloop
  endfacet
  facet normal 0 0 -1
    outer loop
      vertex 335.8225687096516 85.6572653055191 0
      vertex 350.03348299364245 113.71395102143288 0
      vertex 350.80662585298217 111.63880816102028 0
    endloop
  endfacet
  facet normal 0 0 -1
    outer loop
      vertex 335.8225687096516 85.6572653055191 0
      vertex 350.80662585298217 111.63880816102028 0
      vertex 351.3588707471887 109.40590204298496 0
    endloop
  endfacet
  facet normal 0 0 -1
    outer loop
      vertex 335.8225687096516 85.6572653055191 0
      vertex 351.3588707471887 109.40590204298496 0
      vertex 351.6902176837126 107.01523265242577 0
    endloop
  endfacet
  facet normal 0 0 -1
    outer loop
      vertex 335.8225687096516 85.6572653055191 0
      vertex 351.6902176837126 107.01523265242577 0
      vertex 338.49034013847506 86.40709387511015 0
    endloop
  endfacet
  facet normal -0.6845471059285999 0.728968627421495 0
    outer loop
      vertex 335.88302929232805 198.91794702889683 0.8000000000000007
      vertex 335.88302929232805 198.91794702889683 1.546144831961895
      vertex 336.0051602289461 199.03263561227521 1.5144739611862992
    endloop
  endfacet
  facet normal -0.6845471059286915 0.7289686274214088 2.950355246546883e-14
    outer loop
      vertex 335.88302929232805 198.91794702889683 0.8000000000000007
      vertex 336.0051602289461 199.03263561227521 1.5144739611862992
      vertex 336.24920784301895 199.26181157628525 0.8000000000000007
    endloop
  endfacet
  facet normal 0 0 1
    outer loop
      vertex 335.88302929232805 198.91794702889683 0.8000000000000007
      vertex 336.24920784301895 199.26181157628525 0.8000000000000007
      vertex 336.24920784301895 204.73818842371475 0.8000000000000007
    endloop
  endfacet
  facet normal 0 0 1
    outer loop
      vertex 335.88302929232805 198.91794702889683 0.8000000000000007
      vertex 336.24920784301895 204.73818842371475 0.8000000000000007
      vertex 335.88302929232805 205.08205297110317 0.8000000000000007
    endloop
  endfacet
  facet normal -0.4898910697128872 0.6742772113532083 0.5525911527208014
    outer loop
      vertex 335.88302929232805 198.91794702889683 1.546144831961895
      vertex 336.444790652902 198.54437656153013 2.5
      vertex 336.0051602289461 199.03263561227521 1.5144739611862992
    endloop
  endfacet
  facet normal -0.6845471059285999 -0.728968627421495 0
    outer loop
      vertex 335.88302929232805 205.08205297110317 0.8000000000000007
      vertex 336.0051602289461 204.96736438772479 1.5144739611862992
      vertex 335.88302929232805 205.08205297110317 1.546144831961895
    endloop
  endfacet
  facet normal -0.6845471059286915 -0.7289686274214088 2.950355246546883e-14
    outer loop
      vertex 335.88302929232805 205.08205297110317 0.8000000000000007
      vertex 336.24920784301895 204.73818842371475 0.8000000000000007
      vertex 336.0051602289461 204.96736438772479 1.5144739611862992
    endloop
  endfacet
  facet normal -0.4898910697128872 -0.6742772113532083 0.5525911527208014
    outer loop
      vertex 335.88302929232805 205.08205297110317 1.546144831961895
      vertex 336.0051602289461 204.96736438772479 1.5144739611862992
      vertex 336.444790652902 205.45562343846987 2.5
    endloop
  endfacet
  facet normal 0.21178431539188297 0.9773164296961304 0
    outer loop
      vertex 335.9809931988517 123.88806530833244 0
      vertex 335.9809931988517 123.88806530833244 10
      vertex 338.4910013626019 123.34414693713188 0
    endloop
  endfacet
  facet normal 0.21178431539188297 0.9773164296961304 0
    outer loop
      vertex 335.9809931988517 123.88806530833244 10
      vertex 338.4910013626019 123.34414693713188 10
      vertex 338.4910013626019 123.34414693713188 0
    endloop
  endfacet
  facet normal 0 0 1
    outer loop
      vertex 335.9809931988517 123.88806530833244 10
      vertex 343.1631891156236 88.54946122318506 10
      vertex 338.4910013626019 123.34414693713188 10
    endloop
  endfacet
  facet normal -0.6845471059287375 0.7289686274213657 0
    outer loop
      vertex 336.0051602289461 199.03263561227521 1.5144739611862992
      vertex 336.24920784301895 199.26181157628525 1.5567265298897706
      vertex 336.24920784301895 199.26181157628525 0.8000000000000007
    endloop
  endfacet
  facet normal -0.6193758895529377 0.5576885558940605 0.5525911527208018
    outer loop
      vertex 336.0051602289461 199.03263561227521 1.5144739611862992
      vertex 336.444790652902 198.54437656153013 2.5
      vertex 337.0952623571768 199.26679857684 2.5
    endloop
  endfacet
  facet normal -0.6193758895529681 0.5576885558939724 0.5525911527208565
    outer loop
      vertex 336.0051602289461 199.03263561227521 1.5144739611862992
      vertex 337.0952623571768 199.26679857684 2.5
      vertex 336.24920784301895 199.26181157628525 1.5567265298897706
    endloop
  endfacet
  facet normal -0.6845471059287375 -0.7289686274213657 0
    outer loop
      vertex 336.0051602289461 204.96736438772479 1.5144739611862992
      vertex 336.24920784301895 204.73818842371475 0.8000000000000007
      vertex 336.24920784301895 204.73818842371475 1.5567265298897706
    endloop
  endfacet
  facet normal -0.6193758895529681 -0.5576885558939724 0.5525911527208565
    outer loop
      vertex 336.0051602289461 204.96736438772479 1.5144739611862992
      vertex 336.24920784301895 204.73818842371475 1.5567265298897706
      vertex 337.0952623571768 204.73320142316 2.5
    endloop
  endfacet
  facet normal -0.6193758895529377 -0.5576885558940605 0.5525911527208018
    outer loop
      vertex 336.0051602289461 204.96736438772479 1.5144739611862992
      vertex 337.0952623571768 204.73320142316 2.5
      vertex 336.444790652902 205.45562343846987 2.5
    endloop
  endfacet
  facet normal -0.7431448254773895 0.6691306063588633 0
    outer loop
      vertex 336.11022534972255 198.91594897426882 4
      vertex 336.11022534972255 198.91594897426882 10
      vertex 336.69075385998934 199.56069120298625 4
    endloop
  endfacet
  facet normal -0.6193758895529327 0.5576885558940406 -0.5525911527208274
    outer loop
      vertex 336.11022534972255 198.91594897426882 4
      vertex 336.69075385998934 199.56069120298625 4
      vertex 337.0952623571768 199.26679857684 3.25
    endloop
  endfacet
  facet normal -0.6193758895529298 0.5576885558940535 -0.5525911527208176
    outer loop
      vertex 336.11022534972255 198.91594897426882 4
      vertex 337.0952623571768 199.26679857684 3.25
      vertex 336.444790652902 198.54437656153013 3.25
    endloop
  endfacet
  facet normal -0.7431448254773895 0.6691306063588633 0
    outer loop
      vertex 336.11022534972255 198.91594897426882 10
      vertex 336.69075385998934 199.56069120298625 10
      vertex 336.69075385998934 199.56069120298625 4
    endloop
  endfacet
  facet normal 0 0 1
    outer loop
      vertex 336.11022534972255 198.91594897426882 10
      vertex 465 250 10
      vertex 336.69075385998934 199.56069120298625 10
    endloop
  endfacet
  facet normal -0.6193758895529298 -0.5576885558940535 -0.5525911527208176
    outer loop
      vertex 336.11022534972255 205.08405102573118 4
      vertex 336.444790652902 205.45562343846987 3.25
      vertex 337.0952623571768 204.73320142316 3.25
    endloop
  endfacet
  facet normal -0.7431448254773895 -0.6691306063588633 0
    outer loop
      vertex 336.11022534972255 205.08405102573118 4
      vertex 336.69075385998934 204.43930879701375 4
      vertex 336.69075385998934 204.43930879701375 10
    endloop
  endfacet
  facet normal -0.7431448254773895 -0.6691306063588633 0
    outer loop
      vertex 336.11022534972255 205.08405102573118 4
      vertex 336.69075385998934 204.43930879701375 10
      vertex 336.11022534972255 205.08405102573118 10
    endloop
  endfacet
  facet normal -0.6193758895529327 -0.5576885558940406 -0.5525911527208274
    outer loop
      vertex 336.11022534972255 205.08405102573118 4
      vertex 337.0952623571768 204.73320142316 3.25
      vertex 336.69075385998934 204.43930879701375 4
    endloop
  endfacet
  facet normal 0 0 1
    outer loop
      vertex 336.11022534972255 205.08405102573118 10
      vertex 336.69075385998934 204.43930879701375 10
      vertex 465 250 10
    endloop
  endfacet
  facet normal -0.7705132427758008 0.6374239897486759 0
    outer loop
      vertex 336.24920784301895 199.26181157628525 0.8000000000000007
      vertex 336.24920784301895 199.26181157628525 1.5567265298897706
      vertex 336.5694013108331 199.64885899083012 1.5249999999999986
    endloop
  endfacet
  facet normal 0 0 1
    outer loop
      vertex 336.24920784301895 199.26181157628525 0.8000000000000007
      vertex 336.5694013108331 199.64885899083012 0.8000000000000007
      vertex 336.5694013108331 204.35114100916988 0.8000000000000007
    endloop
  endfacet
  facet normal -0.7705132427758008 0.6374239897486758 0
    outer loop
      vertex 336.24920784301895 199.26181157628525 0.8000000000000007
      vertex 336.5694013108331 199.64885899083012 1.5249999999999986
      vertex 336.5694013108331 199.64885899083012 0.8000000000000007
    endloop
  endfacet
  facet normal 0 0 1
    outer loop
      vertex 336.24920784301895 199.26181157628525 0.8000000000000007
      vertex 336.5694013108331 204.35114100916988 0.8000000000000007
      vertex 336.24920784301895 204.73818842371475 0.8000000000000007
    endloop
  endfacet
  facet normal -0.6193758895529421 0.5576885558940247 0.5525911527208329
    outer loop
      vertex 336.24920784301895 199.26181157628525 1.5567265298897706
      vertex 337.0952623571768 199.26679857684 2.5
      vertex 336.5694013108331 199.64885899083012 1.5249999999999986
    endloop
  endfacet
  facet normal -0.7705132427758008 -0.6374239897486758 0
    outer loop
      vertex 336.24920784301895 204.73818842371475 0.8000000000000007
      vertex 336.5694013108331 204.35114100916988 0.8000000000000007
      vertex 336.5694013108331 204.35114100916988 1.5249999999999986
    endloop
  endfacet
  facet normal -0.7705132427758008 -0.6374239897486759 0
    outer loop
      vertex 336.24920784301895 204.73818842371475 0.8000000000000007
      vertex 336.5694013108331 204.35114100916988 1.5249999999999986
      vertex 336.24920784301895 204.73818842371475 1.5567265298897706
    endloop
  endfacet
  facet normal -0.6193758895529421 -0.5576885558940247 0.5525911527208329
    outer loop
      vertex 336.24920784301895 204.73818842371475 1.5567265298897706
      vertex 336.5694013108331 204.35114100916988 1.5249999999999986
      vertex 337.0952623571768 204.73320142316 2.5
    endloop
  endfacet
  facet normal -0.10994424060429105 0.9939377565813393 0
    outer loop
      vertex 336.30335238079226 18.550497956573963 0
      vertex 336.30335238079226 18.550497956573963 10
      vertex 341.1227238128582 19.08359183371067 0
    endloop
  endfacet
  facet normal 0 0 -1
    outer loop
      vertex 336.30335238079226 18.550497956573963 0
      vertex 341.1227238128582 19.08359183371067 0
      vertex 465 0 0
    endloop
  endfacet
  facet normal -0.10994424060429105 0.9939377565813393 0
    outer loop
      vertex 336.30335238079226 18.550497956573963 10
      vertex 341.1227238128582 19.08359183371067 10
      vertex 341.1227238128582 19.08359183371067 0
    endloop
  endfacet
  facet normal 0 0 1
    outer loop
      vertex 336.30335238079226 18.550497956573963 10
      vertex 465 0 10
      vertex 341.1227238128582 19.08359183371067 10
    endloop
  endfacet
  facet normal -0.7431448254773803 0.6691306063588737 0
    outer loop
      vertex 336.444790652902 198.54437656153013 2.5
      vertex 336.444790652902 198.54437656153013 3.25
      vertex 337.0952623571768 199.26679857684 2.5
    endloop
  endfacet
  facet normal -0.7431448254773803 0.6691306063588737 0
    outer loop
      vertex 336.444790652902 198.54437656153013 3.25
      vertex 337.0952623571768 199.26679857684 3.25
      vertex 337.0952623571768 199.26679857684 2.5
    endloop
  endfacet
  facet normal -0.7431448254773803 -0.6691306063588737 0
    outer loop
      vertex 336.444790652902 205.45562343846987 2.5
      vertex 337.0952623571768 204.73320142316 2.5
      vertex 337.0952623571768 204.73320142316 3.25
    endloop
  endfacet
  facet normal -0.7431448254773803 -0.6691306063588737 0
    outer loop
      vertex 336.444790652902 205.45562343846987 2.5
      vertex 337.0952623571768 204.73320142316 3.25
      vertex 336.444790652902 205.45562343846987 3.25
    endloop
  endfacet
  facet normal -0.84432792550197 0.5358267949790676 0
    outer loop
      vertex 336.5694013108331 199.64885899083012 0.8000000000000007
      vertex 336.5694013108331 199.64885899083012 1.5249999999999986
      vertex 336.8385600535088 200.07298530359313 1.5567265298897706
    endloop
  endfacet
  facet normal 0 0 1
    outer loop
      vertex 336.5694013108331 199.64885899083012 0.8000000000000007
      vertex 336.8385600535088 200.07298530359313 0.8000000000000007
      vertex 336.8385600535088 203.92701469640687 0.8000000000000007
    endloop
  endfacet
  facet normal -0.8443279255019701 0.5358267949790676 0
    outer loop
      vertex 336.5694013108331 199.64885899083012 0.8000000000000007
      vertex 336.8385600535088 200.07298530359313 1.5567265298897706
      vertex 336.8385600535088 200.07298530359313 0.8000000000000007
    endloop
  endfacet
  facet normal 0 0 1
    outer loop
      vertex 336.5694013108331 199.64885899083012 0.8000000000000007
      vertex 336.8385600535088 203.92701469640687 0.8000000000000007
      vertex 336.5694013108331 204.35114100916988 0.8000000000000007
    endloop
  endfacet
  facet normal -0.7217910109242088 0.41672623445575435 0.5525911527208307
    outer loop
      vertex 336.5694013108331 199.64885899083012 1.5249999999999986
      vertex 337.0952623571768 199.26679857684 2.5
      vertex 337.5813197113714 200.10867460969752 2.5
    endloop
  endfacet
  facet normal -0.7217910109242007 0.4167262344558217 0.5525911527207905
    outer loop
      vertex 336.5694013108331 199.64885899083012 1.5249999999999986
      vertex 337.5813197113714 200.10867460969752 2.5
      vertex 336.8385600535088 200.07298530359313 1.5567265298897706
    endloop
  endfacet
  facet normal -0.84432792550197 -0.5358267949790676 0
    outer loop
      vertex 336.5694013108331 204.35114100916988 0.8000000000000007
      vertex 336.8385600535088 203.92701469640687 0.8000000000000007
      vertex 336.5694013108331 204.35114100916988 1.5249999999999986
    endloop
  endfacet
  facet normal -0.84432792550197 -0.5358267949790676 0
    outer loop
      vertex 336.5694013108331 204.35114100916988 1.5249999999999986
      vertex 336.8385600535088 203.92701469640687 0.8000000000000007
      vertex 336.8385600535088 203.92701469640687 1.5567265298897706
    endloop
  endfacet
  facet normal -0.7217910109242007 -0.4167262344558217 0.5525911527207905
    outer loop
      vertex 336.5694013108331 204.35114100916988 1.5249999999999986
      vertex 336.8385600535088 203.92701469640687 1.5567265298897706
      vertex 337.5813197113714 203.89132539030248 2.5
    endloop
  endfacet
  facet normal -0.7217910109242088 -0.41672623445575435 0.5525911527208307
    outer loop
      vertex 336.5694013108331 204.35114100916988 1.5249999999999986
      vertex 337.5813197113714 203.89132539030248 2.5
      vertex 337.0952623571768 204.73320142316 2.5
    endloop
  endfacet
  facet normal -0.866025403784436 0.5000000000000046 0
    outer loop
      vertex 336.69075385998934 199.56069120298625 4
      vertex 336.69075385998934 199.56069120298625 10
      vertex 337.1245469825501 200.31204293123542 4
    endloop
  endfacet
  facet normal -0.7217910109242126 0.41672623445575124 -0.552591152720828
    outer loop
      vertex 336.69075385998934 199.56069120298625 4
      vertex 337.1245469825501 200.31204293123542 4
      vertex 337.5813197113714 200.10867460969752 3.25
    endloop
  endfacet
  facet normal -0.7217910109242126 0.41672623445575646 -0.5525911527208243
    outer loop
      vertex 336.69075385998934 199.56069120298625 4
      vertex 337.5813197113714 200.10867460969752 3.25
      vertex 337.0952623571768 199.26679857684 3.25
    endloop
  endfacet
  facet normal -0.866025403784436 0.5000000000000046 0
    outer loop
      vertex 336.69075385998934 199.56069120298625 10
      vertex 337.1245469825501 200.31204293123542 10
      vertex 337.1245469825501 200.31204293123542 4
    endloop
  endfacet
  facet normal 0 0 1
    outer loop
      vertex 336.69075385998934 199.56069120298625 10
      vertex 465 250 10
      vertex 337.1245469825501 200.31204293123542 10
    endloop
  endfacet
  facet normal -0.7217910109242126 -0.41672623445575646 -0.5525911527208243
    outer loop
      vertex 336.69075385998934 204.43930879701375 4
      vertex 337.0952623571768 204.73320142316 3.25
      vertex 337.5813197113714 203.89132539030248 3.25
    endloop
  endfacet
  facet normal -0.866025403784436 -0.5000000000000046 0
    outer loop
      vertex 336.69075385998934 204.43930879701375 4
      vertex 337.1245469825501 203.68795706876458 4
      vertex 337.1245469825501 203.68795706876458 10
    endloop
  endfacet
  facet normal -0.866025403784436 -0.5000000000000046 0
    outer loop
      vertex 336.69075385998934 204.43930879701375 4
      vertex 337.1245469825501 203.68795706876458 10
      vertex 336.69075385998934 204.43930879701375 10
    endloop
  endfacet
  facet normal -0.7217910109242126 -0.41672623445575124 -0.552591152720828
    outer loop
      vertex 336.69075385998934 204.43930879701375 4
      vertex 337.5813197113714 203.89132539030248 3.25
      vertex 337.1245469825501 203.68795706876458 4
    endloop
  endfacet
  facet normal 0 0 1
    outer loop
      vertex 336.69075385998934 204.43930879701375 10
      vertex 337.1245469825501 203.68795706876458 10
      vertex 465 250 10
    endloop
  endfacet
  facet normal -0.9048270524660508 0.4257792915650064 0
    outer loop
      vertex 336.8385600535088 200.07298530359313 0.8000000000000007
      vertex 336.8385600535088 200.07298530359313 1.5567265298897706
      vertex 336.98110448727357 200.3759076448248 1.5144739611862992
    endloop
  endfacet
  facet normal -0.9048270524660292 0.4257792915650521 -2.374204615176713e-14
    outer loop
      vertex 336.8385600535088 200.07298530359313 0.8000000000000007
      vertex 336.98110448727357 200.3759076448248 1.5144739611862992
      vertex 337.05243927688633 200.5275017892613 0.8000000000000007
    endloop
  endfacet
  facet normal 0 0 1
    outer loop
      vertex 336.8385600535088 200.07298530359313 0.8000000000000007
      vertex 337.05243927688633 200.5275017892613 0.8000000000000007
      vertex 337.05243927688633 203.4724982107387 0.8000000000000007
    endloop
  endfacet
  facet normal 0 0 1
    outer loop
      vertex 336.8385600535088 200.07298530359313 0.8000000000000007
      vertex 337.05243927688633 203.4724982107387 0.8000000000000007
      vertex 336.8385600535088 203.92701469640687 0.8000000000000007
    endloop
  endfacet
  facet normal -0.7217910109242444 0.4167262344556941 0.5525911527208297
    outer loop
      vertex 336.8385600535088 200.07298530359313 1.5567265298897706
      vertex 337.5813197113714 200.10867460969752 2.5
      vertex 336.98110448727357 200.3759076448248 1.5144739611862992
    endloop
  endfacet
  facet normal -0.9048270524660508 -0.4257792915650064 0
    outer loop
      vertex 336.8385600535088 203.92701469640687 0.8000000000000007
      vertex 336.98110448727357 203.6240923551752 1.5144739611862992
      vertex 336.8385600535088 203.92701469640687 1.5567265298897706
    endloop
  endfacet
  facet normal -0.9048270524660292 -0.4257792915650521 -2.374204615176713e-14
    outer loop
      vertex 336.8385600535088 203.92701469640687 0.8000000000000007
      vertex 337.05243927688633 203.4724982107387 0.8000000000000007
      vertex 336.98110448727357 203.6240923551752 1.5144739611862992
    endloop
  endfacet
  facet normal -0.7217910109242444 -0.4167262344556941 0.5525911527208297
    outer loop
      vertex 336.8385600535088 203.92701469640687 1.5567265298897706
      vertex 336.98110448727357 203.6240923551752 1.5144739611862992
      vertex 337.5813197113714 203.89132539030248 2.5
    endloop
  endfacet
  facet normal -0.9048270524659859 0.42577929156514366 0
    outer loop
      vertex 336.98110448727357 200.3759076448248 1.5144739611862992
      vertex 337.05243927688633 200.5275017892613 1.5461448319618967
      vertex 337.05243927688633 200.5275017892613 0.8000000000000007
    endloop
  endfacet
  facet normal -0.7926604015805437 0.25755097689746653 0.5525911527208264
    outer loop
      vertex 336.98110448727357 200.3759076448248 1.5144739611862992
      vertex 337.5813197113714 200.10867460969752 2.5
      vertex 337.05243927688633 200.5275017892613 1.5461448319618967
    endloop
  endfacet
  facet normal -0.9048270524659859 -0.42577929156514366 0
    outer loop
      vertex 336.98110448727357 203.6240923551752 1.5144739611862992
      vertex 337.05243927688633 203.4724982107387 0.8000000000000007
      vertex 337.05243927688633 203.4724982107387 1.5461448319618967
    endloop
  endfacet
  facet normal -0.7926604015805437 -0.25755097689746653 0.5525911527208264
    outer loop
      vertex 336.98110448727357 203.6240923551752 1.5144739611862992
      vertex 337.05243927688633 203.4724982107387 1.5461448319618967
      vertex 337.5813197113714 203.89132539030248 2.5
    endloop
  endfacet
  facet normal -0.9510565162951493 0.3090169943749609 0
    outer loop
      vertex 337.05243927688633 200.5275017892613 0.8000000000000007
      vertex 337.05243927688633 200.5275017892613 1.5461448319618967
      vertex 337.20766597784785 201.00524045134057 1.546144831961895
    endloop
  endfacet
  facet normal 0 0 1
    outer loop
      vertex 337.05243927688633 200.5275017892613 0.8000000000000007
      vertex 337.20766597784785 201.00524045134057 0.8000000000000007
      vertex 337.20766597784785 202.99475954865943 0.8000000000000007
    endloop
  endfacet
  facet normal -0.9510565162951492 0.30901699437496083 0
    outer loop
      vertex 337.05243927688633 200.5275017892613 0.8000000000000007
      vertex 337.20766597784785 201.00524045134057 1.546144831961895
      vertex 337.20766597784785 201.00524045134057 0.8000000000000007
    endloop
  endfacet
  facet normal 0 0 1
    outer loop
      vertex 337.05243927688633 200.5275017892613 0.8000000000000007
      vertex 337.20766597784785 202.99475954865943 0.8000000000000007
      vertex 337.05243927688633 203.4724982107387 0.8000000000000007
    endloop
  endfacet
  facet normal -0.7926604015805752 0.25755097689739753 0.5525911527208137
    outer loop
      vertex 337.05243927688633 200.5275017892613 1.5461448319618967
      vertex 337.5813197113714 200.10867460969752 2.5
      vertex 337.8817196767455 201.0332106376974 2.5
    endloop
  endfacet
  facet normal -0.7926604015805759 0.25755097689742873 0.5525911527207978
    outer loop
      vertex 337.05243927688633 200.5275017892613 1.5461448319618967
      vertex 337.8817196767455 201.0332106376974 2.5
      vertex 337.20766597784785 201.00524045134057 1.546144831961895
    endloop
  endfacet
  facet normal -0.9510565162951493 -0.3090169943749609 0
    outer loop
      vertex 337.05243927688633 203.4724982107387 0.8000000000000007
      vertex 337.20766597784785 202.99475954865943 0.8000000000000007
      vertex 337.05243927688633 203.4724982107387 1.5461448319618967
    endloop
  endfacet
  facet normal -0.9510565162951493 -0.3090169943749609 0
    outer loop
      vertex 337.05243927688633 203.4724982107387 1.5461448319618967
      vertex 337.20766597784785 202.99475954865943 0.8000000000000007
      vertex 337.20766597784785 202.99475954865943 1.5461448319618967
    endloop
  endfacet
  facet normal -0.7926604015805759 -0.2575509768974267 0.552591152720799
    outer loop
      vertex 337.05243927688633 203.4724982107387 1.5461448319618967
      vertex 337.20766597784785 202.99475954865943 1.5461448319618967
      vertex 337.8817196767455 202.9667893623026 2.5
    endloop
  endfacet
  facet normal -0.7926604015805752 -0.25755097689739753 0.5525911527208137
    outer loop
      vertex 337.05243927688633 203.4724982107387 1.5461448319618967
      vertex 337.8817196767455 202.9667893623026 2.5
      vertex 337.5813197113714 203.89132539030248 2.5
    endloop
  endfacet
  facet normal 0.20352308875972855 -0.9790701467932212 0
    outer loop
      vertex 337.06691973159707 30.94262856990099 0
      vertex 339.74299320081866 31.498914286494255 0
      vertex 339.74299320081866 31.498914286494255 10
    endloop
  endfacet
  facet normal 0.20352308875972855 -0.9790701467932212 0
    outer loop
      vertex 337.06691973159707 30.94262856990099 0
      vertex 339.74299320081866 31.498914286494255 10
      vertex 337.06691973159707 30.94262856990099 10
    endloop
  endfacet
  facet normal -0.8660254037844334 0.5000000000000092 0
    outer loop
      vertex 337.0952623571768 199.26679857684 2.5
      vertex 337.0952623571768 199.26679857684 3.25
      vertex 337.5813197113714 200.10867460969752 2.5
    endloop
  endfacet
  facet normal -0.8660254037844334 0.5000000000000092 0
    outer loop
      vertex 337.0952623571768 199.26679857684 3.25
      vertex 337.5813197113714 200.10867460969752 3.25
      vertex 337.5813197113714 200.10867460969752 2.5
    endloop
  endfacet
  facet normal -0.8660254037844334 -0.5000000000000092 0
    outer loop
      vertex 337.0952623571768 204.73320142316 2.5
      vertex 337.5813197113714 203.89132539030248 2.5
      vertex 337.5813197113714 203.89132539030248 3.25
    endloop
  endfacet
  facet normal -0.8660254037844334 -0.5000000000000092 0
    outer loop
      vertex 337.0952623571768 204.73320142316 2.5
      vertex 337.5813197113714 203.89132539030248 3.25
      vertex 337.0952623571768 204.73320142316 3.25
    endloop
  endfacet
  facet normal -0.9510565162951544 0.30901699437494495 0
    outer loop
      vertex 337.1245469825501 200.31204293123542 4
      vertex 337.1245469825501 200.31204293123542 10
      vertex 337.3926458763786 201.13716648310628 4
    endloop
  endfacet
  facet normal -0.79266040158057 0.25755097689741 -0.5525911527208152
    outer loop
      vertex 337.1245469825501 200.31204293123542 4
      vertex 337.3926458763786 201.13716648310628 4
      vertex 337.8817196767455 201.0332106376974 3.25
    endloop
  endfacet
  facet normal -0.7926604015805669 0.25755097689739487 -0.5525911527208266
    outer loop
      vertex 337.1245469825501 200.31204293123542 4
      vertex 337.8817196767455 201.0332106376974 3.25
      vertex 337.5813197113714 200.10867460969752 3.25
    endloop
  endfacet
  facet normal -0.9510565162951544 0.30901699437494495 0
    outer loop
      vertex 337.1245469825501 200.31204293123542 10
      vertex 337.3926458763786 201.13716648310628 10
      vertex 337.3926458763786 201.13716648310628 4
    endloop
  endfacet
  facet normal 0 0 1
    outer loop
      vertex 337.1245469825501 200.31204293123542 10
      vertex 465 250 10
      vertex 337.3926458763786 201.13716648310628 10
    endloop
  endfacet
  facet normal -0.9510565162951544 -0.30901699437494495 0
    outer loop
      vertex 337.1245469825501 203.68795706876458 4
      vertex 337.3926458763786 202.86283351689372 4
      vertex 337.3926458763786 202.86283351689372 10
    endloop
  endfacet
  facet normal -0.9510565162951544 -0.30901699437494495 0
    outer loop
      vertex 337.1245469825501 203.68795706876458 4
      vertex 337.3926458763786 202.86283351689372 10
      vertex 337.1245469825501 203.68795706876458 10
    endloop
  endfacet
  facet normal -0.7926604015805669 -0.25755097689739487 -0.5525911527208266
    outer loop
      vertex 337.1245469825501 203.68795706876458 4
      vertex 337.5813197113714 203.89132539030248 3.25
      vertex 337.8817196767455 202.9667893623026 3.25
    endloop
  endfacet
  facet normal -0.79266040158057 -0.25755097689741 -0.5525911527208152
    outer loop
      vertex 337.1245469825501 203.68795706876458 4
      vertex 337.8817196767455 202.9667893623026 3.25
      vertex 337.3926458763786 202.86283351689372 4
    endloop
  endfacet
  facet normal 0 0 1
    outer loop
      vertex 337.1245469825501 203.68795706876458 10
      vertex 337.3926458763786 202.86283351689372 10
      vertex 465 250 10
    endloop
  endfacet
  facet normal -0.9822872507286815 0.18738131458576163 0
    outer loop
      vertex 337.20766597784785 201.00524045134057 0.8000000000000007
      vertex 337.20766597784785 201.00524045134057 1.546144831961895
      vertex 337.23905972319466 201.1698122277472 1.5144739611862992
    endloop
  endfacet
  facet normal -0.9822872507286948 0.18738131458569246 1.652082934583493e-14
    outer loop
      vertex 337.20766597784785 201.00524045134057 0.8000000000000007
      vertex 337.23905972319466 201.1698122277472 1.5144739611862992
      vertex 337.3017921385912 201.49866706574278 0.8000000000000007
    endloop
  endfacet
  facet normal 0 0 1
    outer loop
      vertex 337.20766597784785 201.00524045134057 0.8000000000000007
      vertex 337.3017921385912 201.49866706574278 0.8000000000000007
      vertex 337.3017921385912 202.50133293425722 0.8000000000000007
    endloop
  endfacet
  facet normal 0 0 1
    outer loop
      vertex 337.20766597784785 201.00524045134057 0.8000000000000007
      vertex 337.3017921385912 202.50133293425722 0.8000000000000007
      vertex 337.20766597784785 202.99475954865943 0.8000000000000007
    endloop
  endfacet
  facet normal -0.792660401580575 0.25755097689743345 0.5525911527207971
    outer loop
      vertex 337.20766597784785 201.00524045134057 1.546144831961895
      vertex 337.8817196767455 201.0332106376974 2.5
      vertex 337.23905972319466 201.1698122277472 1.5144739611862992
    endloop
  endfacet
  facet normal -0.9822872507286815 -0.18738131458576163 0
    outer loop
      vertex 337.20766597784785 202.99475954865943 0.8000000000000007
      vertex 337.23905972319466 202.8301877722528 1.5144739611862992
      vertex 337.20766597784785 202.99475954865943 1.5461448319618967
    endloop
  endfacet
  facet normal -0.9822872507286948 -0.18738131458569246 1.652082934583493e-14
    outer loop
      vertex 337.20766597784785 202.99475954865943 0.8000000000000007
      vertex 337.3017921385912 202.50133293425722 0.8000000000000007
      vertex 337.23905972319466 202.8301877722528 1.5144739611862992
    endloop
  endfacet
  facet normal -0.7926604015805735 -0.25755097689743905 0.5525911527207967
    outer loop
      vertex 337.20766597784785 202.99475954865943 1.5461448319618967
      vertex 337.23905972319466 202.8301877722528 1.5144739611862992
      vertex 337.8817196767455 202.9667893623026 2.5
    endloop
  endfacet
  facet normal -0.9822872507287013 0.1873813145856578 0
    outer loop
      vertex 337.23905972319466 201.1698122277472 1.5144739611862992
      vertex 337.3017921385912 201.49866706574278 1.5567265298897706
      vertex 337.3017921385912 201.49866706574278 0.8000000000000007
    endloop
  endfacet
  facet normal -0.8288867290812549 0.08711950578189973 0.552591152720794
    outer loop
      vertex 337.23905972319466 201.1698122277472 1.5144739611862992
      vertex 337.8817196767455 201.0332106376974 2.5
      vertex 337.3017921385912 201.49866706574278 1.5567265298897706
    endloop
  endfacet
  facet normal -0.9822872507287013 -0.1873813145856578 0
    outer loop
      vertex 337.23905972319466 202.8301877722528 1.5144739611862992
      vertex 337.3017921385912 202.50133293425722 0.8000000000000007
      vertex 337.3017921385912 202.50133293425722 1.5567265298897706
    endloop
  endfacet
  facet normal -0.8288867290812549 -0.08711950578189973 0.552591152720794
    outer loop
      vertex 337.23905972319466 202.8301877722528 1.5144739611862992
      vertex 337.3017921385912 202.50133293425722 1.5567265298897706
      vertex 337.8817196767455 202.9667893623026 2.5
    endloop
  endfacet
  facet normal 0.24477342173254954 0.9695803071501294 0
    outer loop
      vertex 337.2941850374142 71.03433469682932 0
      vertex 337.2941850374142 71.03433469682932 10
      vertex 340.2643564591805 70.2845061197877 0
    endloop
  endfacet
  facet normal 0.24477342173254954 0.9695803071501294 0
    outer loop
      vertex 337.2941850374142 71.03433469682932 10
      vertex 340.2643564591805 70.2845061197877 10
      vertex 340.2643564591805 70.2845061197877 0
    endloop
  endfacet
  facet normal 0 0 1
    outer loop
      vertex 337.2941850374142 71.03433469682932 10
      vertex 352.46005442241824 61.495951019227505 10
      vertex 340.2643564591805 70.2845061197877 10
    endloop
  endfacet
  facet normal -0.9980267284282714 0.0627905195293152 0
    outer loop
      vertex 337.3017921385912 201.49866706574278 0.8000000000000007
      vertex 337.3017921385912 201.49866706574278 1.5567265298897706
      vertex 337.3333333333333 202 1.5249999999999986
    endloop
  endfacet
  facet normal 0 0 1
    outer loop
      vertex 337.3017921385912 201.49866706574278 0.8000000000000007
      vertex 337.3333333333333 202 0.8000000000000007
      vertex 337.3017921385912 202.50133293425722 0.8000000000000007
    endloop
  endfacet
  facet normal -0.9980267284282714 0.0627905195293152 0
    outer loop
      vertex 337.3017921385912 201.49866706574278 0.8000000000000007
      vertex 337.3333333333333 202 1.5249999999999986
      vertex 337.3333333333333 202 0.8000000000000007
    endloop
  endfacet
  facet normal -0.8288867290812385 0.0871195057819533 0.5525911527208104
    outer loop
      vertex 337.3017921385912 201.49866706574278 1.5567265298897706
      vertex 337.8817196767455 201.0332106376974 2.5
      vertex 337.3333333333333 202 1.5249999999999986
    endloop
  endfacet
  facet normal -0.9980267284282714 -0.0627905195293152 0
    outer loop
      vertex 337.3017921385912 202.50133293425722 0.8000000000000007
      vertex 337.3333333333333 202 0.8000000000000007
      vertex 337.3333333333333 202 1.5249999999999986
    endloop
  endfacet
  facet normal -0.9980267284282714 -0.0627905195293152 0
    outer loop
      vertex 337.3017921385912 202.50133293425722 0.8000000000000007
      vertex 337.3333333333333 202 1.5249999999999986
      vertex 337.3017921385912 202.50133293425722 1.5567265298897706
    endloop
  endfacet
  facet normal -0.8288867290812406 -0.0871195057819532 0.5525911527208068
    outer loop
      vertex 337.3017921385912 202.50133293425722 1.5567265298897706
      vertex 337.3333333333333 202 1.5249999999999986
      vertex 337.9833333333333 202 2.5
    endloop
  endfacet
  facet normal -0.82888672908124 -0.08711950578194871 0.5525911527208089
    outer loop
      vertex 337.3017921385912 202.50133293425722 1.5567265298897706
      vertex 337.9833333333333 202 2.5
      vertex 337.8817196767455 202.9667893623026 2.5
    endloop
  endfacet
  facet normal -0.8288867290812408 0.0871195057819487 0.5525911527208072
    outer loop
      vertex 337.3333333333333 202 1.5249999999999986
      vertex 337.8817196767455 201.0332106376974 2.5
      vertex 337.9833333333333 202 2.5
    endloop
  endfacet
  facet normal -0.9945218953682747 0.104528463267641 0
    outer loop
      vertex 337.3926458763786 201.13716648310628 4
      vertex 337.3926458763786 201.13716648310628 10
      vertex 337.4833333333333 202 4
    endloop
  endfacet
  facet normal -0.8288867290812324 0.08711950578194036 -0.5525911527208216
    outer loop
      vertex 337.3926458763786 201.13716648310628 4
      vertex 337.4833333333333 202 4
      vertex 337.9833333333333 202 3.25
    endloop
  endfacet
  facet normal -0.8288867290812358 0.08711950578194821 -0.5525911527208153
    outer loop
      vertex 337.3926458763786 201.13716648310628 4
      vertex 337.9833333333333 202 3.25
      vertex 337.8817196767455 201.0332106376974 3.25
    endloop
  endfacet
  facet normal -0.9945218953682747 0.104528463267641 0
    outer loop
      vertex 337.3926458763786 201.13716648310628 10
      vertex 337.4833333333333 202 10
      vertex 337.4833333333333 202 4
    endloop
  endfacet
  facet normal 0 0 1
    outer loop
      vertex 337.3926458763786 201.13716648310628 10
      vertex 465 250 10
      vertex 337.4833333333333 202 10
    endloop
  endfacet
  facet normal -0.9945218953682747 -0.104528463267641 0
    outer loop
      vertex 337.3926458763786 202.86283351689372 4
      vertex 337.4833333333333 202 4
      vertex 337.4833333333333 202 10
    endloop
  endfacet
  facet normal -0.9945218953682747 -0.104528463267641 0
    outer loop
      vertex 337.3926458763786 202.86283351689372 4
      vertex 337.4833333333333 202 10
      vertex 337.3926458763786 202.86283351689372 10
    endloop
  endfacet
  facet normal -0.8288867290812358 -0.08711950578194821 -0.5525911527208153
    outer loop
      vertex 337.3926458763786 202.86283351689372 4
      vertex 337.8817196767455 202.9667893623026 3.25
      vertex 337.9833333333333 202 3.25
    endloop
  endfacet
  facet normal -0.8288867290812324 -0.08711950578194036 -0.5525911527208216
    outer loop
      vertex 337.3926458763786 202.86283351689372 4
      vertex 337.9833333333333 202 3.25
      vertex 337.4833333333333 202 4
    endloop
  endfacet
  facet normal 0 0 1
    outer loop
      vertex 337.3926458763786 202.86283351689372 10
      vertex 337.4833333333333 202 10
      vertex 465 250 10
    endloop
  endfacet
  facet normal -0.9510565162951594 0.3090169943749295 0
    outer loop
      vertex 337.5813197113714 200.10867460969752 2.5
      vertex 337.5813197113714 200.10867460969752 3.25
      vertex 337.8817196767455 201.0332106376974 2.5
    endloop
  endfacet
  facet normal -0.9510565162951594 0.3090169943749295 0
    outer loop
      vertex 337.5813197113714 200.10867460969752 3.25
      vertex 337.8817196767455 201.0332106376974 3.25
      vertex 337.8817196767455 201.0332106376974 2.5
    endloop
  endfacet
  facet normal -0.9510565162951594 -0.3090169943749295 0
    outer loop
      vertex 337.5813197113714 203.89132539030248 2.5
      vertex 337.8817196767455 202.9667893623026 2.5
      vertex 337.8817196767455 202.9667893623026 3.25
    endloop
  endfacet
  facet normal -0.9510565162951594 -0.3090169943749295 0
    outer loop
      vertex 337.5813197113714 203.89132539030248 2.5
      vertex 337.8817196767455 202.9667893623026 3.25
      vertex 337.5813197113714 203.89132539030248 3.25
    endloop
  endfacet
  facet normal -0.9945218953682737 0.1045284632676499 0
    outer loop
      vertex 337.8817196767455 201.0332106376974 2.5
      vertex 337.8817196767455 201.0332106376974 3.25
      vertex 337.9833333333333 202 2.5
    endloop
  endfacet
  facet normal -0.9945218953682737 0.1045284632676499 0
    outer loop
      vertex 337.8817196767455 201.0332106376974 3.25
      vertex 337.9833333333333 202 3.25
      vertex 337.9833333333333 202 2.5
    endloop
  endfacet
  facet normal -0.9945218953682737 -0.1045284632676499 0
    outer loop
      vertex 337.8817196767455 202.9667893623026 2.5
      vertex 337.9833333333333 202 2.5
      vertex 337.9833333333333 202 3.25
    endloop
  endfacet
  facet normal -0.9945218953682737 -0.1045284632676499 0
    outer loop
      vertex 337.8817196767455 202.9667893623026 2.5
      vertex 337.9833333333333 202 3.25
      vertex 337.8817196767455 202.9667893623026 3.25
    endloop
  endfacet
  facet normal 0.3665723956593949 -0.9303895306486053 0
    outer loop
      vertex 338.49034013847506 86.40709387511015 0
      vertex 340.93721360216534 87.3711591809988 0
      vertex 340.93721360216534 87.3711591809988 10
    endloop
  endfacet
  facet normal 0.3665723956593949 -0.9303895306486053 0
    outer loop
      vertex 338.49034013847506 86.40709387511015 0
      vertex 340.93721360216534 87.3711591809988 10
      vertex 338.49034013847506 86.40709387511015 10
    endloop
  endfacet
  facet normal 0 0 -1
    outer loop
      vertex 338.49034013847506 86.40709387511015 0
      vertex 351.6902176837126 107.01523265242577 0
      vertex 351.8006666700045 104.46679999679327 0
    endloop
  endfacet
  facet normal 0 0 -1
    outer loop
      vertex 338.49034013847506 86.40709387511015 0
      vertex 351.8006666700045 104.46679999679327 0
      vertex 340.93721360216534 87.3711591809988 0
    endloop
  endfacet
  facet normal 0.31482410564745056 0.9491500316089564 0
    outer loop
      vertex 338.4910013626019 123.34414693713188 0
      vertex 338.4910013626019 123.34414693713188 10
      vertex 340.78677279005444 122.58266122639179 0
    endloop
  endfacet
  facet normal 0.31482410564745056 0.9491500316089564 0
    outer loop
      vertex 338.4910013626019 123.34414693713188 10
      vertex 340.78677279005444 122.58266122639179 10
      vertex 340.78677279005444 122.58266122639179 0
    endloop
  endfacet
  facet normal 0 0 1
    outer loop
      vertex 338.4910013626019 123.34414693713188 10
      vertex 343.1631891156236 88.54946122318506 10
      vertex 340.78677279005444 122.58266122639179 10
    endloop
  endfacet
  facet normal -0.1936260568743443 -0.9810754048997933 0
    outer loop
      vertex 339.7109605471293 135.71203265339136 0
      vertex 343.8554421762625 134.89407347142696 0
      vertex 343.8554421762625 134.89407347142696 10
    endloop
  endfacet
  facet normal -0.1936260568743443 -0.9810754048997933 0
    outer loop
      vertex 339.7109605471293 135.71203265339136 0
      vertex 343.8554421762625 134.89407347142696 10
      vertex 339.7109605471293 135.71203265339136 10
    endloop
  endfacet
  facet normal 0 0 -1
    outer loop
      vertex 339.7109605471293 135.71203265339136 0
      vertex 426.97786666701234 134.65760000050068 0
      vertex 343.8554421762625 134.89407347142696 0
    endloop
  endfacet
  facet normal 0 0 -1
    outer loop
      vertex 339.7109605471293 135.71203265339136 0
      vertex 465 250 0
      vertex 426.97786666701234 134.65760000050068 0
    endloop
  endfacet
  facet normal 0 0 1
    outer loop
      vertex 339.7109605471293 135.71203265339136 10
      vertex 343.8554421762625 134.89407347142696 10
      vertex 465 250 10
    endloop
  endfacet
  facet normal 0.2994118382179953 -0.9541239705273739 0
    outer loop
      vertex 339.74299320081866 31.498914286494255 0
      vertex 342.2247646252314 32.277714282274246 0
      vertex 342.2247646252314 32.277714282274246 10
    endloop
  endfacet
  facet normal 0.2994118382179953 -0.9541239705273739 0
    outer loop
      vertex 339.74299320081866 31.498914286494255 0
      vertex 342.2247646252314 32.277714282274246 10
      vertex 339.74299320081866 31.498914286494255 10
    endloop
  endfacet
  facet normal 0.335232426833773 0.9421354573516162 0
    outer loop
      vertex 340.2643564591805 70.2845061197877 0
      vertex 340.2643564591805 70.2845061197877 10
      vertex 342.97376054773724 69.32044081389904 0
    endloop
  endfacet
  facet normal 0.335232426833773 0.9421354573516162 0
    outer loop
      vertex 340.2643564591805 70.2845061197877 10
      vertex 342.97376054773724 69.32044081389904 10
      vertex 342.97376054773724 69.32044081389904 0
    endloop
  endfacet
  facet normal 0 0 1
    outer loop
      vertex 340.2643564591805 70.2845061197877 10
      vertex 351.13738503555453 63.41487346589565 10
      vertex 342.97376054773724 69.32044081389904 10
    endloop
  endfacet
  facet normal 0 0 1
    outer loop
      vertex 340.2643564591805 70.2845061197877 10
      vertex 352.46005442241824 61.495951019227505 10
      vertex 351.13738503555453 63.41487346589565 10
    endloop
  endfacet
  facet normal 0.42562168131710676 0.9049012014539484 0
    outer loop
      vertex 340.78677279005444 122.58266122639179 0
      vertex 340.78677279005444 122.58266122639179 10
      vertex 342.8683074812094 121.60360816121101 0
    endloop
  endfacet
  facet normal 0.42562168131710676 0.9049012014539484 0
    outer loop
      vertex 340.78677279005444 122.58266122639179 10
      vertex 342.8683074812094 121.60360816121101 10
      vertex 342.8683074812094 121.60360816121101 0
    endloop
  endfacet
  facet normal 0 0 1
    outer loop
      vertex 340.78677279005444 122.58266122639179 10
      vertex 343.1631891156236 88.54946122318506 10
      vertex 342.8683074812094 121.60360816121101 10
    endloop
  endfacet
  facet normal 0.4678394697201456 -0.8838134591484635 0
    outer loop
      vertex 340.93721360216534 87.3711591809988 0
      vertex 343.1631891156236 88.54946122318506 0
      vertex 343.1631891156236 88.54946122318506 10
    endloop
  endfacet
  facet normal 0.4678394697201456 -0.8838134591484635 0
    outer loop
      vertex 340.93721360216534 87.3711591809988 0
      vertex 343.1631891156236 88.54946122318506 10
      vertex 340.93721360216534 87.3711591809988 10
    endloop
  endfacet
  facet normal 0 0 -1
    outer loop
      vertex 340.93721360216534 87.3711591809988 0
      vertex 351.66531156251824 101.89870204031467 0
      vertex 343.1631891156236 88.54946122318506 0
    endloop
  endfacet
  facet normal 0 0 -1
    outer loop
      vertex 340.93721360216534 87.3711591809988 0
      vertex 351.8006666700045 104.46679999679327 0
      vertex 351.66531156251824 101.89870204031467 0
    endloop
  endfacet
  facet normal -0.19506859086674236 0.9807896027473291 0
    outer loop
      vertex 341.1227238128582 19.08359183371067 0
      vertex 341.1227238128582 19.08359183371067 10
      vertex 345.5899809549252 19.972081631422043 0
    endloop
  endfacet
  facet normal 0 0 -1
    outer loop
      vertex 341.1227238128582 19.08359183371067 0
      vertex 345.5899809549252 19.972081631422043 0
      vertex 428.52466666946805 20 0
    endloop
  endfacet
  facet normal 0 0 -1
    outer loop
      vertex 341.1227238128582 19.08359183371067 0
      vertex 428.52466666946805 20 0
      vertex 465 0 0
    endloop
  endfacet
  facet normal -0.19506859086674236 0.9807896027473291 0
    outer loop
      vertex 341.1227238128582 19.08359183371067 10
      vertex 345.5899809549252 19.972081631422043 10
      vertex 345.5899809549252 19.972081631422043 0
    endloop
  endfacet
  facet normal 0 0 1
    outer loop
      vertex 341.1227238128582 19.08359183371067 10
      vertex 465 0 10
      vertex 345.5899809549252 19.972081631422043 10
    endloop
  endfacet
  facet normal 0.4010025025252036 -0.9160769579945366 0
    outer loop
      vertex 342.2247646252314 32.277714282274246 0
      vertex 344.51223401228583 33.279028572142124 0
      vertex 344.51223401228583 33.279028572142124 10
    endloop
  endfacet
  facet normal 0.4010025025252036 -0.9160769579945366 0
    outer loop
      vertex 342.2247646252314 32.277714282274246 0
      vertex 344.51223401228583 33.279028572142124 10
      vertex 342.2247646252314 32.277714282274246 10
    endloop
  endfacet
  facet normal -1 0 0
    outer loop
      vertex 342.84986666838324 78.50840000063181 0
      vertex 342.84986666838324 78.50840000063181 10
      vertex 342.84986666838324 78.833599999547 0
    endloop
  endfacet
  facet normal 0 0 -1
    outer loop
      vertex 342.84986666838324 78.50840000063181 0
      vertex 342.84986666838324 78.833599999547 0
      vertex 346.4069850320617 77.99352653324604 0
    endloop
  endfacet
  facet normal -0.14325168857119633 -0.9896862905595394 0
    outer loop
      vertex 342.84986666838324 78.50840000063181 0
      vertex 346.4069850320617 77.99352653324604 0
      vertex 346.4069850320617 77.99352653324604 10
    endloop
  endfacet
  facet normal -0.14325168857119633 -0.9896862905595394 0
    outer loop
      vertex 342.84986666838324 78.50840000063181 0
      vertex 346.4069850320617 77.99352653324604 10
      vertex 342.84986666838324 78.50840000063181 10
    endloop
  endfacet
  facet normal -1 0 0
    outer loop
      vertex 342.84986666838324 78.50840000063181 10
      vertex 342.84986666838324 78.833599999547 10
      vertex 342.84986666838324 78.833599999547 0
    endloop
  endfacet
  facet normal 0 0 1
    outer loop
      vertex 342.84986666838324 78.50840000063181 10
      vertex 346.4069850320617 77.99352653324604 10
      vertex 342.84986666838324 78.833599999547 10
    endloop
  endfacet
  facet normal -0.2367758105731104 0.9715643136341755 0
    outer loop
      vertex 342.84986666838324 78.833599999547 0
      vertex 342.84986666838324 78.833599999547 10
      vertex 346.08411156634486 79.62180408090353 0
    endloop
  endfacet
  facet normal 0 0 -1
    outer loop
      vertex 342.84986666838324 78.833599999547 0
      vertex 346.08411156634486 79.62180408090353 0
      vertex 346.4069850320617 77.99352653324604 0
    endloop
  endfacet
  facet normal -0.2367758105731104 0.9715643136341755 0
    outer loop
      vertex 342.84986666838324 78.833599999547 10
      vertex 346.08411156634486 79.62180408090353 10
      vertex 346.08411156634486 79.62180408090353 0
    endloop
  endfacet
  facet normal 0 0 1
    outer loop
      vertex 342.84986666838324 78.833599999547 10
      vertex 346.4069850320617 77.99352653324604 10
      vertex 346.08411156634486 79.62180408090353 10
    endloop
  endfacet
  facet normal 0.5395493145267669 0.8419539994522837 0
    outer loop
      vertex 342.8683074812094 121.60360816121101 0
      vertex 342.8683074812094 121.60360816121101 10
      vertex 344.73560544351733 120.40698775649071 0
    endloop
  endfacet
  facet normal 0 0 1
    outer loop
      vertex 342.8683074812094 121.60360816121101 10
      vertex 343.1631891156236 88.54946122318506 10
      vertex 344.73560544351733 120.40698775649071 10
    endloop
  endfacet
  facet normal 0.5395493145267669 0.8419539994522837 0
    outer loop
      vertex 342.8683074812094 121.60360816121101 10
      vertex 344.73560544351733 120.40698775649071 10
      vertex 344.73560544351733 120.40698775649071 0
    endloop
  endfacet
  facet normal 0.4336150890539992 0.9010981936197033 0
    outer loop
      vertex 342.97376054773724 69.32044081389904 0
      vertex 342.97376054773724 69.32044081389904 10
      vertex 345.42239728073275 68.14213877916336 0
    endloop
  endfacet
  facet normal 0.4336150890539992 0.9010981936197033 0
    outer loop
      vertex 342.97376054773724 69.32044081389904 10
      vertex 345.42239728073275 68.14213877916336 10
      vertex 345.42239728073275 68.14213877916336 0
    endloop
  endfacet
  facet normal 0 0 1
    outer loop
      vertex 342.97376054773724 69.32044081389904 10
      vertex 349.5207891191045 65.16608979552984 10
      vertex 345.42239728073275 68.14213877916336 10
    endloop
  endfacet
  facet normal 0 0 1
    outer loop
      vertex 342.97376054773724 69.32044081389904 10
      vertex 351.13738503555453 63.41487346589565 10
      vertex 349.5207891191045 65.16608979552984 10
    endloop
  endfacet
  facet normal 0.5704300261450684 -0.8213462030545564 0
    outer loop
      vertex 343.1631891156236 88.54946122318506 0
      vertex 345.16826666394866 89.94200000166893 0
      vertex 343.1631891156236 88.54946122318506 10
    endloop
  endfacet
  facet normal 0 0 -1
    outer loop
      vertex 343.1631891156236 88.54946122318506 0
      vertex 351.66531156251824 101.89870204031467 0
      vertex 345.16826666394866 89.94200000166893 0
    endloop
  endfacet
  facet normal 0.5704300261450684 -0.8213462030545564 0
    outer loop
      vertex 343.1631891156236 88.54946122318506 10
      vertex 345.16826666394866 89.94200000166893 0
      vertex 345.16826666394866 89.94200000166893 10
    endloop
  endfacet
  facet normal 0 0 1
    outer loop
      vertex 343.1631891156236 88.54946122318506 10
      vertex 345.16826666394866 89.94200000166893 10
      vertex 350.58247074733174 97.25563265383244 10
    endloop
  endfacet
  facet normal 0 0 1
    outer loop
      vertex 343.1631891156236 88.54946122318506 10
      vertex 346.38866666952765 118.99279999732971 10
      vertex 344.73560544351733 120.40698775649071 10
    endloop
  endfacet
  facet normal 0 0 1
    outer loop
      vertex 343.1631891156236 88.54946122318506 10
      vertex 347.8245034019152 117.3909469395876 10
      vertex 346.38866666952765 118.99279999732971 10
    endloop
  endfacet
  facet normal 0 0 1
    outer loop
      vertex 343.1631891156236 88.54946122318506 10
      vertex 349.0394421766201 115.6313306093216 10
      vertex 347.8245034019152 117.3909469395876 10
    endloop
  endfacet
  facet normal 0 0 1
    outer loop
      vertex 343.1631891156236 88.54946122318506 10
      vertex 350.03348299364245 113.71395102143288 10
      vertex 349.0394421766201 115.6313306093216 10
    endloop
  endfacet
  facet normal 0 0 1
    outer loop
      vertex 343.1631891156236 88.54946122318506 10
      vertex 350.58247074733174 97.25563265383244 10
      vertex 351.25924625496066 99.49497959017754 10
    endloop
  endfacet
  facet normal 0 0 1
    outer loop
      vertex 343.1631891156236 88.54946122318506 10
      vertex 350.80662585298217 111.63880816102028 10
      vertex 350.03348299364245 113.71395102143288 10
    endloop
  endfacet
  facet normal 0 0 1
    outer loop
      vertex 343.1631891156236 88.54946122318506 10
      vertex 351.25924625496066 99.49497959017754 10
      vertex 351.66531156251824 101.89870204031467 10
    endloop
  endfacet
  facet normal 0 0 1
    outer loop
      vertex 343.1631891156236 88.54946122318506 10
      vertex 351.3588707471887 109.40590204298496 10
      vertex 350.80662585298217 111.63880816102028 10
    endloop
  endfacet
  facet normal 0 0 1
    outer loop
      vertex 343.1631891156236 88.54946122318506 10
      vertex 351.66531156251824 101.89870204031467 10
      vertex 351.8006666700045 104.46679999679327 10
    endloop
  endfacet
  facet normal 0 0 1
    outer loop
      vertex 343.1631891156236 88.54946122318506 10
      vertex 351.6902176837126 107.01523265242577 10
      vertex 351.3588707471887 109.40590204298496 10
    endloop
  endfacet
  facet normal 0 0 1
    outer loop
      vertex 343.1631891156236 88.54946122318506 10
      vertex 351.8006666700045 104.46679999679327 10
      vertex 351.6902176837126 107.01523265242577 10
    endloop
  endfacet
  facet normal -0.2864233241950395 -0.958103167387032 0
    outer loop
      vertex 343.8554421762625 134.89407347142696 0
      vertex 347.6860136042038 133.74893061071634 0
      vertex 347.6860136042038 133.74893061071634 10
    endloop
  endfacet
  facet normal -0.2864233241950395 -0.958103167387032 0
    outer loop
      vertex 343.8554421762625 134.89407347142696 0
      vertex 347.6860136042038 133.74893061071634 10
      vertex 343.8554421762625 134.89407347142696 10
    endloop
  endfacet
  facet normal 0 0 -1
    outer loop
      vertex 343.8554421762625 134.89407347142696 0
      vertex 426.97786666701234 134.65760000050068 0
      vertex 347.6860136042038 133.74893061071634 0
    endloop
  endfacet
  facet normal 0 0 1
    outer loop
      vertex 343.8554421762625 134.89407347142696 10
      vertex 347.6860136042038 133.74893061071634 10
      vertex 465 250 10
    endloop
  endfacet
  facet normal 0.5047367707373933 -0.8632733010267305 0
    outer loop
      vertex 344.51223401228583 33.279028572142124 0
      vertex 346.605401361982 34.50285714119673 0
      vertex 346.605401361982 34.50285714119673 10
    endloop
  endfacet
  facet normal 0.5047367707373933 -0.8632733010267305 0
    outer loop
      vertex 344.51223401228583 33.279028572142124 0
      vertex 346.605401361982 34.50285714119673 10
      vertex 344.51223401228583 33.279028572142124 10
    endloop
  endfacet
  facet normal 0.6500698123089558 0.7598744890602651 0
    outer loop
      vertex 344.73560544351733 120.40698775649071 0
      vertex 344.73560544351733 120.40698775649071 10
      vertex 346.38866666952765 118.99279999732971 0
    endloop
  endfacet
  facet normal 0.6500698123089558 0.7598744890602651 0
    outer loop
      vertex 344.73560544351733 120.40698775649071 10
      vertex 346.38866666952765 118.99279999732971 10
      vertex 346.38866666952765 118.99279999732971 0
    endloop
  endfacet
  facet normal 0.6685420355570502 -0.7436743552746965 0
    outer loop
      vertex 345.16826666394866 89.94200000166893 0
      vertex 346.92788299421466 91.52384489774704 0
      vertex 346.92788299421466 91.52384489774704 10
    endloop
  endfacet
  facet normal 0.6685420355570502 -0.7436743552746965 0
    outer loop
      vertex 345.16826666394866 89.94200000166893 0
      vertex 346.92788299421466 91.52384489774704 10
      vertex 345.16826666394866 89.94200000166893 10
    endloop
  endfacet
  facet normal 0 0 -1
    outer loop
      vertex 345.16826666394866 89.94200000166893 0
      vertex 351.25924625496066 99.49497959017754 0
      vertex 346.92788299421466 91.52384489774704 0
    endloop
  endfacet
  facet normal 0 0 -1
    outer loop
      vertex 345.16826666394866 89.94200000166893 0
      vertex 351.66531156251824 101.89870204031467 0
      vertex 351.25924625496066 99.49497959017754 0
    endloop
  endfacet
  facet normal 0 0 1
    outer loop
      vertex 345.16826666394866 89.94200000166893 10
      vertex 346.92788299421466 91.52384489774704 10
      vertex 350.58247074733174 97.25563265383244 10
    endloop
  endfacet
  facet normal 0.5369463694652092 0.8436163798303888 0
    outer loop
      vertex 345.42239728073275 68.14213877916336 0
      vertex 345.42239728073275 68.14213877916336 10
      vertex 347.6102666656176 66.7496000006795 0
    endloop
  endfacet
  facet normal 0.5369463694652092 0.8436163798303888 0
    outer loop
      vertex 345.42239728073275 68.14213877916336 10
      vertex 347.6102666656176 66.7496000006795 10
      vertex 347.6102666656176 66.7496000006795 0
    endloop
  endfacet
  facet normal 0 0 1
    outer loop
      vertex 345.42239728073275 68.14213877916336 10
      vertex 349.5207891191045 65.16608979552984 10
      vertex 347.6102666656176 66.7496000006795 10
    endloop
  endfacet
  facet normal -0.2893410698007752 0.9572260680354161 0
    outer loop
      vertex 345.5899809549252 19.972081631422043 0
      vertex 345.5899809549252 19.972081631422043 10
      vertex 349.70512380699313 21.21596734970808 0
    endloop
  endfacet
  facet normal 0 0 -1
    outer loop
      vertex 345.5899809549252 19.972081631422043 0
      vertex 349.70512380699313 21.21596734970808 0
      vertex 428.52466666946805 20 0
    endloop
  endfacet
  facet normal -0.2893410698007752 0.9572260680354161 0
    outer loop
      vertex 345.5899809549252 19.972081631422043 10
      vertex 349.70512380699313 21.21596734970808 10
      vertex 349.70512380699313 21.21596734970808 0
    endloop
  endfacet
  facet normal 0 0 1
    outer loop
      vertex 345.5899809549252 19.972081631422043 10
      vertex 465 0 10
      vertex 349.70512380699313 21.21596734970808 10
    endloop
  endfacet
  facet normal -0.30679325946398167 0.9517761795440491 0
    outer loop
      vertex 346.08411156634486 79.62180408090353 0
      vertex 346.08411156634486 79.62180408090353 10
      vertex 349.0908462579051 80.59098775684834 0
    endloop
  endfacet
  facet normal 0 0 -1
    outer loop
      vertex 346.08411156634486 79.62180408090353 0
      vertex 349.0908462579051 80.59098775684834 0
      vertex 346.4069850320617 77.99352653324604 0
    endloop
  endfacet
  facet normal 0 0 1
    outer loop
      vertex 346.08411156634486 79.62180408090353 10
      vertex 346.4069850320617 77.99352653324604 10
      vertex 349.73159727702534 77.23953469097614 10
    endloop
  endfacet
  facet normal -0.30679325946398167 0.9517761795440491 0
    outer loop
      vertex 346.08411156634486 79.62180408090353 10
      vertex 349.0908462579051 80.59098775684834 10
      vertex 349.0908462579051 80.59098775684834 0
    endloop
  endfacet
  facet normal 0 0 1
    outer loop
      vertex 346.08411156634486 79.62180408090353 10
      vertex 349.73159727702534 77.23953469097614 10
      vertex 349.0908462579051 80.59098775684834 10
    endloop
  endfacet
  facet normal 0.7446404591226479 0.6674657943577426 0
    outer loop
      vertex 346.38866666952765 118.99279999732971 0
      vertex 346.38866666952765 118.99279999732971 10
      vertex 347.8245034019152 117.3909469395876 0
    endloop
  endfacet
  facet normal 0.7446404591226479 0.6674657943577426 0
    outer loop
      vertex 346.38866666952765 118.99279999732971 10
      vertex 347.8245034019152 117.3909469395876 10
      vertex 347.8245034019152 117.3909469395876 0
    endloop
  endfacet
  facet normal 0 0 -1
    outer loop
      vertex 346.4069850320617 77.99352653324604 0
      vertex 349.0908462579051 80.59098775684834 0
      vertex 349.73159727702534 77.23953469097614 0
    endloop
  endfacet
  facet normal -0.22117427604018733 -0.9752342998572697 0
    outer loop
      vertex 346.4069850320617 77.99352653324604 0
      vertex 349.73159727702534 77.23953469097614 0
      vertex 349.73159727702534 77.23953469097614 10
    endloop
  endfacet
  facet normal -0.22117427604018733 -0.9752342998572697 0
    outer loop
      vertex 346.4069850320617 77.99352653324604 0
      vertex 349.73159727702534 77.23953469097614 10
      vertex 346.4069850320617 77.99352653324604 10
    endloop
  endfacet
  facet normal 0.6059340903892151 -0.7955148509639494 0
    outer loop
      vertex 346.605401361982 34.50285714119673 0
      vertex 348.5042666668693 35.94919999688864 0
      vertex 348.5042666668693 35.94919999688864 10
    endloop
  endfacet
  facet normal 0.6059340903892151 -0.7955148509639494 0
    outer loop
      vertex 346.605401361982 34.50285714119673 0
      vertex 348.5042666668693 35.94919999688864 10
      vertex 346.605401361982 34.50285714119673 10
    endloop
  endfacet
  facet normal 0.7609452125064549 -0.6488161400300599 0
    outer loop
      vertex 346.92788299421466 91.52384489774704 0
      vertex 348.41678911695874 93.27006530761719 0
      vertex 348.41678911695874 93.27006530761719 10
    endloop
  endfacet
  facet normal 0.7609452125064549 -0.6488161400300599 0
    outer loop
      vertex 346.92788299421466 91.52384489774704 0
      vertex 348.41678911695874 93.27006530761719 10
      vertex 346.92788299421466 91.52384489774704 10
    endloop
  endfacet
  facet normal 0 0 -1
    outer loop
      vertex 346.92788299421466 91.52384489774704 0
      vertex 350.58247074733174 97.25563265383244 0
      vertex 348.41678911695874 93.27006530761719 0
    endloop
  endfacet
  facet normal 0 0 -1
    outer loop
      vertex 346.92788299421466 91.52384489774704 0
      vertex 351.25924625496066 99.49497959017754 0
      vertex 350.58247074733174 97.25563265383244 0
    endloop
  endfacet
  facet normal 0 0 1
    outer loop
      vertex 346.92788299421466 91.52384489774704 10
      vertex 348.41678911695874 93.27006530761719 10
      vertex 350.58247074733174 97.25563265383244 10
    endloop
  endfacet
  facet normal 0.6381387365246406 0.7699213940050864 0
    outer loop
      vertex 347.6102666656176 66.7496000006795 0
      vertex 347.6102666656176 66.7496000006795 10
      vertex 349.5207891191045 65.16608979552984 0
    endloop
  endfacet
  facet normal 0.6381387365246406 0.7699213940050864 0
    outer loop
      vertex 347.6102666656176 66.7496000006795 10
      vertex 349.5207891191045 65.16608979552984 10
      vertex 349.5207891191045 65.16608979552984 0
    endloop
  endfacet
  facet normal -0.3861907125752941 -0.9224189576979577 0
    outer loop
      vertex 347.6860136042038 133.74893061071634 0
      vertex 351.20267483095324 132.27660407871008 0
      vertex 351.20267483095324 132.27660407871008 10
    endloop
  endfacet
  facet normal -0.3861907125752941 -0.9224189576979577 0
    outer loop
      vertex 347.6860136042038 133.74893061071634 0
      vertex 351.20267483095324 132.27660407871008 10
      vertex 347.6860136042038 133.74893061071634 10
    endloop
  endfacet
  facet normal 0 0 -1
    outer loop
      vertex 347.6860136042038 133.74893061071634 0
      vertex 426.97786666701234 134.65760000050068 0
      vertex 351.20267483095324 132.27660407871008 0
    endloop
  endfacet
  facet normal 0 0 1
    outer loop
      vertex 347.6860136042038 133.74893061071634 10
      vertex 351.20267483095324 132.27660407871008 10
      vertex 426.97786666701234 134.65760000050068 10
    endloop
  endfacet
  facet normal 0 0 1
    outer loop
      vertex 347.6860136042038 133.74893061071634 10
      vertex 426.97786666701234 134.65760000050068 10
      vertex 465 250 10
    endloop
  endfacet
  facet normal 0.8229044237125928 0.5681798213895364 0
    outer loop
      vertex 347.8245034019152 117.3909469395876 0
      vertex 347.8245034019152 117.3909469395876 10
      vertex 349.0394421766201 115.6313306093216 0
    endloop
  endfacet
  facet normal 0.8229044237125928 0.5681798213895364 0
    outer loop
      vertex 347.8245034019152 117.3909469395876 10
      vertex 349.0394421766201 115.6313306093216 10
      vertex 349.0394421766201 115.6313306093216 0
    endloop
  endfacet
  facet normal 0.8431889837990016 -0.5376172779961663 0
    outer loop
      vertex 348.41678911695874 93.27006530761719 0
      vertex 349.6349850321809 95.18066122382879 0
      vertex 349.6349850321809 95.18066122382879 10
    endloop
  endfacet
  facet normal 0.8431889837990016 -0.5376172779961663 0
    outer loop
      vertex 348.41678911695874 93.27006530761719 0
      vertex 349.6349850321809 95.18066122382879 10
      vertex 348.41678911695874 93.27006530761719 10
    endloop
  endfacet
  facet normal 0 0 -1
    outer loop
      vertex 348.41678911695874 93.27006530761719 0
      vertex 350.58247074733174 97.25563265383244 0
      vertex 349.6349850321809 95.18066122382879 0
    endloop
  endfacet
  facet normal 0 0 1
    outer loop
      vertex 348.41678911695874 93.27006530761719 10
      vertex 349.6349850321809 95.18066122382879 10
      vertex 350.58247074733174 97.25563265383244 10
    endloop
  endfacet
  facet normal 0.7055233077750902 -0.7086867165300161 0
    outer loop
      vertex 348.5042666668693 35.94919999688864 0
      vertex 350.17760544518626 37.61506938934326 0
      vertex 350.17760544518626 37.61506938934326 10
    endloop
  endfacet
  facet normal 0.7055233077750902 -0.7086867165300161 0
    outer loop
      vertex 348.5042666668693 35.94919999688864 0
      vertex 350.17760544518626 37.61506938934326 10
      vertex 348.5042666668693 35.94919999688864 10
    endloop
  endfacet
  facet normal 0.887784047935565 0.4602602353355571 0
    outer loop
      vertex 349.0394421766201 115.6313306093216 0
      vertex 349.0394421766201 115.6313306093216 10
      vertex 350.03348299364245 113.71395102143288 0
    endloop
  endfacet
  facet normal 0.887784047935565 0.4602602353355571 0
    outer loop
      vertex 349.0394421766201 115.6313306093216 10
      vertex 350.03348299364245 113.71395102143288 10
      vertex 350.03348299364245 113.71395102143288 0
    endloop
  endfacet
  facet normal -0.38239134441522765 0.9240004652143389 0
    outer loop
      vertex 349.0908462579051 80.59098775684834 0
      vertex 349.0908462579051 80.59098775684834 10
      vertex 351.8700707505146 81.74115101993084 0
    endloop
  endfacet
  facet normal 0 0 -1
    outer loop
      vertex 349.0908462579051 80.59098775684834 0
      vertex 351.8700707505146 81.74115101993084 0
      vertex 349.73159727702534 77.23953469097614 0
    endloop
  endfacet
  facet normal 0 0 1
    outer loop
      vertex 349.0908462579051 80.59098775684834 10
      vertex 349.73159727702534 77.23953469097614 10
      vertex 352.8237034032742 76.24642448872328 10
    endloop
  endfacet
  facet normal -0.38239134441522765 0.9240004652143389 0
    outer loop
      vertex 349.0908462579051 80.59098775684834 10
      vertex 351.8700707505146 81.74115101993084 10
      vertex 351.8700707505146 81.74115101993084 0
    endloop
  endfacet
  facet normal 0 0 1
    outer loop
      vertex 349.0908462579051 80.59098775684834 10
      vertex 352.8237034032742 76.24642448872328 10
      vertex 351.8700707505146 81.74115101993084 10
    endloop
  endfacet
  facet normal 0.734784929643602 0.6783001600830173 0
    outer loop
      vertex 349.5207891191045 65.16608979552984 0
      vertex 349.5207891191045 65.16608979552984 10
      vertex 351.13738503555453 63.41487346589565 0
    endloop
  endfacet
  facet normal 0.734784929643602 0.6783001600830173 0
    outer loop
      vertex 349.5207891191045 65.16608979552984 10
      vertex 351.13738503555453 63.41487346589565 10
      vertex 351.13738503555453 63.41487346589565 0
    endloop
  endfacet
  facet normal 0.9096522020974637 -0.41537076355857694 0
    outer loop
      vertex 349.6349850321809 95.18066122382879 0
      vertex 350.58247074733174 97.25563265383244 0
      vertex 350.58247074733174 97.25563265383244 10
    endloop
  endfacet
  facet normal 0.9096522020974637 -0.41537076355857694 0
    outer loop
      vertex 349.6349850321809 95.18066122382879 0
      vertex 350.58247074733174 97.25563265383244 10
      vertex 349.6349850321809 95.18066122382879 10
    endloop
  endfacet
  facet normal -0.39113949813462484 0.9203314038969841 0
    outer loop
      vertex 349.70512380699313 21.21596734970808 0
      vertex 349.70512380699313 21.21596734970808 10
      vertex 353.46815238396323 22.815248981118202 0
    endloop
  endfacet
  facet normal 0 0 -1
    outer loop
      vertex 349.70512380699313 21.21596734970808 0
      vertex 353.46815238396323 22.815248981118202 0
      vertex 428.52466666946805 20 0
    endloop
  endfacet
  facet normal -0.39113949813462484 0.9203314038969841 0
    outer loop
      vertex 349.70512380699313 21.21596734970808 10
      vertex 353.46815238396323 22.815248981118202 10
      vertex 353.46815238396323 22.815248981118202 0
    endloop
  endfacet
  facet normal 0 0 1
    outer loop
      vertex 349.70512380699313 21.21596734970808 10
      vertex 465 0 10
      vertex 353.46815238396323 22.815248981118202 10
    endloop
  endfacet
  facet normal 0 0 -1
    outer loop
      vertex 349.73159727702534 77.23953469097614 0
      vertex 351.8700707505146 81.74115101993084 0
      vertex 352.8237034032742 76.24642448872328 0
    endloop
  endfacet
  facet normal -0.3057911968433182 -0.9520985999008353 0
    outer loop
      vertex 349.73159727702534 77.23953469097614 0
      vertex 352.8237034032742 76.24642448872328 0
      vertex 352.8237034032742 76.24642448872328 10
    endloop
  endfacet
  facet normal -0.3057911968433182 -0.9520985999008353 0
    outer loop
      vertex 349.73159727702534 77.23953469097614 0
      vertex 352.8237034032742 76.24642448872328 10
      vertex 349.73159727702534 77.23953469097614 10
    endloop
  endfacet
  facet normal 0.9370746659681484 0.34912901684145825 0
    outer loop
      vertex 350.03348299364245 113.71395102143288 0
      vertex 350.03348299364245 113.71395102143288 10
      vertex 350.80662585298217 111.63880816102028 0
    endloop
  endfacet
  facet normal 0.9370746659681484 0.34912901684145825 0
    outer loop
      vertex 350.03348299364245 113.71395102143288 10
      vertex 350.80662585298217 111.63880816102028 10
      vertex 350.80662585298217 111.63880816102028 0
    endloop
  endfacet
  facet normal 0.7990593285216258 -0.6012521846135518 0
    outer loop
      vertex 350.17760544518626 37.61506938934326 0
      vertex 351.59350748608506 39.49679183959961 0
      vertex 351.59350748608506 39.49679183959961 10
    endloop
  endfacet
  facet normal 0.7990593285216258 -0.6012521846135518 0
    outer loop
      vertex 350.17760544518626 37.61506938934326 0
      vertex 351.59350748608506 39.49679183959961 10
      vertex 350.17760544518626 37.61506938934326 10
    endloop
  endfacet
  facet normal 0.9572394099301192 -0.2892969271814636 0
    outer loop
      vertex 350.58247074733174 97.25563265383244 0
      vertex 351.25924625496066 99.49497959017754 0
      vertex 351.25924625496066 99.49497959017754 10
    endloop
  endfacet
  facet normal 0.9572394099301192 -0.2892969271814636 0
    outer loop
      vertex 350.58247074733174 97.25563265383244 0
      vertex 351.25924625496066 99.49497959017754 10
      vertex 350.58247074733174 97.25563265383244 10
    endloop
  endfacet
  facet normal 0.9707512959318109 0.24008732046218068 0
    outer loop
      vertex 350.80662585298217 111.63880816102028 0
      vertex 350.80662585298217 111.63880816102028 10
      vertex 351.3588707471887 109.40590204298496 0
    endloop
  endfacet
  facet normal 0.9707512959318109 0.24008732046218068 0
    outer loop
      vertex 350.80662585298217 111.63880816102028 10
      vertex 351.3588707471887 109.40590204298496 10
      vertex 351.3588707471887 109.40590204298496 0
    endloop
  endfacet
  facet normal 0.8233582269132443 0.5675220085373592 0
    outer loop
      vertex 351.13738503555453 63.41487346589565 0
      vertex 351.13738503555453 63.41487346589565 10
      vertex 352.46005442241824 61.495951019227505 0
    endloop
  endfacet
  facet normal 0.8233582269132443 0.5675220085373592 0
    outer loop
      vertex 351.13738503555453 63.41487346589565 10
      vertex 352.46005442241824 61.495951019227505 10
      vertex 352.46005442241824 61.495951019227505 0
    endloop
  endfacet
  facet normal -0.48983991962013307 -0.8718123956141836 0
    outer loop
      vertex 351.20267483095324 132.27660407871008 0
      vertex 354.4054258490602 130.47709387540817 0
      vertex 354.4054258490602 130.47709387540817 10
    endloop
  endfacet
  facet normal -0.48983991962013307 -0.8718123956141836 0
    outer loop
      vertex 351.20267483095324 132.27660407871008 0
      vertex 354.4054258490602 130.47709387540817 10
      vertex 351.20267483095324 132.27660407871008 10
    endloop
  endfacet
  facet normal 0 0 -1
    outer loop
      vertex 351.20267483095324 132.27660407871008 0
      vertex 426.97786666701234 134.65760000050068 0
      vertex 354.4054258490602 130.47709387540817 0
    endloop
  endfacet
  facet normal 0 0 1
    outer loop
      vertex 351.20267483095324 132.27660407871008 10
      vertex 354.4054258490602 130.47709387540817 10
      vertex 426.97786666701234 134.65760000050068 10
    endloop
  endfacet
  facet normal 0.9860293328660865 -0.16657177050046784 0
    outer loop
      vertex 351.25924625496066 99.49497959017754 0
      vertex 351.66531156251824 101.89870204031467 0
      vertex 351.66531156251824 101.89870204031467 10
    endloop
  endfacet
  facet normal 0.9860293328660865 -0.16657177050046784 0
    outer loop
      vertex 351.25924625496066 99.49497959017754 0
      vertex 351.66531156251824 101.89870204031467 10
      vertex 351.25924625496066 99.49497959017754 10
    endloop
  endfacet
  facet normal 0.9905312158223982 0.13728769238865315 0
    outer loop
      vertex 351.3588707471887 109.40590204298496 0
      vertex 351.3588707471887 109.40590204298496 10
      vertex 351.6902176837126 107.01523265242577 0
    endloop
  endfacet
  facet normal 0.9905312158223982 0.13728769238865315 0
    outer loop
      vertex 351.3588707471887 109.40590204298496 10
      vertex 351.6902176837126 107.01523265242577 10
      vertex 351.6902176837126 107.01523265242577 0
    endloop
  endfacet
  facet normal 0.8753689133350916 -0.4834555466292025 0
    outer loop
      vertex 351.59350748608506 39.49679183959961 0
      vertex 352.7519727895657 41.59436734765768 0
      vertex 352.7519727895657 41.59436734765768 10
    endloop
  endfacet
  facet normal 0.8753689133350916 -0.4834555466292025 0
    outer loop
      vertex 351.59350748608506 39.49679183959961 0
      vertex 352.7519727895657 41.59436734765768 10
      vertex 351.59350748608506 39.49679183959961 10
    endloop
  endfacet
  facet normal 0.9986139067768702 -0.05263330876770311 0
    outer loop
      vertex 351.66531156251824 101.89870204031467 0
      vertex 351.8006666700045 104.46679999679327 0
      vertex 351.8006666700045 104.46679999679327 10
    endloop
  endfacet
  facet normal 0.9986139067768702 -0.05263330876770311 0
    outer loop
      vertex 351.66531156251824 101.89870204031467 0
      vertex 351.8006666700045 104.46679999679327 10
      vertex 351.66531156251824 101.89870204031467 10
    endloop
  endfacet
  facet normal 0.999062144656338 0.04329932002558759 0
    outer loop
      vertex 351.6902176837126 107.01523265242577 0
      vertex 351.6902176837126 107.01523265242577 10
      vertex 351.8006666700045 104.46679999679327 0
    endloop
  endfacet
  facet normal 0.999062144656338 0.04329932002558759 0
    outer loop
      vertex 351.6902176837126 107.01523265242577 10
      vertex 351.8006666700045 104.46679999679327 10
      vertex 351.8006666700045 104.46679999679327 0
    endloop
  endfacet
  facet normal -0.4625151154443528 0.8866113962641677 0
    outer loop
      vertex 351.8700707505146 81.74115101993084 0
      vertex 351.8700707505146 81.74115101993084 10
      vertex 354.4217850367228 83.07229387760162 0
    endloop
  endfacet
  facet normal 0 0 -1
    outer loop
      vertex 351.8700707505146 81.74115101993084 0
      vertex 354.4217850367228 83.07229387760162 0
      vertex 352.8237034032742 76.24642448872328 0
    endloop
  endfacet
  facet normal 0 0 1
    outer loop
      vertex 351.8700707505146 81.74115101993084 10
      vertex 352.8237034032742 76.24642448872328 10
      vertex 355.6833034033576 75.01419591903687 10
    endloop
  endfacet
  facet normal -0.4625151154443528 0.8866113962641677 0
    outer loop
      vertex 351.8700707505146 81.74115101993084 10
      vertex 354.4217850367228 83.07229387760162 10
      vertex 354.4217850367228 83.07229387760162 0
    endloop
  endfacet
  facet normal 0 0 1
    outer loop
      vertex 351.8700707505146 81.74115101993084 10
      vertex 355.6833034033576 75.01419591903687 10
      vertex 354.4217850367228 83.07229387760162 10
    endloop
  endfacet
  facet normal 0.8969185144183367 0.4421958598784072 0
    outer loop
      vertex 352.46005442241824 61.495951019227505 0
      vertex 352.46005442241824 61.495951019227505 10
      vertex 353.48879727969563 59.40932244807482 0
    endloop
  endfacet
  facet normal 0.8969185144183367 0.4421958598784072 0
    outer loop
      vertex 352.46005442241824 61.495951019227505 10
      vertex 353.48879727969563 59.40932244807482 10
      vertex 353.48879727969563 59.40932244807482 0
    endloop
  endfacet
  facet normal 0.9318192458758873 -0.362922709423498 0
    outer loop
      vertex 352.7519727895657 41.59436734765768 0
      vertex 353.6530013630787 43.907795920968056 0
      vertex 353.6530013630787 43.907795920968056 10
    endloop
  endfacet
  facet normal 0.9318192458758873 -0.362922709423498 0
    outer loop
      vertex 352.7519727895657 41.59436734765768 0
      vertex 353.6530013630787 43.907795920968056 10
      vertex 352.7519727895657 41.59436734765768 10
    endloop
  endfacet
  facet normal 0 0 -1
    outer loop
      vertex 352.8237034032742 76.24642448872328 0
      vertex 354.4217850367228 83.07229387760162 0
      vertex 355.6833034033576 75.01419591903687 0
    endloop
  endfacet
  facet normal -0.3957324852235071 -0.9183658313214984 0
    outer loop
      vertex 352.8237034032742 76.24642448872328 0
      vertex 355.6833034033576 75.01419591903687 0
      vertex 355.6833034033576 75.01419591903687 10
    endloop
  endfacet
  facet normal -0.3957324852235071 -0.9183658313214984 0
    outer loop
      vertex 352.8237034032742 76.24642448872328 0
      vertex 355.6833034033576 75.01419591903687 10
      vertex 352.8237034032742 76.24642448872328 10
    endloop
  endfacet
  facet normal -0.4972092595486443 0.867630654264295 0
    outer loop
      vertex 353.46815238396323 22.815248981118202 0
      vertex 353.46815238396323 22.815248981118202 10
      vertex 356.87906666348374 24.76992653310299 0
    endloop
  endfacet
  facet normal 0 0 -1
    outer loop
      vertex 353.46815238396323 22.815248981118202 0
      vertex 356.87906666348374 24.76992653310299 0
      vertex 428.52466666946805 20 0
    endloop
  endfacet
  facet normal -0.4972092595486443 0.867630654264295 0
    outer loop
      vertex 353.46815238396323 22.815248981118202 10
      vertex 356.87906666348374 24.76992653310299 10
      vertex 356.87906666348374 24.76992653310299 0
    endloop
  endfacet
  facet normal 0 0 1
    outer loop
      vertex 353.46815238396323 22.815248981118202 10
      vertex 465 0 10
      vertex 356.87906666348374 24.76992653310299 10
    endloop
  endfacet
  facet normal 0.9507662321576018 0.30990897339192575 0
    outer loop
      vertex 353.48879727969563 59.40932244807482 0
      vertex 353.48879727969563 59.40932244807482 10
      vertex 354.2236136073867 57.15498775243759 0
    endloop
  endfacet
  facet normal 0.9507662321576018 0.30990897339192575 0
    outer loop
      vertex 353.48879727969563 59.40932244807482 10
      vertex 354.2236136073867 57.15498775243759 10
      vertex 354.2236136073867 57.15498775243759 0
    endloop
  endfacet
  facet normal 0.9691178078304818 -0.24659820466873053 0
    outer loop
      vertex 353.6530013630787 43.907795920968056 0
      vertex 354.29659319917357 46.437077552080154 0
      vertex 354.29659319917357 46.437077552080154 10
    endloop
  endfacet
  facet normal 0.9691178078304818 -0.24659820466873053 0
    outer loop
      vertex 353.6530013630787 43.907795920968056 0
      vertex 354.29659319917357 46.437077552080154 10
      vertex 353.6530013630787 43.907795920968056 10
    endloop
  endfacet
  facet normal 0.9838328040619964 0.1790894012819008 0
    outer loop
      vertex 354.2236136073867 57.15498775243759 0
      vertex 354.2236136073867 57.15498775243759 10
      vertex 354.6645033980409 54.73294693976641 0
    endloop
  endfacet
  facet normal 0.9838328040619964 0.1790894012819008 0
    outer loop
      vertex 354.2236136073867 57.15498775243759 10
      vertex 354.6645033980409 54.73294693976641 10
      vertex 354.6645033980409 54.73294693976641 0
    endloop
  endfacet
  facet normal 0.9902505821935802 -0.1392974675479614 0
    outer loop
      vertex 354.29659319917357 46.437077552080154 0
      vertex 354.68274829785025 49.18221224844456 0
      vertex 354.68274829785025 49.18221224844456 10
    endloop
  endfacet
  facet normal 0.9902505821935802 -0.1392974675479614 0
    outer loop
      vertex 354.29659319917357 46.437077552080154 0
      vertex 354.68274829785025 49.18221224844456 10
      vertex 354.29659319917357 46.437077552080154 10
    endloop
  endfacet
  facet normal -0.5928510657286694 -0.8053121220150489 0
    outer loop
      vertex 354.4054258490602 130.47709387540817 0
      vertex 357.2942666659752 128.35040000081062 0
      vertex 357.2942666659752 128.35040000081062 10
    endloop
  endfacet
  facet normal -0.5928510657286694 -0.8053121220150489 0
    outer loop
      vertex 354.4054258490602 130.47709387540817 0
      vertex 357.2942666659752 128.35040000081062 10
      vertex 354.4054258490602 130.47709387540817 10
    endloop
  endfacet
  facet normal 0 0 -1
    outer loop
      vertex 354.4054258490602 130.47709387540817 0
      vertex 426.97786666701234 134.65760000050068 0
      vertex 357.2942666659752 128.35040000081062 0
    endloop
  endfacet
  facet normal 0 0 1
    outer loop
      vertex 354.4054258490602 130.47709387540817 10
      vertex 357.2942666659752 128.35040000081062 10
      vertex 426.97786666701234 134.65760000050068 10
    endloop
  endfacet
  facet normal -0.5453406579812352 0.8382145111799207 0
    outer loop
      vertex 354.4217850367228 83.07229387760162 0
      vertex 354.4217850367228 83.07229387760162 10
      vertex 356.7459891165296 84.58441632986069 0
    endloop
  endfacet
  facet normal 0 0 -1
    outer loop
      vertex 354.4217850367228 83.07229387760162 0
      vertex 356.7459891165296 84.58441632986069 0
      vertex 355.6833034033576 75.01419591903687 0
    endloop
  endfacet
  facet normal 0 0 1
    outer loop
      vertex 354.4217850367228 83.07229387760162 10
      vertex 355.6833034033576 75.01419591903687 10
      vertex 356.7459891165296 84.58441632986069 10
    endloop
  endfacet
  facet normal -0.5453406579812352 0.8382145111799207 0
    outer loop
      vertex 354.4217850367228 83.07229387760162 10
      vertex 356.7459891165296 84.58441632986069 10
      vertex 356.7459891165296 84.58441632986069 0
    endloop
  endfacet
  facet normal 0.9983937040555606 0.05665696516949768 0
    outer loop
      vertex 354.6645033980409 54.73294693976641 0
      vertex 354.6645033980409 54.73294693976641 10
      vertex 354.81146666655934 52.14320000261068 0
    endloop
  endfacet
  facet normal 0.9983937040555606 0.05665696516949768 0
    outer loop
      vertex 354.6645033980409 54.73294693976641 10
      vertex 354.81146666655934 52.14320000261068 10
      vertex 354.81146666655934 52.14320000261068 0
    endloop
  endfacet
  facet normal 0.9990564545326133 -0.04343041165732142 0
    outer loop
      vertex 354.68274829785025 49.18221224844456 0
      vertex 354.81146666655934 52.14320000261068 0
      vertex 354.81146666655934 52.14320000261068 10
    endloop
  endfacet
  facet normal 0.9990564545326133 -0.04343041165732142 0
    outer loop
      vertex 354.68274829785025 49.18221224844456 0
      vertex 354.81146666655934 52.14320000261068 10
      vertex 354.68274829785025 49.18221224844456 10
    endloop
  endfacet
  facet normal 0 0 -1
    outer loop
      vertex 355.6833034033576 75.01419591903687 0
      vertex 356.7459891165296 84.58441632986069 0
      vertex 358.3103972772757 73.5428489819169 0
    endloop
  endfacet
  facet normal -0.48864745256390985 -0.8724813276528051 0
    outer loop
      vertex 355.6833034033576 75.01419591903687 0
      vertex 358.3103972772757 73.5428489819169 0
      vertex 358.3103972772757 73.5428489819169 10
    endloop
  endfacet
  facet normal -0.48864745256390985 -0.8724813276528051 0
    outer loop
      vertex 355.6833034033576 75.01419591903687 0
      vertex 358.3103972772757 73.5428489819169 10
      vertex 355.6833034033576 75.01419591903687 10
    endloop
  endfacet
  facet normal 0 0 1
    outer loop
      vertex 355.6833034033576 75.01419591903687 10
      vertex 358.3103972772757 73.5428489819169 10
      vertex 356.7459891165296 84.58441632986069 10
    endloop
  endfacet
  facet normal -0.6282514372705926 0.7780103672621816 0
    outer loop
      vertex 356.7459891165296 84.58441632986069 0
      vertex 356.7459891165296 84.58441632986069 10
      vertex 358.84268298993504 86.27751836925745 0
    endloop
  endfacet
  facet normal 0 0 -1
    outer loop
      vertex 356.7459891165296 84.58441632986069 0
      vertex 358.84268298993504 86.27751836925745 0
      vertex 358.3103972772757 73.5428489819169 0
    endloop
  endfacet
  facet normal 0 0 1
    outer loop
      vertex 356.7459891165296 84.58441632986069 10
      vertex 358.3103972772757 73.5428489819169 10
      vertex 358.84268298993504 86.27751836925745 10
    endloop
  endfacet
  facet normal -0.6282514372705926 0.7780103672621816 0
    outer loop
      vertex 356.7459891165296 84.58441632986069 10
      vertex 358.84268298993504 86.27751836925745 10
      vertex 358.84268298993504 86.27751836925745 0
    endloop
  endfacet
  facet normal -0.6026636979598821 0.7979952801623077 0
    outer loop
      vertex 356.87906666348374 24.76992653310299 0
      vertex 356.87906666348374 24.76992653310299 10
      vertex 359.9378666679064 27.07999999821186 0
    endloop
  endfacet
  facet normal 0 0 -1
    outer loop
      vertex 356.87906666348374 24.76992653310299 0
      vertex 359.9378666679064 27.07999999821186 0
      vertex 428.52466666946805 20 0
    endloop
  endfacet
  facet normal -0.6026636979598821 0.7979952801623077 0
    outer loop
      vertex 356.87906666348374 24.76992653310299 10
      vertex 359.9378666679064 27.07999999821186 10
      vertex 359.9378666679064 27.07999999821186 0
    endloop
  endfacet
  facet normal 0 0 1
    outer loop
      vertex 356.87906666348374 24.76992653310299 10
      vertex 465 0 10
      vertex 359.9378666679064 27.07999999821186 10
    endloop
  endfacet
  facet normal -0.6900601825188784 -0.7237519910176498 0
    outer loop
      vertex 357.2942666659752 128.35040000081062 0
      vertex 359.83101769040024 125.93173877894878 0
      vertex 359.83101769040024 125.93173877894878 10
    endloop
  endfacet
  facet normal -0.6900601825188784 -0.7237519910176498 0
    outer loop
      vertex 357.2942666659752 128.35040000081062 0
      vertex 359.83101769040024 125.93173877894878 10
      vertex 357.2942666659752 128.35040000081062 10
    endloop
  endfacet
  facet normal 0 0 -1
    outer loop
      vertex 357.2942666659752 128.35040000081062 0
      vertex 426.97786666701234 134.65760000050068 0
      vertex 359.83101769040024 125.93173877894878 0
    endloop
  endfacet
  facet normal 0 0 1
    outer loop
      vertex 357.2942666659752 128.35040000081062 10
      vertex 359.83101769040024 125.93173877894878 10
      vertex 426.97786666701234 134.65760000050068 10
    endloop
  endfacet
  facet normal 0 0 -1
    outer loop
      vertex 358.3103972772757 73.5428489819169 0
      vertex 358.84268298993504 86.27751836925745 0
      vertex 360.70498503247893 71.83238366991282 0
    endloop
  endfacet
  facet normal -0.5812484289083629 -0.8137261602600471 0
    outer loop
      vertex 358.3103972772757 73.5428489819169 0
      vertex 360.70498503247893 71.83238366991282 0
      vertex 360.70498503247893 71.83238366991282 10
    endloop
  endfacet
  facet normal -0.5812484289083629 -0.8137261602600471 0
    outer loop
      vertex 358.3103972772757 73.5428489819169 0
      vertex 360.70498503247893 71.83238366991282 10
      vertex 358.3103972772757 73.5428489819169 10
    endloop
  endfacet
  facet normal 0 0 1
    outer loop
      vertex 358.3103972772757 73.5428489819169 10
      vertex 360.70498503247893 71.83238366991282 10
      vertex 358.84268298993504 86.27751836925745 10
    endloop
  endfacet
  facet normal -0.7080314048190897 0.7061809469179313 0
    outer loop
      vertex 358.84268298993504 86.27751836925745 0
      vertex 358.84268298993504 86.27751836925745 10
      vertex 360.71186666438973 88.15160000324249 0
    endloop
  endfacet
  facet normal 0 0 -1
    outer loop
      vertex 358.84268298993504 86.27751836925745 0
      vertex 360.71186666438973 88.15160000324249 0
      vertex 360.70498503247893 71.83238366991282 0
    endloop
  endfacet
  facet normal 0 0 1
    outer loop
      vertex 358.84268298993504 86.27751836925745 10
      vertex 360.70498503247893 71.83238366991282 10
      vertex 426.97786666701234 134.65760000050068 10
    endloop
  endfacet
  facet normal -0.7080314048190897 0.7061809469179313 0
    outer loop
      vertex 358.84268298993504 86.27751836925745 10
      vertex 360.71186666438973 88.15160000324249 10
      vertex 360.71186666438973 88.15160000324249 0
    endloop
  endfacet
  facet normal 0 0 1
    outer loop
      vertex 358.84268298993504 86.27751836925745 10
      vertex 426.97786666701234 134.65760000050068 10
      vertex 360.71186666438973 88.15160000324249 10
    endloop
  endfacet
  facet normal -0.7800714296951374 -0.6256904702593642 0
    outer loop
      vertex 359.83101769040024 125.93173877894878 0
      vertex 361.977499316136 123.25564081966877 0
      vertex 361.977499316136 123.25564081966877 10
    endloop
  endfacet
  facet normal -0.7800714296951374 -0.6256904702593642 0
    outer loop
      vertex 359.83101769040024 125.93173877894878 0
      vertex 361.977499316136 123.25564081966877 10
      vertex 359.83101769040024 125.93173877894878 10
    endloop
  endfacet
  facet normal 0 0 -1
    outer loop
      vertex 359.83101769040024 125.93173877894878 0
      vertex 426.97786666701234 134.65760000050068 0
      vertex 361.977499316136 123.25564081966877 0
    endloop
  endfacet
  facet normal 0 0 1
    outer loop
      vertex 359.83101769040024 125.93173877894878 10
      vertex 361.977499316136 123.25564081966877 10
      vertex 426.97786666701234 134.65760000050068 10
    endloop
  endfacet
  facet normal -0.7013254157154352 0.7128412595182548 0
    outer loop
      vertex 359.9378666679064 27.07999999821186 0
      vertex 359.9378666679064 27.07999999821186 10
      vertex 362.6150176847974 29.713902041316032 0
    endloop
  endfacet
  facet normal 0 0 -1
    outer loop
      vertex 359.9378666679064 27.07999999821186 0
      vertex 362.6150176847974 29.713902041316032 0
      vertex 428.52466666946805 20 0
    endloop
  endfacet
  facet normal -0.7013254157154352 0.7128412595182548 0
    outer loop
      vertex 359.9378666679064 27.07999999821186 10
      vertex 362.6150176847974 29.713902041316032 10
      vertex 362.6150176847974 29.713902041316032 0
    endloop
  endfacet
  facet normal 0 0 1
    outer loop
      vertex 359.9378666679064 27.07999999821186 10
      vertex 465 0 10
      vertex 362.6150176847974 29.713902041316032 10
    endloop
  endfacet
  facet normal 0 0 -1
    outer loop
      vertex 360.70498503247893 71.83238366991282 0
      vertex 360.71186666438973 88.15160000324249 0
      vertex 426.97786666701234 134.65760000050068 0
    endloop
  endfacet
  facet normal -0.6696685352380071 -0.742660119376409 0
    outer loop
      vertex 360.70498503247893 71.83238366991282 0
      vertex 362.86706666896737 69.88279999792576 0
      vertex 362.86706666896737 69.88279999792576 10
    endloop
  endfacet
  facet normal -0.6696685352380071 -0.742660119376409 0
    outer loop
      vertex 360.70498503247893 71.83238366991282 0
      vertex 362.86706666896737 69.88279999792576 10
      vertex 360.70498503247893 71.83238366991282 10
    endloop
  endfacet
  facet normal 0 0 -1
    outer loop
      vertex 360.70498503247893 71.83238366991282 0
      vertex 426.97786666701234 134.65760000050068 0
      vertex 362.86706666896737 69.88279999792576 0
    endloop
  endfacet
  facet normal 0 0 1
    outer loop
      vertex 360.70498503247893 71.83238366991282 10
      vertex 362.86706666896737 69.88279999792576 10
      vertex 426.97786666701234 134.65760000050068 10
    endloop
  endfacet
  facet normal -0.7824907273671442 0.6226622371594713 0
    outer loop
      vertex 360.71186666438973 88.15160000324249 0
      vertex 360.71186666438973 88.15160000324249 10
      vertex 362.34190748135245 90.20004898309708 0
    endloop
  endfacet
  facet normal 0 0 -1
    outer loop
      vertex 360.71186666438973 88.15160000324249 0
      vertex 362.34190748135245 90.20004898309708 0
      vertex 426.97786666701234 134.65760000050068 0
    endloop
  endfacet
  facet normal -0.7824907273671442 0.6226622371594713 0
    outer loop
      vertex 360.71186666438973 88.15160000324249 10
      vertex 362.34190748135245 90.20004898309708 10
      vertex 362.34190748135245 90.20004898309708 0
    endloop
  endfacet
  facet normal 0 0 1
    outer loop
      vertex 360.71186666438973 88.15160000324249 10
      vertex 426.97786666701234 134.65760000050068 10
      vertex 362.34190748135245 90.20004898309708 10
    endloop
  endfacet
  facet normal -0.8579968550418596 -0.5136549393691046 0
    outer loop
      vertex 361.977499316136 123.25564081966877 0
      vertex 363.73371156553424 120.32210612297058 0
      vertex 363.73371156553424 120.32210612297058 10
    endloop
  endfacet
  facet normal -0.8579968550418596 -0.5136549393691046 0
    outer loop
      vertex 361.977499316136 123.25564081966877 0
      vertex 363.73371156553424 120.32210612297058 10
      vertex 361.977499316136 123.25564081966877 10
    endloop
  endfacet
  facet normal 0 0 -1
    outer loop
      vertex 361.977499316136 123.25564081966877 0
      vertex 426.97786666701234 134.65760000050068 0
      vertex 363.73371156553424 120.32210612297058 0
    endloop
  endfacet
  facet normal 0 0 1
    outer loop
      vertex 361.977499316136 123.25564081966877 10
      vertex 363.73371156553424 120.32210612297058 10
      vertex 426.97786666701234 134.65760000050068 10
    endloop
  endfacet
  facet normal -0.8490060996047192 0.5283830455587893 0
    outer loop
      vertex 362.34190748135245 90.20004898309708 0
      vertex 362.34190748135245 90.20004898309708 10
      vertex 363.7211727897326 92.41625306010246 0
    endloop
  endfacet
  facet normal 0 0 -1
    outer loop
      vertex 362.34190748135245 90.20004898309708 0
      vertex 363.7211727897326 92.41625306010246 0
      vertex 426.97786666701234 134.65760000050068 0
    endloop
  endfacet
  facet normal -0.8490060996047192 0.5283830455587893 0
    outer loop
      vertex 362.34190748135245 90.20004898309708 10
      vertex 363.7211727897326 92.41625306010246 10
      vertex 363.7211727897326 92.41625306010246 0
    endloop
  endfacet
  facet normal 0 0 1
    outer loop
      vertex 362.34190748135245 90.20004898309708 10
      vertex 426.97786666701234 134.65760000050068 10
      vertex 363.7211727897326 92.41625306010246 10
    endloop
  endfacet
  facet normal -0.7907413778609678 0.612150368241773 0
    outer loop
      vertex 362.6150176847974 29.713902041316032 0
      vertex 362.6150176847974 29.713902041316032 10
      vertex 364.88029931734 32.64006530493498 0
    endloop
  endfacet
  facet normal 0 0 -1
    outer loop
      vertex 362.6150176847974 29.713902041316032 0
      vertex 364.88029931734 32.64006530493498 0
      vertex 428.52466666946805 20 0
    endloop
  endfacet
  facet normal -0.7907413778609678 0.612150368241773 0
    outer loop
      vertex 362.6150176847974 29.713902041316032 10
      vertex 364.88029931734 32.64006530493498 10
      vertex 364.88029931734 32.64006530493498 0
    endloop
  endfacet
  facet normal 0 0 1
    outer loop
      vertex 362.6150176847974 29.713902041316032 10
      vertex 465 0 10
      vertex 364.88029931734 32.64006530493498 10
    endloop
  endfacet
  facet normal -0.7486451327457743 -0.662970938440036 0
    outer loop
      vertex 362.86706666896737 69.88279999792576 0
      vertex 364.76708299169934 67.73724897950888 0
      vertex 364.76708299169934 67.73724897950888 10
    endloop
  endfacet
  facet normal -0.7486451327457743 -0.662970938440036 0
    outer loop
      vertex 362.86706666896737 69.88279999792576 0
      vertex 364.76708299169934 67.73724897950888 10
      vertex 362.86706666896737 69.88279999792576 10
    endloop
  endfacet
  facet normal 0 0 -1
    outer loop
      vertex 362.86706666896737 69.88279999792576 0
      vertex 426.97786666701234 134.65760000050068 0
      vertex 364.76708299169934 67.73724897950888 0
    endloop
  endfacet
  facet normal 0 0 1
    outer loop
      vertex 362.86706666896737 69.88279999792576 10
      vertex 364.76708299169934 67.73724897950888 10
      vertex 426.97786666701234 134.65760000050068 10
    endloop
  endfacet
  facet normal -0.9038484098569691 0.42785283918542394 0
    outer loop
      vertex 363.7211727897326 92.41625306010246 0
      vertex 363.7211727897326 92.41625306010246 10
      vertex 364.84966258207953 94.80021224170923 0
    endloop
  endfacet
  facet normal 0 0 -1
    outer loop
      vertex 363.7211727897326 92.41625306010246 0
      vertex 364.84966258207953 94.80021224170923 0
      vertex 426.97786666701234 134.65760000050068 0
    endloop
  endfacet
  facet normal -0.9038484098569691 0.42785283918542394 0
    outer loop
      vertex 363.7211727897326 92.41625306010246 10
      vertex 364.84966258207953 94.80021224170923 10
      vertex 364.84966258207953 94.80021224170923 0
    endloop
  endfacet
  facet normal 0 0 1
    outer loop
      vertex 363.7211727897326 92.41625306010246 10
      vertex 426.97786666701234 134.65760000050068 10
      vertex 364.84966258207953 94.80021224170923 10
    endloop
  endfacet
  facet normal -0.9193135470254115 -0.39352585970372594 0
    outer loop
      vertex 363.73371156553424 120.32210612297058 0
      vertex 365.0996544236938 117.1311346963048 0
      vertex 365.0996544236938 117.1311346963048 10
    endloop
  endfacet
  facet normal -0.9193135470254115 -0.39352585970372594 0
    outer loop
      vertex 363.73371156553424 120.32210612297058 0
      vertex 365.0996544236938 117.1311346963048 10
      vertex 363.73371156553424 120.32210612297058 10
    endloop
  endfacet
  facet normal 0 0 -1
    outer loop
      vertex 363.73371156553424 120.32210612297058 0
      vertex 426.97786666701234 134.65760000050068 0
      vertex 365.0996544236938 117.1311346963048 0
    endloop
  endfacet
  facet normal 0 0 1
    outer loop
      vertex 363.73371156553424 120.32210612297058 10
      vertex 365.0996544236938 117.1311346963048 10
      vertex 426.97786666701234 134.65760000050068 10
    endloop
  endfacet
  facet normal -0.8194246638668079 -0.5731868981813601 0
    outer loop
      vertex 364.76708299169934 67.73724897950888 0
      vertex 366.3747891137997 65.4388816356659 0
      vertex 366.3747891137997 65.4388816356659 10
    endloop
  endfacet
  facet normal -0.8194246638668079 -0.5731868981813601 0
    outer loop
      vertex 364.76708299169934 67.73724897950888 0
      vertex 366.3747891137997 65.4388816356659 10
      vertex 364.76708299169934 67.73724897950888 10
    endloop
  endfacet
  facet normal 0 0 -1
    outer loop
      vertex 364.76708299169934 67.73724897950888 0
      vertex 426.97786666701234 134.65760000050068 0
      vertex 366.3747891137997 65.4388816356659 0
    endloop
  endfacet
  facet normal 0 0 1
    outer loop
      vertex 364.76708299169934 67.73724897950888 10
      vertex 366.3747891137997 65.4388816356659 10
      vertex 426.97786666701234 134.65760000050068 10
    endloop
  endfacet
  facet normal -0.9456224969356213 0.3252661883584596 0
    outer loop
      vertex 364.84966258207953 94.80021224170923 0
      vertex 364.84966258207953 94.80021224170923 10
      vertex 365.7273768732945 97.35192652791739 0
    endloop
  endfacet
  facet normal 0 0 -1
    outer loop
      vertex 364.84966258207953 94.80021224170923 0
      vertex 365.7273768732945 97.35192652791739 0
      vertex 426.97786666701234 134.65760000050068 0
    endloop
  endfacet
  facet normal -0.9456224969356213 0.3252661883584596 0
    outer loop
      vertex 364.84966258207953 94.80021224170923 10
      vertex 365.7273768732945 97.35192652791739 10
      vertex 365.7273768732945 97.35192652791739 0
    endloop
  endfacet
  facet normal 0 0 1
    outer loop
      vertex 364.84966258207953 94.80021224170923 10
      vertex 426.97786666701234 134.65760000050068 10
      vertex 365.7273768732945 97.35192652791739 10
    endloop
  endfacet
  facet normal -0.8665782142176213 0.4990412794983984 0
    outer loop
      vertex 364.88029931734 32.64006530493498 0
      vertex 364.88029931734 32.64006530493498 10
      vertex 366.73371156553424 35.85848979651928 0
    endloop
  endfacet
  facet normal 0 0 -1
    outer loop
      vertex 364.88029931734 32.64006530493498 0
      vertex 366.73371156553424 35.85848979651928 0
      vertex 428.52466666946805 20 0
    endloop
  endfacet
  facet normal -0.8665782142176213 0.4990412794983984 0
    outer loop
      vertex 364.88029931734 32.64006530493498 10
      vertex 366.73371156553424 35.85848979651928 10
      vertex 366.73371156553424 35.85848979651928 0
    endloop
  endfacet
  facet normal 0 0 1
    outer loop
      vertex 364.88029931734 32.64006530493498 10
      vertex 465 0 10
      vertex 366.73371156553424 35.85848979651928 10
    endloop
  endfacet
  facet normal -0.9622273274340647 -0.27224725956214363 0
    outer loop
      vertex 365.0996544236938 117.1311346963048 0
      vertex 366.07532789061463 113.68272653222084 0
      vertex 366.07532789061463 113.68272653222084 10
    endloop
  endfacet
  facet normal -0.9622273274340647 -0.27224725956214363 0
    outer loop
      vertex 365.0996544236938 117.1311346963048 0
      vertex 366.07532789061463 113.68272653222084 10
      vertex 365.0996544236938 117.1311346963048 10
    endloop
  endfacet
  facet normal 0 0 -1
    outer loop
      vertex 365.0996544236938 117.1311346963048 0
      vertex 426.97786666701234 134.65760000050068 0
      vertex 366.07532789061463 113.68272653222084 0
    endloop
  endfacet
  facet normal 0 0 1
    outer loop
      vertex 365.0996544236938 117.1311346963048 10
      vertex 366.07532789061463 113.68272653222084 10
      vertex 426.97786666701234 134.65760000050068 10
    endloop
  endfacet
  facet normal -0.9744407174239363 0.22464480458342287 0
    outer loop
      vertex 365.7273768732945 97.35192652791739 0
      vertex 365.7273768732945 97.35192652791739 10
      vertex 366.35431564847624 100.07139591872692 0
    endloop
  endfacet
  facet normal 0 0 -1
    outer loop
      vertex 365.7273768732945 97.35192652791739 0
      vertex 366.35431564847624 100.07139591872692 0
      vertex 426.97786666701234 134.65760000050068 0
    endloop
  endfacet
  facet normal -0.9744407174239363 0.22464480458342287 0
    outer loop
      vertex 365.7273768732945 97.35192652791739 10
      vertex 366.35431564847624 100.07139591872692 10
      vertex 366.35431564847624 100.07139591872692 0
    endloop
  endfacet
  facet normal 0 0 1
    outer loop
      vertex 365.7273768732945 97.35192652791739 10
      vertex 426.97786666701234 134.65760000050068 10
      vertex 366.35431564847624 100.07139591872692 10
    endloop
  endfacet
  facet normal -0.9877518484186129 -0.15603296429156785 0
    outer loop
      vertex 366.07532789061463 113.68272653222084 0
      vertex 366.6607319737474 109.97688163071871 0
      vertex 366.6607319737474 109.97688163071871 10
    endloop
  endfacet
  facet normal -0.9877518484186129 -0.15603296429156785 0
    outer loop
      vertex 366.07532789061463 113.68272653222084 0
      vertex 366.6607319737474 109.97688163071871 10
      vertex 366.07532789061463 113.68272653222084 10
    endloop
  endfacet
  facet normal 0 0 -1
    outer loop
      vertex 366.07532789061463 113.68272653222084 0
      vertex 426.97786666701234 134.65760000050068 0
      vertex 366.6607319737474 109.97688163071871 0
    endloop
  endfacet
  facet normal 0 0 1
    outer loop
      vertex 366.07532789061463 113.68272653222084 10
      vertex 366.6607319737474 109.97688163071871 10
      vertex 426.97786666701234 134.65760000050068 10
    endloop
  endfacet
  facet normal -0.9916193956143661 0.12919355340495672 0
    outer loop
      vertex 366.35431564847624 100.07139591872692 0
      vertex 366.35431564847624 100.07139591872692 10
      vertex 366.7304789150754 102.95862040668726 0
    endloop
  endfacet
  facet normal 0 0 -1
    outer loop
      vertex 366.35431564847624 100.07139591872692 0
      vertex 366.7304789150754 102.95862040668726 0
      vertex 426.97786666701234 134.65760000050068 0
    endloop
  endfacet
  facet normal -0.9916193956143661 0.12919355340495672 0
    outer loop
      vertex 366.35431564847624 100.07139591872692 10
      vertex 366.7304789150754 102.95862040668726 10
      vertex 366.7304789150754 102.95862040668726 0
    endloop
  endfacet
  facet normal 0 0 1
    outer loop
      vertex 366.35431564847624 100.07139591872692 10
      vertex 426.97786666701234 134.65760000050068 10
      vertex 366.7304789150754 102.95862040668726 10
    endloop
  endfacet
  facet normal -0.8811413020351473 -0.47285304889342256 0
    outer loop
      vertex 366.3747891137997 65.4388816356659 0
      vertex 367.6901850352684 62.98769795894623 0
      vertex 367.6901850352684 62.98769795894623 10
    endloop
  endfacet
  facet normal -0.8811413020351473 -0.47285304889342256 0
    outer loop
      vertex 366.3747891137997 65.4388816356659 0
      vertex 367.6901850352684 62.98769795894623 10
      vertex 366.3747891137997 65.4388816356659 10
    endloop
  endfacet
  facet normal 0 0 -1
    outer loop
      vertex 366.3747891137997 65.4388816356659 0
      vertex 426.97786666701234 134.65760000050068 0
      vertex 367.6901850352684 62.98769795894623 0
    endloop
  endfacet
  facet normal 0 0 1
    outer loop
      vertex 366.3747891137997 65.4388816356659 10
      vertex 367.6901850352684 62.98769795894623 10
      vertex 426.97786666701234 134.65760000050068 10
    endloop
  endfacet
  facet normal -0.9987901253148446 -0.04917606708102165 0
    outer loop
      vertex 366.6607319737474 109.97688163071871 0
      vertex 366.85586666564143 106.01359999924898 0
      vertex 366.85586666564143 106.01359999924898 10
    endloop
  endfacet
  facet normal -0.9987901253148446 -0.04917606708102165 0
    outer loop
      vertex 366.6607319737474 109.97688163071871 0
      vertex 366.85586666564143 106.01359999924898 10
      vertex 366.6607319737474 109.97688163071871 10
    endloop
  endfacet
  facet normal 0 0 -1
    outer loop
      vertex 366.6607319737474 109.97688163071871 0
      vertex 426.97786666701234 134.65760000050068 0
      vertex 366.85586666564143 106.01359999924898 0
    endloop
  endfacet
  facet normal 0 0 1
    outer loop
      vertex 366.6607319737474 109.97688163071871 10
      vertex 366.85586666564143 106.01359999924898 10
      vertex 426.97786666701234 134.65760000050068 10
    endloop
  endfacet
  facet normal -0.9991587689042244 0.04100920045300403 0
    outer loop
      vertex 366.7304789150754 102.95862040668726 0
      vertex 366.7304789150754 102.95862040668726 10
      vertex 366.85586666564143 106.01359999924898 0
    endloop
  endfacet
  facet normal 0 0 -1
    outer loop
      vertex 366.7304789150754 102.95862040668726 0
      vertex 366.85586666564143 106.01359999924898 0
      vertex 426.97786666701234 134.65760000050068 0
    endloop
  endfacet
  facet normal -0.9991587689042244 0.04100920045300403 0
    outer loop
      vertex 366.7304789150754 102.95862040668726 10
      vertex 366.85586666564143 106.01359999924898 10
      vertex 366.85586666564143 106.01359999924898 0
    endloop
  endfacet
  facet normal 0 0 1
    outer loop
      vertex 366.7304789150754 102.95862040668726 10
      vertex 426.97786666701234 134.65760000050068 10
      vertex 366.85586666564143 106.01359999924898 10
    endloop
  endfacet
  facet normal -0.9250518474877307 0.37984086070292145 0
    outer loop
      vertex 366.73371156553424 35.85848979651928 0
      vertex 366.73371156553424 35.85848979651928 10
      vertex 368.1752544219295 39.369175508618355 0
    endloop
  endfacet
  facet normal 0 0 -1
    outer loop
      vertex 366.73371156553424 35.85848979651928 0
      vertex 368.1752544219295 39.369175508618355 0
      vertex 428.52466666946805 20 0
    endloop
  endfacet
  facet normal -0.9250518474877307 0.37984086070292145 0
    outer loop
      vertex 366.73371156553424 35.85848979651928 10
      vertex 368.1752544219295 39.369175508618355 10
      vertex 368.1752544219295 39.369175508618355 0
    endloop
  endfacet
  facet normal 0 0 1
    outer loop
      vertex 366.73371156553424 35.85848979651928 10
      vertex 465 0 10
      vertex 368.1752544219295 39.369175508618355 10
    endloop
  endfacet
  facet normal -0.930741066661133 -0.3656789122037206 0
    outer loop
      vertex 367.6901850352684 62.98769795894623 0
      vertex 368.71327074865496 60.38369795680046 0
      vertex 368.71327074865496 60.38369795680046 10
    endloop
  endfacet
  facet normal -0.930741066661133 -0.3656789122037206 0
    outer loop
      vertex 367.6901850352684 62.98769795894623 0
      vertex 368.71327074865496 60.38369795680046 10
      vertex 367.6901850352684 62.98769795894623 10
    endloop
  endfacet
  facet normal 0 0 -1
    outer loop
      vertex 367.6901850352684 62.98769795894623 0
      vertex 426.97786666701234 134.65760000050068 0
      vertex 368.71327074865496 60.38369795680046 0
    endloop
  endfacet
  facet normal 0 0 1
    outer loop
      vertex 367.6901850352684 62.98769795894623 10
      vertex 368.71327074865496 60.38369795680046 10
      vertex 426.97786666701234 134.65760000050068 10
    endloop
  endfacet
  facet normal -0.9652450270012372 0.2613465856853324 0
    outer loop
      vertex 368.1752544219295 39.369175508618355 0
      vertex 368.1752544219295 39.369175508618355 10
      vertex 369.20492789397633 43.172122448682785 0
    endloop
  endfacet
  facet normal 0 0 -1
    outer loop
      vertex 368.1752544219295 39.369175508618355 0
      vertex 369.20492789397633 43.172122448682785 0
      vertex 428.52466666946805 20 0
    endloop
  endfacet
  facet normal -0.9652450270012372 0.2613465856853324 0
    outer loop
      vertex 368.1752544219295 39.369175508618355 10
      vertex 369.20492789397633 43.172122448682785 10
      vertex 369.20492789397633 43.172122448682785 0
    endloop
  endfacet
  facet normal 0 0 1
    outer loop
      vertex 368.1752544219295 39.369175508618355 10
      vertex 374.4910666669408 45.95840000361204 10
      vertex 369.20492789397633 43.172122448682785 10
    endloop
  endfacet
  facet normal 0 0 1
    outer loop
      vertex 368.1752544219295 39.369175508618355 10
      vertex 465 0 10
      vertex 374.4910666669408 45.95840000361204 10
    endloop
  endfacet
  facet normal -0.9666158299547787 -0.25623004757606876 0
    outer loop
      vertex 368.71327074865496 60.38369795680046 0
      vertex 369.4440462614099 57.62688162922859 0
      vertex 369.4440462614099 57.62688162922859 10
    endloop
  endfacet
  facet normal -0.9666158299547787 -0.25623004757606876 0
    outer loop
      vertex 368.71327074865496 60.38369795680046 0
      vertex 369.4440462614099 57.62688162922859 10
      vertex 368.71327074865496 60.38369795680046 10
    endloop
  endfacet
  facet normal 0 0 -1
    outer loop
      vertex 368.71327074865496 60.38369795680046 0
      vertex 374.4910666669408 57.35119999945164 0
      vertex 369.4440462614099 57.62688162922859 0
    endloop
  endfacet
  facet normal 0 0 -1
    outer loop
      vertex 368.71327074865496 60.38369795680046 0
      vertex 426.97786666701234 134.65760000050068 0
      vertex 374.4910666669408 57.35119999945164 0
    endloop
  endfacet
  facet normal 0 0 1
    outer loop
      vertex 368.71327074865496 60.38369795680046 10
      vertex 369.4440462614099 57.62688162922859 10
      vertex 426.97786666701234 134.65760000050068 10
    endloop
  endfacet
  facet normal -0.9888112185827381 0.14917229637208276 0
    outer loop
      vertex 369.20492789397633 43.172122448682785 0
      vertex 369.20492789397633 43.172122448682785 10
      vertex 369.8227319742242 47.26733060926199 0
    endloop
  endfacet
  facet normal 0 0 -1
    outer loop
      vertex 369.20492789397633 43.172122448682785 0
      vertex 369.8227319742242 47.26733060926199 0
      vertex 374.4910666669408 45.95840000361204 0
    endloop
  endfacet
  facet normal 0 0 -1
    outer loop
      vertex 369.20492789397633 43.172122448682785 0
      vertex 374.4910666669408 45.95840000361204 0
      vertex 428.52466666946805 20 0
    endloop
  endfacet
  facet normal -0.9888112185827381 0.14917229637208276 0
    outer loop
      vertex 369.20492789397633 43.172122448682785 10
      vertex 369.8227319742242 47.26733060926199 10
      vertex 369.8227319742242 47.26733060926199 0
    endloop
  endfacet
  facet normal 0 0 1
    outer loop
      vertex 369.20492789397633 43.172122448682785 10
      vertex 374.4910666669408 45.95840000361204 10
      vertex 369.8227319742242 47.26733060926199 10
    endloop
  endfacet
  facet normal -0.9888353963221234 -0.149011942408886 0
    outer loop
      vertex 369.4440462614099 57.62688162922859 0
      vertex 369.8825115660826 54.71724897623062 0
      vertex 369.8825115660826 54.71724897623062 10
    endloop
  endfacet
  facet normal -0.9888353963221234 -0.149011942408886 0
    outer loop
      vertex 369.4440462614099 57.62688162922859 0
      vertex 369.8825115660826 54.71724897623062 10
      vertex 369.4440462614099 57.62688162922859 10
    endloop
  endfacet
  facet normal 0 0 -1
    outer loop
      vertex 369.4440462614099 57.62688162922859 0
      vertex 374.4910666669408 57.35119999945164 0
      vertex 369.8825115660826 54.71724897623062 0
    endloop
  endfacet
  facet normal 0 0 1
    outer loop
      vertex 369.4440462614099 57.62688162922859 10
      vertex 369.8825115660826 54.71724897623062 10
      vertex 374.4910666669408 57.35119999945164 10
    endloop
  endfacet
  facet normal 0 0 1
    outer loop
      vertex 369.4440462614099 57.62688162922859 10
      vertex 374.4910666669408 57.35119999945164 10
      vertex 426.97786666701234 134.65760000050068 10
    endloop
  endfacet
  facet normal -0.998900275287181 0.04688539251402456 0
    outer loop
      vertex 369.8227319742242 47.26733060926199 0
      vertex 369.8227319742242 47.26733060926199 10
      vertex 370.0286666701237 51.65479999780655 0
    endloop
  endfacet
  facet normal 0 0 -1
    outer loop
      vertex 369.8227319742242 47.26733060926199 0
      vertex 370.0286666701237 51.65479999780655 0
      vertex 374.4910666669408 45.95840000361204 0
    endloop
  endfacet
  facet normal -0.998900275287181 0.04688539251402456 0
    outer loop
      vertex 369.8227319742242 47.26733060926199 10
      vertex 370.0286666701237 51.65479999780655 10
      vertex 370.0286666701237 51.65479999780655 0
    endloop
  endfacet
  facet normal 0 0 1
    outer loop
      vertex 369.8227319742242 47.26733060926199 10
      vertex 374.4910666669408 45.95840000361204 10
      vertex 374.4910666669408 57.35119999945164 10
    endloop
  endfacet
  facet normal 0 0 1
    outer loop
      vertex 369.8227319742242 47.26733060926199 10
      vertex 374.4910666669408 57.35119999945164 10
      vertex 370.0286666701237 51.65479999780655 10
    endloop
  endfacet
  facet normal -0.9988631081766149 -0.04767065264659356 0
    outer loop
      vertex 369.8825115660826 54.71724897623062 0
      vertex 370.0286666701237 51.65479999780655 0
      vertex 370.0286666701237 51.65479999780655 10
    endloop
  endfacet
  facet normal -0.9988631081766149 -0.04767065264659356 0
    outer loop
      vertex 369.8825115660826 54.71724897623062 0
      vertex 370.0286666701237 51.65479999780655 10
      vertex 369.8825115660826 54.71724897623062 10
    endloop
  endfacet
  facet normal 0 0 -1
    outer loop
      vertex 369.8825115660826 54.71724897623062 0
      vertex 374.4910666669408 57.35119999945164 0
      vertex 370.0286666701237 51.65479999780655 0
    endloop
  endfacet
  facet normal 0 0 1
    outer loop
      vertex 369.8825115660826 54.71724897623062 10
      vertex 370.0286666701237 51.65479999780655 10
      vertex 374.4910666669408 57.35119999945164 10
    endloop
  endfacet
  facet normal 0 0 -1
    outer loop
      vertex 370.0286666701237 51.65479999780655 0
      vertex 374.4910666669408 57.35119999945164 0
      vertex 374.4910666669408 45.95840000361204 0
    endloop
  endfacet
  facet normal 0 1 0
    outer loop
      vertex 374.4910666669408 45.95840000361204 0
      vertex 374.4910666669408 45.95840000361204 10
      vertex 428.52466666946805 45.95840000361204 0
    endloop
  endfacet
  facet normal 1 0 0
    outer loop
      vertex 374.4910666669408 45.95840000361204 0
      vertex 374.4910666669408 57.35119999945164 0
      vertex 374.4910666669408 57.35119999945164 10
    endloop
  endfacet
  facet normal 1 0 0
    outer loop
      vertex 374.4910666669408 45.95840000361204 0
      vertex 374.4910666669408 57.35119999945164 10
      vertex 374.4910666669408 45.95840000361204 10
    endloop
  endfacet
  facet normal 0 0 -1
    outer loop
      vertex 374.4910666669408 45.95840000361204 0
      vertex 428.52466666946805 45.95840000361204 0
      vertex 428.52466666946805 20 0
    endloop
  endfacet
  facet normal 0 0 1
    outer loop
      vertex 374.4910666669408 45.95840000361204 10
      vertex 428.52466666946805 20 10
      vertex 428.52466666946805 45.95840000361204 10
    endloop
  endfacet
  facet normal 0 1 0
    outer loop
      vertex 374.4910666669408 45.95840000361204 10
      vertex 428.52466666946805 45.95840000361204 10
      vertex 428.52466666946805 45.95840000361204 0
    endloop
  endfacet
  facet normal 0 0 1
    outer loop
      vertex 374.4910666669408 45.95840000361204 10
      vertex 465 0 10
      vertex 428.52466666946805 20 10
    endloop
  endfacet
  facet normal 0.827332114501383 -0.5617130693821094 0
    outer loop
      vertex 374.4910666669408 57.35119999945164 0
      vertex 426.97786666701234 134.65760000050068 0
      vertex 426.97786666701234 134.65760000050068 10
    endloop
  endfacet
  facet normal 0.827332114501383 -0.5617130693821094 0
    outer loop
      vertex 374.4910666669408 57.35119999945164 0
      vertex 426.97786666701234 134.65760000050068 10
      vertex 374.4910666669408 57.35119999945164 10
    endloop
  endfacet
  facet normal 0 -1 0
    outer loop
      vertex 426.97786666701234 134.65760000050068 0
      vertex 442.35826666901505 134.65760000050068 0
      vertex 442.35826666901505 134.65760000050068 10
    endloop
  endfacet
  facet normal 0 -1 0
    outer loop
      vertex 426.97786666701234 134.65760000050068 0
      vertex 442.35826666901505 134.65760000050068 10
      vertex 426.97786666701234 134.65760000050068 10
    endloop
  endfacet
  facet normal 0 0 -1
    outer loop
      vertex 426.97786666701234 134.65760000050068 0
      vertex 465 250 0
      vertex 442.35826666901505 134.65760000050068 0
    endloop
  endfacet
  facet normal 0 0 1
    outer loop
      vertex 426.97786666701234 134.65760000050068 10
      vertex 442.35826666901505 134.65760000050068 10
      vertex 465 250 10
    endloop
  endfacet
  facet normal 0 1 0
    outer loop
      vertex 428.52466666946805 20 0
      vertex 428.52466666946805 20 10
      vertex 442.35826666901505 20 0
    endloop
  endfacet
  facet normal 1 0 0
    outer loop
      vertex 428.52466666946805 20 0
      vertex 428.52466666946805 45.95840000361204 0
      vertex 428.52466666946805 45.95840000361204 10
    endloop
  endfacet
  facet normal 1 0 0
    outer loop
      vertex 428.52466666946805 20 0
      vertex 428.52466666946805 45.95840000361204 10
      vertex 428.52466666946805 20 10
    endloop
  endfacet
  facet normal 0 0 -1
    outer loop
      vertex 428.52466666946805 20 0
      vertex 442.35826666901505 20 0
      vertex 465 0 0
    endloop
  endfacet
  facet normal 0 1 0
    outer loop
      vertex 428.52466666946805 20 10
      vertex 442.35826666901505 20 10
      vertex 442.35826666901505 20 0
    endloop
  endfacet
  facet normal 0 0 1
    outer loop
      vertex 428.52466666946805 20 10
      vertex 465 0 10
      vertex 442.35826666901505 20 10
    endloop
  endfacet
  facet normal -1 0 0
    outer loop
      vertex 442.35826666901505 20 0
      vertex 442.35826666901505 20 10
      vertex 442.35826666901505 45.95840000361204 0
    endloop
  endfacet
  facet normal 0 0 -1
    outer loop
      vertex 442.35826666901505 20 0
      vertex 442.35826666901505 45.95840000361204 0
      vertex 458.47066666434205 45.95840000361204 0
    endloop
  endfacet
  facet normal 0 0 -1
    outer loop
      vertex 442.35826666901505 20 0
      vertex 458.47066666434205 45.95840000361204 0
      vertex 465 0 0
    endloop
  endfacet
  facet normal -1 0 0
    outer loop
      vertex 442.35826666901505 20 10
      vertex 442.35826666901505 45.95840000361204 10
      vertex 442.35826666901505 45.95840000361204 0
    endloop
  endfacet
  facet normal 0 0 1
    outer loop
      vertex 442.35826666901505 20 10
      vertex 458.47066666434205 45.95840000361204 10
      vertex 442.35826666901505 45.95840000361204 10
    endloop
  endfacet
  facet normal 0 0 1
    outer loop
      vertex 442.35826666901505 20 10
      vertex 465 0 10
      vertex 458.47066666434205 45.95840000361204 10
    endloop
  endfacet
  facet normal 0 1 0
    outer loop
      vertex 442.35826666901505 45.95840000361204 0
      vertex 442.35826666901505 45.95840000361204 10
      vertex 458.47066666434205 45.95840000361204 0
    endloop
  endfacet
  facet normal 0 1 0
    outer loop
      vertex 442.35826666901505 45.95840000361204 10
      vertex 458.47066666434205 45.95840000361204 10
      vertex 458.47066666434205 45.95840000361204 0
    endloop
  endfacet
  facet normal -1 0 0
    outer loop
      vertex 442.35826666901505 57.514399997889996 0
      vertex 442.35826666901505 57.514399997889996 10
      vertex 442.35826666901505 134.65760000050068 0
    endloop
  endfacet
  facet normal 0 0 -1
    outer loop
      vertex 442.35826666901505 57.514399997889996 0
      vertex 442.35826666901505 134.65760000050068 0
      vertex 458.47066666434205 57.514399997889996 0
    endloop
  endfacet
  facet normal 0 -1 0
    outer loop
      vertex 442.35826666901505 57.514399997889996 0
      vertex 458.47066666434205 57.514399997889996 0
      vertex 458.47066666434205 57.514399997889996 10
    endloop
  endfacet
  facet normal 0 -1 0
    outer loop
      vertex 442.35826666901505 57.514399997889996 0
      vertex 458.47066666434205 57.514399997889996 10
      vertex 442.35826666901505 57.514399997889996 10
    endloop
  endfacet
  facet normal -1 0 0
    outer loop
      vertex 442.35826666901505 57.514399997889996 10
      vertex 442.35826666901505 134.65760000050068 10
      vertex 442.35826666901505 134.65760000050068 0
    endloop
  endfacet
  facet normal 0 0 1
    outer loop
      vertex 442.35826666901505 57.514399997889996 10
      vertex 458.47066666434205 57.514399997889996 10
      vertex 442.35826666901505 134.65760000050068 10
    endloop
  endfacet
  facet normal 0 0 -1
    outer loop
      vertex 442.35826666901505 134.65760000050068 0
      vertex 465 250 0
      vertex 458.47066666434205 57.514399997889996 0
    endloop
  endfacet
  facet normal 0 0 1
    outer loop
      vertex 442.35826666901505 134.65760000050068 10
      vertex 458.47066666434205 57.514399997889996 10
      vertex 465 250 10
    endloop
  endfacet
  facet normal -1 0 0
    outer loop
      vertex 458.47066666434205 45.95840000361204 0
      vertex 458.47066666434205 45.95840000361204 10
      vertex 458.47066666434205 57.514399997889996 0
    endloop
  endfacet
  facet normal 0 0 -1
    outer loop
      vertex 458.47066666434205 45.95840000361204 0
      vertex 458.47066666434205 57.514399997889996 0
      vertex 465 0 0
    endloop
  endfacet
  facet normal -1 0 0
    outer loop
      vertex 458.47066666434205 45.95840000361204 10
      vertex 458.47066666434205 57.514399997889996 10
      vertex 458.47066666434205 57.514399997889996 0
    endloop
  endfacet
  facet normal 0 0 1
    outer loop
      vertex 458.47066666434205 45.95840000361204 10
      vertex 465 0 10
      vertex 465 250 10
    endloop
  endfacet
  facet normal 0 0 1
    outer loop
      vertex 458.47066666434205 45.95840000361204 10
      vertex 465 250 10
      vertex 458.47066666434205 57.514399997889996 10
    endloop
  endfacet
  facet normal 0 0 -1
    outer loop
      vertex 458.47066666434205 57.514399997889996 0
      vertex 465 250 0
      vertex 465 0 0
    endloop
  endfacet
  facet normal 1 0 0
    outer loop
      vertex 465 0 0
      vertex 465 250 0
      vertex 465 0 10
    endloop
  endfacet
  facet normal 1 0 0
    outer loop
      vertex 465 0 10
      vertex 465 250 0
      vertex 465 250 10
    endloop
  endfacet
endsolid OpenSCAD_Model
