solid OpenSCAD_Model
  facet normal -0.9980267284282717 0.0627905195293134 0
    outer loop
      vertex -6 0 0
      vertex -6 0 2
      vertex -5.952688207886867 0.7519994013858244 2
    endloop
  endfacet
  facet normal -0.9980267284282717 -0.0627905195293134 0
    outer loop
      vertex -6 0 0
      vertex -5.952688207886867 -0.7519994013858244 0
      vertex -6 0 2
    endloop
  endfacet
  facet normal 0 0 -1
    outer loop
      vertex -6 0 0
      vertex -5.952688207886867 0.7519994013858244 0
      vertex -5.952688207886867 -0.7519994013858244 0
    endloop
  endfacet
  facet normal -0.9980267284282717 0.0627905195293134 0
    outer loop
      vertex -6 0 0
      vertex -5.952688207886867 0.7519994013858244 2
      vertex -5.952688207886867 0.7519994013858244 0
    endloop
  endfacet
  facet normal -0.9980267284282717 -0.0627905195293134 0
    outer loop
      vertex -6 0 2
      vertex -5.952688207886867 -0.7519994013858244 0
      vertex -5.952688207886867 -0.7519994013858244 2
    endloop
  endfacet
  facet normal 0 0 1
    outer loop
      vertex -6 0 2
      vertex -5.952688207886867 -0.7519994013858244 2
      vertex -5.952688207886867 0.7519994013858244 2
    endloop
  endfacet
  facet normal 0 0 -1
    outer loop
      vertex -5.952688207886867 -0.7519994013858244 0
      vertex -5.952688207886867 0.7519994013858244 0
      vertex -5.8114989667717865 1.492139322989129 0
    endloop
  endfacet
  facet normal -0.9822872507286886 -0.18738131458572468 0
    outer loop
      vertex -5.952688207886867 -0.7519994013858244 0
      vertex -5.8114989667717865 -1.492139322989129 0
      vertex -5.952688207886867 -0.7519994013858244 2
    endloop
  endfacet
  facet normal 0 0 -1
    outer loop
      vertex -5.952688207886867 -0.7519994013858244 0
      vertex -5.8114989667717865 1.492139322989129 0
      vertex -5.8114989667717865 -1.492139322989129 0
    endloop
  endfacet
  facet normal -0.9822872507286886 -0.18738131458572468 0
    outer loop
      vertex -5.952688207886867 -0.7519994013858244 2
      vertex -5.8114989667717865 -1.492139322989129 0
      vertex -5.8114989667717865 -1.492139322989129 2
    endloop
  endfacet
  facet normal 0 0 1
    outer loop
      vertex -5.952688207886867 -0.7519994013858244 2
      vertex -5.8114989667717865 -1.492139322989129 2
      vertex -5.952688207886867 0.7519994013858244 2
    endloop
  endfacet
  facet normal -0.9822872507286886 0.18738131458572468 0
    outer loop
      vertex -5.952688207886867 0.7519994013858244 0
      vertex -5.952688207886867 0.7519994013858244 2
      vertex -5.8114989667717865 1.492139322989129 2
    endloop
  endfacet
  facet normal -0.9822872507286886 0.18738131458572468 0
    outer loop
      vertex -5.952688207886867 0.7519994013858244 0
      vertex -5.8114989667717865 1.492139322989129 2
      vertex -5.8114989667717865 1.492139322989129 0
    endloop
  endfacet
  facet normal 0 0 1
    outer loop
      vertex -5.952688207886867 0.7519994013858244 2
      vertex -5.8114989667717865 -1.492139322989129 2
      vertex -5.8114989667717865 1.492139322989129 2
    endloop
  endfacet
  facet normal 0 0 -1
    outer loop
      vertex -5.8114989667717865 -1.492139322989129 0
      vertex -5.8114989667717865 1.492139322989129 0
      vertex -5.578658915329509 2.208747316108067 0
    endloop
  endfacet
  facet normal -0.9510565162951539 -0.3090169943749469 0
    outer loop
      vertex -5.8114989667717865 -1.492139322989129 0
      vertex -5.578658915329509 -2.208747316108067 0
      vertex -5.8114989667717865 -1.492139322989129 2
    endloop
  endfacet
  facet normal 0 0 -1
    outer loop
      vertex -5.8114989667717865 -1.492139322989129 0
      vertex -5.578658915329509 2.208747316108067 0
      vertex -5.578658915329509 -2.208747316108067 0
    endloop
  endfacet
  facet normal -0.9510565162951539 -0.3090169943749469 0
    outer loop
      vertex -5.8114989667717865 -1.492139322989129 2
      vertex -5.578658915329509 -2.208747316108067 0
      vertex -5.578658915329509 -2.208747316108067 2
    endloop
  endfacet
  facet normal 0 0 1
    outer loop
      vertex -5.8114989667717865 -1.492139322989129 2
      vertex -5.578658915329509 -2.208747316108067 2
      vertex -5.8114989667717865 1.492139322989129 2
    endloop
  endfacet
  facet normal -0.9510565162951539 0.3090169943749469 0
    outer loop
      vertex -5.8114989667717865 1.492139322989129 0
      vertex -5.8114989667717865 1.492139322989129 2
      vertex -5.578658915329509 2.208747316108067 2
    endloop
  endfacet
  facet normal -0.9510565162951539 0.3090169943749469 0
    outer loop
      vertex -5.8114989667717865 1.492139322989129 0
      vertex -5.578658915329509 2.208747316108067 2
      vertex -5.578658915329509 2.208747316108067 0
    endloop
  endfacet
  facet normal 0 0 1
    outer loop
      vertex -5.8114989667717865 1.492139322989129 2
      vertex -5.578658915329509 -2.208747316108067 2
      vertex -5.578658915329509 2.208747316108067 2
    endloop
  endfacet
  facet normal 0 0 -1
    outer loop
      vertex -5.578658915329509 -2.208747316108067 0
      vertex -5.578658915329509 2.208747316108067 0
      vertex -5.257840080263181 2.890522044610292 0
    endloop
  endfacet
  facet normal -0.9048270524660192 -0.4257792915650734 0
    outer loop
      vertex -5.578658915329509 -2.208747316108067 0
      vertex -5.257840080263181 -2.890522044610292 0
      vertex -5.578658915329509 -2.208747316108067 2
    endloop
  endfacet
  facet normal 0 0 -1
    outer loop
      vertex -5.578658915329509 -2.208747316108067 0
      vertex -5.257840080263181 2.890522044610292 0
      vertex -5.257840080263181 -2.890522044610292 0
    endloop
  endfacet
  facet normal -0.9048270524660192 -0.4257792915650734 0
    outer loop
      vertex -5.578658915329509 -2.208747316108067 2
      vertex -5.257840080263181 -2.890522044610292 0
      vertex -5.257840080263181 -2.890522044610292 2
    endloop
  endfacet
  facet normal 0 0 1
    outer loop
      vertex -5.578658915329509 -2.208747316108067 2
      vertex -5.257840080263181 -2.890522044610292 2
      vertex -5.578658915329509 2.208747316108067 2
    endloop
  endfacet
  facet normal -0.9048270524660192 0.4257792915650734 0
    outer loop
      vertex -5.578658915329509 2.208747316108067 0
      vertex -5.578658915329509 2.208747316108067 2
      vertex -5.257840080263181 2.890522044610292 2
    endloop
  endfacet
  facet normal -0.9048270524660192 0.4257792915650734 0
    outer loop
      vertex -5.578658915329509 2.208747316108067 0
      vertex -5.257840080263181 2.890522044610292 2
      vertex -5.257840080263181 2.890522044610292 0
    endloop
  endfacet
  facet normal 0 0 1
    outer loop
      vertex -5.578658915329509 2.208747316108067 2
      vertex -5.257840080263181 -2.890522044610292 2
      vertex -5.257840080263181 2.890522044610292 2
    endloop
  endfacet
  facet normal 0 0 -1
    outer loop
      vertex -5.257840080263181 -2.890522044610292 0
      vertex -5.257840080263181 2.890522044610292 0
      vertex -4.854101966249685 3.526711513754839 0
    endloop
  endfacet
  facet normal -0.8443279255020154 -0.5358267949789961 0
    outer loop
      vertex -5.257840080263181 -2.890522044610292 0
      vertex -4.854101966249685 -3.526711513754839 0
      vertex -5.257840080263181 -2.890522044610292 2
    endloop
  endfacet
  facet normal 0 0 -1
    outer loop
      vertex -5.257840080263181 -2.890522044610292 0
      vertex -4.854101966249685 3.526711513754839 0
      vertex -4.854101966249685 -3.526711513754839 0
    endloop
  endfacet
  facet normal -0.8443279255020154 -0.5358267949789961 0
    outer loop
      vertex -5.257840080263181 -2.890522044610292 2
      vertex -4.854101966249685 -3.526711513754839 0
      vertex -4.854101966249685 -3.526711513754839 2
    endloop
  endfacet
  facet normal 0 0 1
    outer loop
      vertex -5.257840080263181 -2.890522044610292 2
      vertex -4.854101966249685 -3.526711513754839 2
      vertex -5.257840080263181 2.890522044610292 2
    endloop
  endfacet
  facet normal -0.8443279255020154 0.5358267949789961 0
    outer loop
      vertex -5.257840080263181 2.890522044610292 0
      vertex -5.257840080263181 2.890522044610292 2
      vertex -4.854101966249685 3.526711513754839 2
    endloop
  endfacet
  facet normal -0.8443279255020154 0.5358267949789961 0
    outer loop
      vertex -5.257840080263181 2.890522044610292 0
      vertex -4.854101966249685 3.526711513754839 2
      vertex -4.854101966249685 3.526711513754839 0
    endloop
  endfacet
  facet normal 0 0 1
    outer loop
      vertex -5.257840080263181 2.890522044610292 2
      vertex -4.854101966249685 -3.526711513754839 2
      vertex -4.854101966249685 3.526711513754839 2
    endloop
  endfacet
  facet normal 0 0 -1
    outer loop
      vertex -4.854101966249685 -3.526711513754839 0
      vertex -4.854101966249685 3.526711513754839 0
      vertex -4.37381176452847 4.1072826355721315 0
    endloop
  endfacet
  facet normal -0.7705132427757891 -0.6374239897486897 0
    outer loop
      vertex -4.854101966249685 -3.526711513754839 0
      vertex -4.37381176452847 -4.1072826355721315 0
      vertex -4.854101966249685 -3.526711513754839 2
    endloop
  endfacet
  facet normal 0 0 -1
    outer loop
      vertex -4.854101966249685 -3.526711513754839 0
      vertex -4.37381176452847 4.1072826355721315 0
      vertex -4.37381176452847 -4.1072826355721315 0
    endloop
  endfacet
  facet normal -0.7705132427757891 -0.6374239897486897 0
    outer loop
      vertex -4.854101966249685 -3.526711513754839 2
      vertex -4.37381176452847 -4.1072826355721315 0
      vertex -4.37381176452847 -4.1072826355721315 2
    endloop
  endfacet
  facet normal 0 0 1
    outer loop
      vertex -4.854101966249685 -3.526711513754839 2
      vertex -4.37381176452847 -4.1072826355721315 2
      vertex -4.854101966249685 3.526711513754839 2
    endloop
  endfacet
  facet normal -0.7705132427757891 0.6374239897486897 0
    outer loop
      vertex -4.854101966249685 3.526711513754839 0
      vertex -4.854101966249685 3.526711513754839 2
      vertex -4.37381176452847 4.1072826355721315 2
    endloop
  endfacet
  facet normal -0.7705132427757891 0.6374239897486897 0
    outer loop
      vertex -4.854101966249685 3.526711513754839 0
      vertex -4.37381176452847 4.1072826355721315 2
      vertex -4.37381176452847 4.1072826355721315 0
    endloop
  endfacet
  facet normal 0 0 1
    outer loop
      vertex -4.854101966249685 3.526711513754839 2
      vertex -4.37381176452847 -4.1072826355721315 2
      vertex -4.37381176452847 4.1072826355721315 2
    endloop
  endfacet
  facet normal -0.9945218953682733 0.10452846326765321 0
    outer loop
      vertex -4.5 0 9.75
      vertex -4.5 0 10.5
      vertex -4.401664203302126 0.9356026086799171 10.5
    endloop
  endfacet
  facet normal -0.9945218953682733 -0.10452846326765321 0
    outer loop
      vertex -4.5 0 9.75
      vertex -4.401664203302126 -0.9356026086799171 9.75
      vertex -4.5 0 10.5
    endloop
  endfacet
  facet normal -0.8288867290812315 0.08711950578195057 -0.5525911527208209
    outer loop
      vertex -4.5 0 9.75
      vertex -4.401664203302126 0.9356026086799171 9.75
      vertex -3.9125904029352228 0.8316467632710374 9
    endloop
  endfacet
  facet normal -0.9945218953682733 0.10452846326765321 0
    outer loop
      vertex -4.5 0 9.75
      vertex -4.401664203302126 0.9356026086799171 10.5
      vertex -4.401664203302126 0.9356026086799171 9.75
    endloop
  endfacet
  facet normal -0.8288867290812315 -0.08711950578195059 -0.552591152720821
    outer loop
      vertex -4.5 0 9.75
      vertex -4 0 9
      vertex -3.9125904029352228 -0.8316467632710374 9
    endloop
  endfacet
  facet normal -0.8288867290812315 -0.08711950578195057 -0.5525911527208209
    outer loop
      vertex -4.5 0 9.75
      vertex -3.9125904029352228 -0.8316467632710374 9
      vertex -4.401664203302126 -0.9356026086799171 9.75
    endloop
  endfacet
  facet normal -0.8288867290812315 0.08711950578195059 -0.552591152720821
    outer loop
      vertex -4.5 0 9.75
      vertex -3.9125904029352228 0.8316467632710374 9
      vertex -4 0 9
    endloop
  endfacet
  facet normal -0.9945218953682733 -0.10452846326765321 0
    outer loop
      vertex -4.5 0 10.5
      vertex -4.401664203302126 -0.9356026086799171 9.75
      vertex -4.401664203302126 -0.9356026086799171 10.5
    endloop
  endfacet
  facet normal -0.8288867290812315 -0.08711950578195057 0.5525911527208209
    outer loop
      vertex -4.5 0 10.5
      vertex -4.401664203302126 -0.9356026086799171 10.5
      vertex -3.42351660256832 -0.7276909178621577 12
    endloop
  endfacet
  facet normal -0.8288867290812315 0.08711950578195059 0.552591152720821
    outer loop
      vertex -4.5 0 10.5
      vertex -3.5 0 12
      vertex -3.42351660256832 0.7276909178621577 12
    endloop
  endfacet
  facet normal -0.8288867290812315 -0.08711950578195059 0.552591152720821
    outer loop
      vertex -4.5 0 10.5
      vertex -3.42351660256832 -0.7276909178621577 12
      vertex -3.5 0 12
    endloop
  endfacet
  facet normal -0.8288867290812315 0.08711950578195057 0.5525911527208209
    outer loop
      vertex -4.5 0 10.5
      vertex -3.42351660256832 0.7276909178621577 12
      vertex -4.401664203302126 0.9356026086799171 10.5
    endloop
  endfacet
  facet normal -0.9510565162951535 -0.3090169943749476 0
    outer loop
      vertex -4.401664203302126 -0.9356026086799171 9.75
      vertex -4.110954559391704 -1.830314893841101 9.75
      vertex -4.401664203302126 -0.9356026086799171 10.5
    endloop
  endfacet
  facet normal -0.7926604015805655 -0.25755097689741124 -0.552591152720821
    outer loop
      vertex -4.401664203302126 -0.9356026086799171 9.75
      vertex -3.9125904029352228 -0.8316467632710374 9
      vertex -3.6541818305704035 -1.6269465723032008 9
    endloop
  endfacet
  facet normal -0.7926604015805655 -0.2575509768974111 -0.552591152720821
    outer loop
      vertex -4.401664203302126 -0.9356026086799171 9.75
      vertex -3.6541818305704035 -1.6269465723032008 9
      vertex -4.110954559391704 -1.830314893841101 9.75
    endloop
  endfacet
  facet normal -0.9510565162951535 -0.3090169943749476 0
    outer loop
      vertex -4.401664203302126 -0.9356026086799171 10.5
      vertex -4.110954559391704 -1.830314893841101 9.75
      vertex -4.110954559391704 -1.830314893841101 10.5
    endloop
  endfacet
  facet normal -0.7926604015805655 -0.2575509768974111 0.5525911527208213
    outer loop
      vertex -4.401664203302126 -0.9356026086799171 10.5
      vertex -4.110954559391704 -1.830314893841101 10.5
      vertex -3.197409101749103 -1.4235782507653008 12
    endloop
  endfacet
  facet normal -0.7926604015805655 -0.2575509768974113 0.5525911527208209
    outer loop
      vertex -4.401664203302126 -0.9356026086799171 10.5
      vertex -3.197409101749103 -1.4235782507653008 12
      vertex -3.42351660256832 -0.7276909178621577 12
    endloop
  endfacet
  facet normal -0.9510565162951535 0.3090169943749476 0
    outer loop
      vertex -4.401664203302126 0.9356026086799171 9.75
      vertex -4.401664203302126 0.9356026086799171 10.5
      vertex -4.110954559391704 1.830314893841101 10.5
    endloop
  endfacet
  facet normal -0.7926604015805655 0.2575509768974111 -0.552591152720821
    outer loop
      vertex -4.401664203302126 0.9356026086799171 9.75
      vertex -4.110954559391704 1.830314893841101 9.75
      vertex -3.6541818305704035 1.6269465723032008 9
    endloop
  endfacet
  facet normal -0.9510565162951535 0.3090169943749476 0
    outer loop
      vertex -4.401664203302126 0.9356026086799171 9.75
      vertex -4.110954559391704 1.830314893841101 10.5
      vertex -4.110954559391704 1.830314893841101 9.75
    endloop
  endfacet
  facet normal -0.7926604015805655 0.25755097689741124 -0.552591152720821
    outer loop
      vertex -4.401664203302126 0.9356026086799171 9.75
      vertex -3.6541818305704035 1.6269465723032008 9
      vertex -3.9125904029352228 0.8316467632710374 9
    endloop
  endfacet
  facet normal -0.7926604015805655 0.2575509768974113 0.5525911527208209
    outer loop
      vertex -4.401664203302126 0.9356026086799171 10.5
      vertex -3.42351660256832 0.7276909178621577 12
      vertex -3.197409101749103 1.4235782507653008 12
    endloop
  endfacet
  facet normal -0.7926604015805655 0.2575509768974111 0.5525911527208213
    outer loop
      vertex -4.401664203302126 0.9356026086799171 10.5
      vertex -3.197409101749103 1.4235782507653008 12
      vertex -4.110954559391704 1.830314893841101 10.5
    endloop
  endfacet
  facet normal 0 0 -1
    outer loop
      vertex -4.37381176452847 -4.1072826355721315 0
      vertex -4.37381176452847 4.1072826355721315 0
      vertex -3.8245439384921376 4.623079456654736 0
    endloop
  endfacet
  facet normal -0.6845471059286886 -0.7289686274214116 0
    outer loop
      vertex -4.37381176452847 -4.1072826355721315 0
      vertex -3.8245439384921376 -4.623079456654736 0
      vertex -3.8245439384921376 -4.623079456654736 2
    endloop
  endfacet
  facet normal -0.6845471059286886 -0.7289686274214116 0
    outer loop
      vertex -4.37381176452847 -4.1072826355721315 0
      vertex -3.8245439384921376 -4.623079456654736 2
      vertex -4.37381176452847 -4.1072826355721315 2
    endloop
  endfacet
  facet normal 0 0 -1
    outer loop
      vertex -4.37381176452847 -4.1072826355721315 0
      vertex -3.8245439384921376 4.623079456654736 0
      vertex -3.8245439384921376 -4.623079456654736 0
    endloop
  endfacet
  facet normal 0 0 1
    outer loop
      vertex -4.37381176452847 -4.1072826355721315 2
      vertex -3.8245439384921376 -4.623079456654736 2
      vertex -4.37381176452847 4.1072826355721315 2
    endloop
  endfacet
  facet normal -0.6845471059286886 0.7289686274214116 0
    outer loop
      vertex -4.37381176452847 4.1072826355721315 0
      vertex -4.37381176452847 4.1072826355721315 2
      vertex -3.8245439384921376 4.623079456654736 0
    endloop
  endfacet
  facet normal 0 0 1
    outer loop
      vertex -4.37381176452847 4.1072826355721315 2
      vertex -4 0 2
      vertex -3.9125904029352228 0.8316467632710374 2
    endloop
  endfacet
  facet normal 0 0 1
    outer loop
      vertex -4.37381176452847 4.1072826355721315 2
      vertex -3.9125904029352228 0.8316467632710374 2
      vertex -3.6541818305704035 1.6269465723032008 2
    endloop
  endfacet
  facet normal 0 0 1
    outer loop
      vertex -4.37381176452847 4.1072826355721315 2
      vertex -3.8245439384921376 -4.623079456654736 2
      vertex -4 0 2
    endloop
  endfacet
  facet normal -0.6845471059286886 0.7289686274214116 0
    outer loop
      vertex -4.37381176452847 4.1072826355721315 2
      vertex -3.8245439384921376 4.623079456654736 2
      vertex -3.8245439384921376 4.623079456654736 0
    endloop
  endfacet
  facet normal 0 0 1
    outer loop
      vertex -4.37381176452847 4.1072826355721315 2
      vertex -3.6541818305704035 1.6269465723032008 2
      vertex -3.8245439384921376 4.623079456654736 2
    endloop
  endfacet
  facet normal -0.7217910109242188 -0.41672623445574963 -0.5525911527208212
    outer loop
      vertex -4.110954559391704 -1.830314893841101 9.75
      vertex -3.6541818305704035 -1.6269465723032008 9
      vertex -3.23606797749979 -2.3511410091698925 9
    endloop
  endfacet
  facet normal -0.8660254037844388 -0.49999999999999983 0
    outer loop
      vertex -4.110954559391704 -1.830314893841101 9.75
      vertex -3.6405764746872635 -2.6450336353161292 9.75
      vertex -4.110954559391704 -1.830314893841101 10.5
    endloop
  endfacet
  facet normal -0.7217910109242188 -0.4167262344557497 -0.552591152720821
    outer loop
      vertex -4.110954559391704 -1.830314893841101 9.75
      vertex -3.23606797749979 -2.3511410091698925 9
      vertex -3.6405764746872635 -2.6450336353161292 9.75
    endloop
  endfacet
  facet normal -0.8660254037844388 -0.49999999999999983 0
    outer loop
      vertex -4.110954559391704 -1.830314893841101 10.5
      vertex -3.6405764746872635 -2.6450336353161292 9.75
      vertex -3.6405764746872635 -2.6450336353161292 10.5
    endloop
  endfacet
  facet normal -0.7217910109242188 -0.4167262344557497 0.552591152720821
    outer loop
      vertex -4.110954559391704 -1.830314893841101 10.5
      vertex -3.6405764746872635 -2.6450336353161292 10.5
      vertex -2.831559480312316 -2.057248383023656 12
    endloop
  endfacet
  facet normal -0.7217910109242188 -0.4167262344557495 0.5525911527208212
    outer loop
      vertex -4.110954559391704 -1.830314893841101 10.5
      vertex -2.831559480312316 -2.057248383023656 12
      vertex -3.197409101749103 -1.4235782507653008 12
    endloop
  endfacet
  facet normal -0.8660254037844388 0.49999999999999983 0
    outer loop
      vertex -4.110954559391704 1.830314893841101 9.75
      vertex -4.110954559391704 1.830314893841101 10.5
      vertex -3.6405764746872635 2.6450336353161292 10.5
    endloop
  endfacet
  facet normal -0.7217910109242188 0.4167262344557497 -0.552591152720821
    outer loop
      vertex -4.110954559391704 1.830314893841101 9.75
      vertex -3.6405764746872635 2.6450336353161292 9.75
      vertex -3.23606797749979 2.3511410091698925 9
    endloop
  endfacet
  facet normal -0.8660254037844388 0.49999999999999983 0
    outer loop
      vertex -4.110954559391704 1.830314893841101 9.75
      vertex -3.6405764746872635 2.6450336353161292 10.5
      vertex -3.6405764746872635 2.6450336353161292 9.75
    endloop
  endfacet
  facet normal -0.7217910109242188 0.41672623445574963 -0.5525911527208212
    outer loop
      vertex -4.110954559391704 1.830314893841101 9.75
      vertex -3.23606797749979 2.3511410091698925 9
      vertex -3.6541818305704035 1.6269465723032008 9
    endloop
  endfacet
  facet normal -0.7217910109242188 0.4167262344557495 0.5525911527208212
    outer loop
      vertex -4.110954559391704 1.830314893841101 10.5
      vertex -3.197409101749103 1.4235782507653008 12
      vertex -2.831559480312316 2.057248383023656 12
    endloop
  endfacet
  facet normal -0.7217910109242188 0.4167262344557497 0.552591152720821
    outer loop
      vertex -4.110954559391704 1.830314893841101 10.5
      vertex -2.831559480312316 2.057248383023656 12
      vertex -3.6405764746872635 2.6450336353161292 10.5
    endloop
  endfacet
  facet normal -0.9945218953682734 0.10452846326765323 0
    outer loop
      vertex -4 0 2
      vertex -4 0 9
      vertex -3.9125904029352228 0.8316467632710374 9
    endloop
  endfacet
  facet normal -0.9945218953682734 -0.10452846326765323 0
    outer loop
      vertex -4 0 2
      vertex -3.9125904029352228 -0.8316467632710374 2
      vertex -4 0 9
    endloop
  endfacet
  facet normal -0.9945218953682734 0.10452846326765323 0
    outer loop
      vertex -4 0 2
      vertex -3.9125904029352228 0.8316467632710374 9
      vertex -3.9125904029352228 0.8316467632710374 2
    endloop
  endfacet
  facet normal 0 0 1
    outer loop
      vertex -4 0 2
      vertex -3.8245439384921376 -4.623079456654736 2
      vertex -3.9125904029352228 -0.8316467632710374 2
    endloop
  endfacet
  facet normal -0.9945218953682734 -0.10452846326765323 0
    outer loop
      vertex -4 0 9
      vertex -3.9125904029352228 -0.8316467632710374 2
      vertex -3.9125904029352228 -0.8316467632710374 9
    endloop
  endfacet
  facet normal 0 0 1
    outer loop
      vertex -3.9125904029352228 -0.8316467632710374 2
      vertex -3.8245439384921376 -4.623079456654736 2
      vertex -3.6541818305704035 -1.6269465723032008 2
    endloop
  endfacet
  facet normal -0.9510565162951534 -0.3090169943749478 0
    outer loop
      vertex -3.9125904029352228 -0.8316467632710374 2
      vertex -3.6541818305704035 -1.6269465723032008 2
      vertex -3.9125904029352228 -0.8316467632710374 9
    endloop
  endfacet
  facet normal -0.9510565162951534 -0.3090169943749478 0
    outer loop
      vertex -3.9125904029352228 -0.8316467632710374 9
      vertex -3.6541818305704035 -1.6269465723032008 2
      vertex -3.6541818305704035 -1.6269465723032008 9
    endloop
  endfacet
  facet normal -0.9510565162951534 0.3090169943749478 0
    outer loop
      vertex -3.9125904029352228 0.8316467632710374 2
      vertex -3.9125904029352228 0.8316467632710374 9
      vertex -3.6541818305704035 1.6269465723032008 9
    endloop
  endfacet
  facet normal -0.9510565162951534 0.3090169943749478 0
    outer loop
      vertex -3.9125904029352228 0.8316467632710374 2
      vertex -3.6541818305704035 1.6269465723032008 9
      vertex -3.6541818305704035 1.6269465723032008 2
    endloop
  endfacet
  facet normal 0 0 -1
    outer loop
      vertex -3.8245439384921376 -4.623079456654736 0
      vertex -3.8245439384921376 4.623079456654736 0
      vertex -3.2149607698739806 5.06596755301209 0
    endloop
  endfacet
  facet normal -0.5877852522924732 -0.8090169943749473 0
    outer loop
      vertex -3.8245439384921376 -4.623079456654736 0
      vertex -3.2149607698739806 -5.06596755301209 0
      vertex -3.2149607698739806 -5.06596755301209 2
    endloop
  endfacet
  facet normal -0.5877852522924732 -0.8090169943749473 0
    outer loop
      vertex -3.8245439384921376 -4.623079456654736 0
      vertex -3.2149607698739806 -5.06596755301209 2
      vertex -3.8245439384921376 -4.623079456654736 2
    endloop
  endfacet
  facet normal 0 0 -1
    outer loop
      vertex -3.8245439384921376 -4.623079456654736 0
      vertex -3.2149607698739806 5.06596755301209 0
      vertex -3.2149607698739806 -5.06596755301209 0
    endloop
  endfacet
  facet normal 0 0 1
    outer loop
      vertex -3.8245439384921376 -4.623079456654736 2
      vertex -3.2149607698739806 -5.06596755301209 2
      vertex -3.6541818305704035 -1.6269465723032008 2
    endloop
  endfacet
  facet normal -0.5877852522924732 0.8090169943749473 0
    outer loop
      vertex -3.8245439384921376 4.623079456654736 0
      vertex -3.8245439384921376 4.623079456654736 2
      vertex -3.2149607698739806 5.06596755301209 0
    endloop
  endfacet
  facet normal 0 0 1
    outer loop
      vertex -3.8245439384921376 4.623079456654736 2
      vertex -3.6541818305704035 1.6269465723032008 2
      vertex -3.23606797749979 2.3511410091698925 2
    endloop
  endfacet
  facet normal 0 0 1
    outer loop
      vertex -3.8245439384921376 4.623079456654736 2
      vertex -3.23606797749979 2.3511410091698925 2
      vertex -2.676522425435433 2.972579301909577 2
    endloop
  endfacet
  facet normal -0.5877852522924732 0.8090169943749473 0
    outer loop
      vertex -3.8245439384921376 4.623079456654736 2
      vertex -3.2149607698739806 5.06596755301209 2
      vertex -3.2149607698739806 5.06596755301209 0
    endloop
  endfacet
  facet normal 0 0 1
    outer loop
      vertex -3.8245439384921376 4.623079456654736 2
      vertex -2.676522425435433 2.972579301909577 2
      vertex -3.2149607698739806 5.06596755301209 2
    endloop
  endfacet
  facet normal -0.8660254037844387 -0.4999999999999998 0
    outer loop
      vertex -3.6541818305704035 -1.6269465723032008 2
      vertex -3.23606797749979 -2.3511410091698925 2
      vertex -3.6541818305704035 -1.6269465723032008 9
    endloop
  endfacet
  facet normal 0 0 1
    outer loop
      vertex -3.6541818305704035 -1.6269465723032008 2
      vertex -3.2149607698739806 -5.06596755301209 2
      vertex -3.23606797749979 -2.3511410091698925 2
    endloop
  endfacet
  facet normal -0.8660254037844387 -0.4999999999999998 0
    outer loop
      vertex -3.6541818305704035 -1.6269465723032008 9
      vertex -3.23606797749979 -2.3511410091698925 2
      vertex -3.23606797749979 -2.3511410091698925 9
    endloop
  endfacet
  facet normal -0.8660254037844387 0.4999999999999998 0
    outer loop
      vertex -3.6541818305704035 1.6269465723032008 2
      vertex -3.6541818305704035 1.6269465723032008 9
      vertex -3.23606797749979 2.3511410091698925 9
    endloop
  endfacet
  facet normal -0.8660254037844387 0.4999999999999998 0
    outer loop
      vertex -3.6541818305704035 1.6269465723032008 2
      vertex -3.23606797749979 2.3511410091698925 9
      vertex -3.23606797749979 2.3511410091698925 2
    endloop
  endfacet
  facet normal -0.6193758895529397 -0.5576885558940391 -0.5525911527208212
    outer loop
      vertex -3.6405764746872635 -2.6450336353161292 9.75
      vertex -3.23606797749979 -2.3511410091698925 9
      vertex -2.676522425435433 -2.972579301909577 9
    endloop
  endfacet
  facet normal -0.7431448254773941 -0.6691306063588583 0
    outer loop
      vertex -3.6405764746872635 -2.6450336353161292 9.75
      vertex -3.011087728614862 -3.344151714648274 9.75
      vertex -3.6405764746872635 -2.6450336353161292 10.5
    endloop
  endfacet
  facet normal -0.6193758895529397 -0.5576885558940393 -0.5525911527208209
    outer loop
      vertex -3.6405764746872635 -2.6450336353161292 9.75
      vertex -2.676522425435433 -2.972579301909577 9
      vertex -3.011087728614862 -3.344151714648274 9.75
    endloop
  endfacet
  facet normal -0.7431448254773941 -0.6691306063588583 0
    outer loop
      vertex -3.6405764746872635 -2.6450336353161292 10.5
      vertex -3.011087728614862 -3.344151714648274 9.75
      vertex -3.011087728614862 -3.344151714648274 10.5
    endloop
  endfacet
  facet normal -0.6193758895529397 -0.5576885558940393 0.5525911527208209
    outer loop
      vertex -3.6405764746872635 -2.6450336353161292 10.5
      vertex -3.011087728614862 -3.344151714648274 10.5
      vertex -2.341957122256004 -2.60100688917088 12
    endloop
  endfacet
  facet normal -0.6193758895529399 -0.5576885558940391 0.5525911527208212
    outer loop
      vertex -3.6405764746872635 -2.6450336353161292 10.5
      vertex -2.341957122256004 -2.60100688917088 12
      vertex -2.831559480312316 -2.057248383023656 12
    endloop
  endfacet
  facet normal -0.7431448254773941 0.6691306063588583 0
    outer loop
      vertex -3.6405764746872635 2.6450336353161292 9.75
      vertex -3.6405764746872635 2.6450336353161292 10.5
      vertex -3.011087728614862 3.344151714648274 10.5
    endloop
  endfacet
  facet normal -0.6193758895529397 0.5576885558940393 -0.5525911527208209
    outer loop
      vertex -3.6405764746872635 2.6450336353161292 9.75
      vertex -3.011087728614862 3.344151714648274 9.75
      vertex -2.676522425435433 2.972579301909577 9
    endloop
  endfacet
  facet normal -0.7431448254773941 0.6691306063588583 0
    outer loop
      vertex -3.6405764746872635 2.6450336353161292 9.75
      vertex -3.011087728614862 3.344151714648274 10.5
      vertex -3.011087728614862 3.344151714648274 9.75
    endloop
  endfacet
  facet normal -0.6193758895529397 0.5576885558940391 -0.5525911527208212
    outer loop
      vertex -3.6405764746872635 2.6450336353161292 9.75
      vertex -2.676522425435433 2.972579301909577 9
      vertex -3.23606797749979 2.3511410091698925 9
    endloop
  endfacet
  facet normal -0.6193758895529399 0.5576885558940391 0.5525911527208212
    outer loop
      vertex -3.6405764746872635 2.6450336353161292 10.5
      vertex -2.831559480312316 2.057248383023656 12
      vertex -2.341957122256004 2.60100688917088 12
    endloop
  endfacet
  facet normal -0.6193758895529397 0.5576885558940393 0.5525911527208209
    outer loop
      vertex -3.6405764746872635 2.6450336353161292 10.5
      vertex -2.341957122256004 2.60100688917088 12
      vertex -3.011087728614862 3.344151714648274 10.5
    endloop
  endfacet
  facet normal 0 0 1
    outer loop
      vertex -3.5 0 12
      vertex -3.42351660256832 -0.7276909178621577 12
      vertex -3.42351660256832 0.7276909178621577 12
    endloop
  endfacet
  facet normal 0 0 1
    outer loop
      vertex -3.42351660256832 -0.7276909178621577 12
      vertex -3.197409101749103 -1.4235782507653008 12
      vertex -3.42351660256832 0.7276909178621577 12
    endloop
  endfacet
  facet normal 0 0 1
    outer loop
      vertex -3.42351660256832 0.7276909178621577 12
      vertex -3.197409101749103 -1.4235782507653008 12
      vertex -3.197409101749103 1.4235782507653008 12
    endloop
  endfacet
  facet normal 0 0 1
    outer loop
      vertex -3.23606797749979 -2.3511410091698925 2
      vertex -3.2149607698739806 -5.06596755301209 2
      vertex -2.5546757493904346 -5.4289623147961175 2
    endloop
  endfacet
  facet normal -0.7431448254773941 -0.6691306063588582 0
    outer loop
      vertex -3.23606797749979 -2.3511410091698925 2
      vertex -2.676522425435433 -2.972579301909577 2
      vertex -3.23606797749979 -2.3511410091698925 9
    endloop
  endfacet
  facet normal 0 0 1
    outer loop
      vertex -3.23606797749979 -2.3511410091698925 2
      vertex -2.5546757493904346 -5.4289623147961175 2
      vertex -2.676522425435433 -2.972579301909577 2
    endloop
  endfacet
  facet normal -0.7431448254773941 -0.6691306063588582 0
    outer loop
      vertex -3.23606797749979 -2.3511410091698925 9
      vertex -2.676522425435433 -2.972579301909577 2
      vertex -2.676522425435433 -2.972579301909577 9
    endloop
  endfacet
  facet normal -0.7431448254773941 0.6691306063588582 0
    outer loop
      vertex -3.23606797749979 2.3511410091698925 2
      vertex -3.23606797749979 2.3511410091698925 9
      vertex -2.676522425435433 2.972579301909577 9
    endloop
  endfacet
  facet normal -0.7431448254773941 0.6691306063588582 0
    outer loop
      vertex -3.23606797749979 2.3511410091698925 2
      vertex -2.676522425435433 2.972579301909577 9
      vertex -2.676522425435433 2.972579301909577 2
    endloop
  endfacet
  facet normal 0 0 -1
    outer loop
      vertex -3.2149607698739806 -5.06596755301209 0
      vertex -3.2149607698739806 5.06596755301209 0
      vertex -2.5546757493904364 5.428962314796117 0
    endloop
  endfacet
  facet normal 0 0 -1
    outer loop
      vertex -3.2149607698739806 -5.06596755301209 0
      vertex -2.5546757493904364 5.428962314796117 0
      vertex -2.5546757493904346 -5.4289623147961175 0
    endloop
  endfacet
  facet normal -0.4817536741017148 -0.8763066800438638 0
    outer loop
      vertex -3.2149607698739806 -5.06596755301209 0
      vertex -2.5546757493904346 -5.4289623147961175 0
      vertex -2.5546757493904346 -5.4289623147961175 2
    endloop
  endfacet
  facet normal -0.4817536741017148 -0.8763066800438638 0
    outer loop
      vertex -3.2149607698739806 -5.06596755301209 0
      vertex -2.5546757493904346 -5.4289623147961175 2
      vertex -3.2149607698739806 -5.06596755301209 2
    endloop
  endfacet
  facet normal -0.48175367410171493 0.8763066800438638 0
    outer loop
      vertex -3.2149607698739806 5.06596755301209 0
      vertex -3.2149607698739806 5.06596755301209 2
      vertex -2.5546757493904364 5.428962314796117 0
    endloop
  endfacet
  facet normal 0 0 1
    outer loop
      vertex -3.2149607698739806 5.06596755301209 2
      vertex -2.676522425435433 2.972579301909577 2
      vertex -2 3.4641016151377544 2
    endloop
  endfacet
  facet normal -0.48175367410171493 0.8763066800438638 0
    outer loop
      vertex -3.2149607698739806 5.06596755301209 2
      vertex -2.5546757493904364 5.428962314796117 2
      vertex -2.5546757493904364 5.428962314796117 0
    endloop
  endfacet
  facet normal 0 0 1
    outer loop
      vertex -3.2149607698739806 5.06596755301209 2
      vertex -2 3.4641016151377544 2
      vertex -2.5546757493904364 5.428962314796117 2
    endloop
  endfacet
  facet normal 0 0 1
    outer loop
      vertex -3.197409101749103 -1.4235782507653008 12
      vertex -2.831559480312316 -2.057248383023656 12
      vertex -3.197409101749103 1.4235782507653008 12
    endloop
  endfacet
  facet normal 0 0 1
    outer loop
      vertex -3.197409101749103 1.4235782507653008 12
      vertex -2.831559480312316 -2.057248383023656 12
      vertex -2.831559480312316 2.057248383023656 12
    endloop
  endfacet
  facet normal -0.5877852522924725 -0.8090169943749478 0
    outer loop
      vertex -3.011087728614862 -3.344151714648274 9.75
      vertex -2.7965809663203136 -3.5 9.75
      vertex -2.7965809663203136 -3.5 10.5
    endloop
  endfacet
  facet normal -0.5877852522924725 -0.8090169943749478 0
    outer loop
      vertex -3.011087728614862 -3.344151714648274 9.75
      vertex -2.7965809663203136 -3.5 10.5
      vertex -3.011087728614862 -3.344151714648274 10.5
    endloop
  endfacet
  facet normal -0.4898910697129299 -0.6742772113531611 -0.5525911527208208
    outer loop
      vertex -3.011087728614862 -3.344151714648274 9.75
      vertex -2.676522425435433 -2.972579301909577 9
      vertex -2.7965809663203136 -3.5 9.75
    endloop
  endfacet
  facet normal -0.48989106971293006 -0.6742772113531613 0.5525911527208208
    outer loop
      vertex -3.011087728614862 -3.344151714648274 10.5
      vertex -2.7965809663203136 -3.5 10.5
      vertex -2.0207259421636903 -3.5 11.187822173508929
    endloop
  endfacet
  facet normal -0.48989106971293006 -0.6742772113531611 0.5525911527208209
    outer loop
      vertex -3.011087728614862 -3.344151714648274 10.5
      vertex -2.0207259421636903 -3.5 11.187822173508929
      vertex -2.341957122256004 -2.60100688917088 12
    endloop
  endfacet
  facet normal -0.5877852522924725 0.8090169943749478 0
    outer loop
      vertex -3.011087728614862 3.344151714648274 9.75
      vertex -3.011087728614862 3.344151714648274 10.5
      vertex -2.7965809663203136 3.5 9.75
    endloop
  endfacet
  facet normal -0.48989106971293006 0.6742772113531613 -0.5525911527208208
    outer loop
      vertex -3.011087728614862 3.344151714648274 9.75
      vertex -2.7965809663203136 3.5 9.75
      vertex -2.0207259421636903 3.5 9.062177826491071
    endloop
  endfacet
  facet normal -0.48989106971293006 0.6742772113531611 -0.5525911527208209
    outer loop
      vertex -3.011087728614862 3.344151714648274 9.75
      vertex -2.0207259421636903 3.5 9.062177826491071
      vertex -2.676522425435433 2.972579301909577 9
    endloop
  endfacet
  facet normal -0.5877852522924725 0.8090169943749478 0
    outer loop
      vertex -3.011087728614862 3.344151714648274 10.5
      vertex -2.7965809663203136 3.5 10.5
      vertex -2.7965809663203136 3.5 9.75
    endloop
  endfacet
  facet normal -0.4898910697129299 0.6742772113531611 0.5525911527208208
    outer loop
      vertex -3.011087728614862 3.344151714648274 10.5
      vertex -2.341957122256004 2.60100688917088 12
      vertex -2.7965809663203136 3.5 10.5
    endloop
  endfacet
  facet normal 0 0 1
    outer loop
      vertex -2.831559480312316 -2.057248383023656 12
      vertex -2.341957122256004 -2.60100688917088 12
      vertex -2.831559480312316 2.057248383023656 12
    endloop
  endfacet
  facet normal 0 0 1
    outer loop
      vertex -2.831559480312316 2.057248383023656 12
      vertex -2.341957122256004 -2.60100688917088 12
      vertex -2.341957122256004 2.60100688917088 12
    endloop
  endfacet
  facet normal -0.4898910697129303 -0.674277211353161 -0.5525911527208208
    outer loop
      vertex -2.7965809663203136 -3.5 9.75
      vertex -2.676522425435433 -2.972579301909577 9
      vertex -2 -3.4641016151377544 9
    endloop
  endfacet
  facet normal 0 -1 0
    outer loop
      vertex -2.7965809663203136 -3.5 9.75
      vertex -2.0207259421636903 -3.5 9.062177826491071
      vertex -2.0207259421636903 -3.5 11.187822173508929
    endloop
  endfacet
  facet normal 0 -1 0
    outer loop
      vertex -2.7965809663203136 -3.5 9.75
      vertex -2.0207259421636903 -3.5 11.187822173508929
      vertex -2.7965809663203136 -3.5 10.5
    endloop
  endfacet
  facet normal -0.4898910697129279 -0.6742772113531645 -0.5525911527208185
    outer loop
      vertex -2.7965809663203136 -3.5 9.75
      vertex -2 -3.4641016151377544 9
      vertex -2.0207259421636903 -3.5 9.062177826491071
    endloop
  endfacet
  facet normal 0 1 0
    outer loop
      vertex -2.7965809663203136 3.5 9.75
      vertex -2.7965809663203136 3.5 10.5
      vertex -2.0207259421636903 3.5 11.187822173508929
    endloop
  endfacet
  facet normal 0 1 0
    outer loop
      vertex -2.7965809663203136 3.5 9.75
      vertex -2.0207259421636903 3.5 11.187822173508929
      vertex -2.0207259421636903 3.5 9.062177826491071
    endloop
  endfacet
  facet normal -0.48989106971293006 0.674277211353161 0.5525911527208209
    outer loop
      vertex -2.7965809663203136 3.5 10.5
      vertex -2.341957122256004 2.60100688917088 12
      vertex -2.0207259421636903 3.5 11.187822173508929
    endloop
  endfacet
  facet normal 0 0 1
    outer loop
      vertex -2.676522425435433 -2.972579301909577 2
      vertex -2.5546757493904346 -5.4289623147961175 2
      vertex -2 -3.4641016151377544 2
    endloop
  endfacet
  facet normal -0.5877852522924729 -0.8090169943749476 0
    outer loop
      vertex -2.676522425435433 -2.972579301909577 2
      vertex -2 -3.4641016151377544 2
      vertex -2 -3.4641016151377544 9
    endloop
  endfacet
  facet normal -0.5877852522924729 -0.8090169943749476 0
    outer loop
      vertex -2.676522425435433 -2.972579301909577 2
      vertex -2 -3.4641016151377544 9
      vertex -2.676522425435433 -2.972579301909577 9
    endloop
  endfacet
  facet normal -0.5877852522924729 0.8090169943749476 0
    outer loop
      vertex -2.676522425435433 2.972579301909577 2
      vertex -2.676522425435433 2.972579301909577 9
      vertex -2 3.4641016151377544 2
    endloop
  endfacet
  facet normal -0.4898910697129312 0.6742772113531622 -0.5525911527208183
    outer loop
      vertex -2.676522425435433 2.972579301909577 9
      vertex -2.0207259421636903 3.5 9.062177826491071
      vertex -2 3.4641016151377544 9
    endloop
  endfacet
  facet normal -0.5877852522924729 0.8090169943749476 0
    outer loop
      vertex -2.676522425435433 2.972579301909577 9
      vertex -2 3.4641016151377544 9
      vertex -2 3.4641016151377544 2
    endloop
  endfacet
  facet normal -0.36812455268467775 0.9297764858882515 0
    outer loop
      vertex -2.5546757493904364 5.428962314796117 0
      vertex -2.5546757493904364 5.428962314796117 2
      vertex -1.8541019662496843 5.706339097770921 0
    endloop
  endfacet
  facet normal 0 0 -1
    outer loop
      vertex -2.5546757493904364 5.428962314796117 0
      vertex -1.8541019662496843 5.706339097770921 0
      vertex -2.5546757493904346 -5.4289623147961175 0
    endloop
  endfacet
  facet normal 0 0 1
    outer loop
      vertex -2.5546757493904364 5.428962314796117 2
      vertex -2 3.4641016151377544 2
      vertex -1.91937090747563 3.5 2
    endloop
  endfacet
  facet normal 0 0 1
    outer loop
      vertex -2.5546757493904364 5.428962314796117 2
      vertex -1.91937090747563 3.5 2
      vertex 1.91937090747563 3.5 2
    endloop
  endfacet
  facet normal -0.36812455268467775 0.9297764858882515 0
    outer loop
      vertex -2.5546757493904364 5.428962314796117 2
      vertex -1.8541019662496843 5.706339097770921 2
      vertex -1.8541019662496843 5.706339097770921 0
    endloop
  endfacet
  facet normal 0 0 1
    outer loop
      vertex -2.5546757493904364 5.428962314796117 2
      vertex 1.91937090747563 3.5 2
      vertex -1.8541019662496843 5.706339097770921 2
    endloop
  endfacet
  facet normal -0.36812455268467753 -0.9297764858882516 0
    outer loop
      vertex -2.5546757493904346 -5.4289623147961175 0
      vertex -1.8541019662496843 -5.706339097770921 0
      vertex -1.8541019662496843 -5.706339097770921 2
    endloop
  endfacet
  facet normal -0.36812455268467753 -0.9297764858882516 0
    outer loop
      vertex -2.5546757493904346 -5.4289623147961175 0
      vertex -1.8541019662496843 -5.706339097770921 2
      vertex -2.5546757493904346 -5.4289623147961175 2
    endloop
  endfacet
  facet normal 0 0 -1
    outer loop
      vertex -2.5546757493904346 -5.4289623147961175 0
      vertex -1.8541019662496843 5.706339097770921 0
      vertex -1.8541019662496843 -5.706339097770921 0
    endloop
  endfacet
  facet normal 0 0 1
    outer loop
      vertex -2.5546757493904346 -5.4289623147961175 2
      vertex -1.8541019662496843 -5.706339097770921 2
      vertex -2 -3.4641016151377544 2
    endloop
  endfacet
  facet normal -0.48989106971293034 -0.6742772113531611 0.5525911527208208
    outer loop
      vertex -2.341957122256004 -2.60100688917088 12
      vertex -2.0207259421636903 -3.5 11.187822173508929
      vertex -1.75 -3.031088913245535 12
    endloop
  endfacet
  facet normal 0 0 1
    outer loop
      vertex -2.341957122256004 -2.60100688917088 12
      vertex -1.75 -3.031088913245535 12
      vertex -2.341957122256004 2.60100688917088 12
    endloop
  endfacet
  facet normal 0 0 1
    outer loop
      vertex -2.341957122256004 2.60100688917088 12
      vertex -1.75 -3.031088913245535 12
      vertex -1.75 3.031088913245535 12
    endloop
  endfacet
  facet normal -0.48989106971293034 0.6742772113531611 0.5525911527208208
    outer loop
      vertex -2.341957122256004 2.60100688917088 12
      vertex -1.75 3.031088913245535 12
      vertex -2.0207259421636903 3.5 11.187822173508929
    endloop
  endfacet
  facet normal -0.33899565936830206 -0.7613967171351129 -0.5525911527208185
    outer loop
      vertex -2.0207259421636903 -3.5 9.062177826491071
      vertex -2 -3.4641016151377544 9
      vertex -1.91937090747563 -3.5 9
    endloop
  endfacet
  facet normal 0 -1 0
    outer loop
      vertex -2.0207259421636903 -3.5 9.062177826491071
      vertex -1.91937090747563 -3.5 9
      vertex -1.1372189368151722 -3.5 11.729823322749096
    endloop
  endfacet
  facet normal 0 -1 0
    outer loop
      vertex -2.0207259421636903 -3.5 9.062177826491071
      vertex -1.1372189368151722 -3.5 11.729823322749096
      vertex -2.0207259421636903 -3.5 11.187822173508929
    endloop
  endfacet
  facet normal -0.3389956593683009 -0.7613967171351118 0.5525911527208208
    outer loop
      vertex -2.0207259421636903 -3.5 11.187822173508929
      vertex -1.1372189368151722 -3.5 11.729823322749096
      vertex -1.75 -3.031088913245535 12
    endloop
  endfacet
  facet normal 0 1 0
    outer loop
      vertex -2.0207259421636903 3.5 9.062177826491071
      vertex -2.0207259421636903 3.5 11.187822173508929
      vertex -1.91937090747563 3.5 9
    endloop
  endfacet
  facet normal -0.33899565936830206 0.7613967171351129 -0.5525911527208185
    outer loop
      vertex -2.0207259421636903 3.5 9.062177826491071
      vertex -1.91937090747563 3.5 9
      vertex -2 3.4641016151377544 9
    endloop
  endfacet
  facet normal -0.338995659368301 0.7613967171351118 0.5525911527208206
    outer loop
      vertex -2.0207259421636903 3.5 11.187822173508929
      vertex -1.75 3.031088913245535 12
      vertex -1.0815594803123159 3.3286978070330373 12
    endloop
  endfacet
  facet normal 0 1 0
    outer loop
      vertex -2.0207259421636903 3.5 11.187822173508929
      vertex -1.1372189368151722 3.5 11.729823322749096
      vertex -1.91937090747563 3.5 9
    endloop
  endfacet
  facet normal -0.3389956593683009 0.7613967171351119 0.5525911527208207
    outer loop
      vertex -2.0207259421636903 3.5 11.187822173508929
      vertex -1.0815594803123159 3.3286978070330373 12
      vertex -1.1372189368151722 3.5 11.729823322749096
    endloop
  endfacet
  facet normal -0.4067366430758005 -0.9135454576426006 0
    outer loop
      vertex -2 -3.4641016151377544 2
      vertex -1.91937090747563 -3.5 2
      vertex -1.91937090747563 -3.5 9
    endloop
  endfacet
  facet normal -0.4067366430758005 -0.9135454576426006 0
    outer loop
      vertex -2 -3.4641016151377544 2
      vertex -1.91937090747563 -3.5 9
      vertex -2 -3.4641016151377544 9
    endloop
  endfacet
  facet normal 0 0 1
    outer loop
      vertex -2 -3.4641016151377544 2
      vertex -1.8541019662496843 -5.706339097770921 2
      vertex -1.91937090747563 -3.5 2
    endloop
  endfacet
  facet normal -0.4067366430758005 0.9135454576426006 0
    outer loop
      vertex -2 3.4641016151377544 2
      vertex -2 3.4641016151377544 9
      vertex -1.91937090747563 3.5 2
    endloop
  endfacet
  facet normal -0.4067366430758005 0.9135454576426006 0
    outer loop
      vertex -2 3.4641016151377544 9
      vertex -1.91937090747563 3.5 9
      vertex -1.91937090747563 3.5 2
    endloop
  endfacet
  facet normal 0 0 1
    outer loop
      vertex -1.91937090747563 -3.5 2
      vertex -1.8541019662496843 -5.706339097770921 2
      vertex -1.124287887514349 -5.893723504372131 2
    endloop
  endfacet
  facet normal 0 0 1
    outer loop
      vertex -1.91937090747563 -3.5 2
      vertex -1.124287887514349 -5.893723504372131 2
      vertex -0.3767431171758826 -5.988160370569629 2
    endloop
  endfacet
  facet normal 0 -1 0
    outer loop
      vertex -1.91937090747563 -3.5 2
      vertex -1 -3.5 4.5
      vertex -1.91937090747563 -3.5 9
    endloop
  endfacet
  facet normal 0 0 1
    outer loop
      vertex -1.91937090747563 -3.5 2
      vertex -0.3767431171758826 -5.988160370569629 2
      vertex 0.3767431171758826 -5.988160370569629 2
    endloop
  endfacet
  facet normal 0 0 1
    outer loop
      vertex -1.91937090747563 -3.5 2
      vertex 0.3767431171758826 -5.988160370569629 2
      vertex 1.124287887514349 -5.893723504372131 2
    endloop
  endfacet
  facet normal 0 -1 0
    outer loop
      vertex -1.91937090747563 -3.5 2
      vertex 1 -3.5 4.5
      vertex -1 -3.5 4.5
    endloop
  endfacet
  facet normal 0 0 1
    outer loop
      vertex -1.91937090747563 -3.5 2
      vertex 1.124287887514349 -5.893723504372131 2
      vertex 1.8541019662496843 -5.706339097770921 2
    endloop
  endfacet
  facet normal 0 0 1
    outer loop
      vertex -1.91937090747563 -3.5 2
      vertex 1.8541019662496843 -5.706339097770921 2
      vertex 2.5546757493904346 -5.4289623147961175 2
    endloop
  endfacet
  facet normal 0 -1 0
    outer loop
      vertex -1.91937090747563 -3.5 2
      vertex 1.91937090747563 -3.5 2
      vertex 1 -3.5 4.5
    endloop
  endfacet
  facet normal 0 0 1
    outer loop
      vertex -1.91937090747563 -3.5 2
      vertex 2.5546757493904346 -5.4289623147961175 2
      vertex 1.91937090747563 -3.5 2
    endloop
  endfacet
  facet normal 0 -1 0
    outer loop
      vertex -1.91937090747563 -3.5 9
      vertex -1 -3.5 4.5
      vertex -1 -3.5 11.77285317653863
    endloop
  endfacet
  facet normal 0 -1 0
    outer loop
      vertex -1.91937090747563 -3.5 9
      vertex -1 -3.5 11.77285317653863
      vertex -1.1372189368151722 -3.5 11.729823322749096
    endloop
  endfacet
  facet normal 0 1 0
    outer loop
      vertex -1.91937090747563 3.5 2
      vertex -1.91937090747563 3.5 9
      vertex -1 3.5 11.77285317653863
    endloop
  endfacet
  facet normal 0 1 0
    outer loop
      vertex -1.91937090747563 3.5 2
      vertex -1 3.5 4.5
      vertex 1.91937090747563 3.5 2
    endloop
  endfacet
  facet normal 0 1 0
    outer loop
      vertex -1.91937090747563 3.5 2
      vertex -1 3.5 11.77285317653863
      vertex -1 3.5 4.5
    endloop
  endfacet
  facet normal 0 1 0
    outer loop
      vertex -1.91937090747563 3.5 9
      vertex -1.1372189368151722 3.5 11.729823322749096
      vertex -1 3.5 11.77285317653863
    endloop
  endfacet
  facet normal 0 0 -1
    outer loop
      vertex -1.8541019662496843 -5.706339097770921 0
      vertex -1.8541019662496843 5.706339097770921 0
      vertex -1.1242878875143474 5.893723504372132 0
    endloop
  endfacet
  facet normal -0.24868988716485477 -0.9685831611286312 0
    outer loop
      vertex -1.8541019662496843 -5.706339097770921 0
      vertex -1.124287887514349 -5.893723504372131 0
      vertex -1.124287887514349 -5.893723504372131 2
    endloop
  endfacet
  facet normal -0.24868988716485477 -0.9685831611286312 0
    outer loop
      vertex -1.8541019662496843 -5.706339097770921 0
      vertex -1.124287887514349 -5.893723504372131 2
      vertex -1.8541019662496843 -5.706339097770921 2
    endloop
  endfacet
  facet normal 0 0 -1
    outer loop
      vertex -1.8541019662496843 -5.706339097770921 0
      vertex -1.1242878875143474 5.893723504372132 0
      vertex -1.124287887514349 -5.893723504372131 0
    endloop
  endfacet
  facet normal -0.24868988716485535 0.968583161128631 0
    outer loop
      vertex -1.8541019662496843 5.706339097770921 0
      vertex -1.8541019662496843 5.706339097770921 2
      vertex -1.1242878875143474 5.893723504372132 0
    endloop
  endfacet
  facet normal -0.24868988716485535 0.968583161128631 0
    outer loop
      vertex -1.8541019662496843 5.706339097770921 2
      vertex -1.1242878875143474 5.893723504372132 2
      vertex -1.1242878875143474 5.893723504372132 0
    endloop
  endfacet
  facet normal 0 0 1
    outer loop
      vertex -1.8541019662496843 5.706339097770921 2
      vertex 1.91937090747563 3.5 2
      vertex -1.1242878875143474 5.893723504372132 2
    endloop
  endfacet
  facet normal 0 0 1
    outer loop
      vertex -1.75 -3.031088913245535 12
      vertex -1.6 0 12
      vertex -1.75 3.031088913245535 12
    endloop
  endfacet
  facet normal 0 0 1
    outer loop
      vertex -1.75 -3.031088913245535 12
      vertex -1.5216904260722457 -0.49442719099991583 12
      vertex -1.6 0 12
    endloop
  endfacet
  facet normal -0.338995659368301 -0.7613967171351119 0.5525911527208207
    outer loop
      vertex -1.75 -3.031088913245535 12
      vertex -1.1372189368151722 -3.5 11.729823322749096
      vertex -1.0815594803123159 -3.3286978070330373 12
    endloop
  endfacet
  facet normal 0 0 1
    outer loop
      vertex -1.75 -3.031088913245535 12
      vertex -1.0815594803123159 -3.3286978070330373 12
      vertex -1.5216904260722457 -0.49442719099991583 12
    endloop
  endfacet
  facet normal 0 0 1
    outer loop
      vertex -1.75 3.031088913245535 12
      vertex -1.6 0 12
      vertex -1.5216904260722457 0.49442719099991583 12
    endloop
  endfacet
  facet normal 0 0 1
    outer loop
      vertex -1.75 3.031088913245535 12
      vertex -1.5216904260722457 0.49442719099991583 12
      vertex -1.294427190999916 0.940456403667957 12
    endloop
  endfacet
  facet normal 0 0 1
    outer loop
      vertex -1.75 3.031088913245535 12
      vertex -1.294427190999916 0.940456403667957 12
      vertex -1 1.2348835946678731 12
    endloop
  endfacet
  facet normal 0 0 1
    outer loop
      vertex -1.75 3.031088913245535 12
      vertex -1 1.2348835946678731 12
      vertex -1.0815594803123159 3.3286978070330373 12
    endloop
  endfacet
  facet normal 0.9876883405951377 0.1564344650402311 0
    outer loop
      vertex -1.6 0 4.5
      vertex -1.6 0 12
      vertex -1.5216904260722457 -0.49442719099991583 4.5
    endloop
  endfacet
  facet normal 0 0 1
    outer loop
      vertex -1.6 0 4.5
      vertex -1.5216904260722457 -0.49442719099991583 4.5
      vertex -1.5216904260722457 0.49442719099991583 4.5
    endloop
  endfacet
  facet normal 0.9876883405951377 -0.1564344650402311 0
    outer loop
      vertex -1.6 0 4.5
      vertex -1.5216904260722457 0.49442719099991583 4.5
      vertex -1.5216904260722457 0.49442719099991583 12
    endloop
  endfacet
  facet normal 0.9876883405951377 -0.1564344650402311 0
    outer loop
      vertex -1.6 0 4.5
      vertex -1.5216904260722457 0.49442719099991583 12
      vertex -1.6 0 12
    endloop
  endfacet
  facet normal 0.9876883405951377 0.1564344650402311 0
    outer loop
      vertex -1.6 0 12
      vertex -1.5216904260722457 -0.49442719099991583 12
      vertex -1.5216904260722457 -0.49442719099991583 4.5
    endloop
  endfacet
  facet normal 0.8910065241883681 0.45399049973954636 0
    outer loop
      vertex -1.5216904260722457 -0.49442719099991583 4.5
      vertex -1.5216904260722457 -0.49442719099991583 12
      vertex -1.294427190999916 -0.940456403667957 4.5
    endloop
  endfacet
  facet normal 0 0 1
    outer loop
      vertex -1.5216904260722457 -0.49442719099991583 4.5
      vertex -1.294427190999916 -0.940456403667957 4.5
      vertex -1.294427190999916 0.940456403667957 4.5
    endloop
  endfacet
  facet normal 0 0 1
    outer loop
      vertex -1.5216904260722457 -0.49442719099991583 4.5
      vertex -1.294427190999916 0.940456403667957 4.5
      vertex -1.5216904260722457 0.49442719099991583 4.5
    endloop
  endfacet
  facet normal 0.8910065241883681 0.45399049973954636 0
    outer loop
      vertex -1.5216904260722457 -0.49442719099991583 12
      vertex -1.294427190999916 -0.940456403667957 12
      vertex -1.294427190999916 -0.940456403667957 4.5
    endloop
  endfacet
  facet normal 0 0 1
    outer loop
      vertex -1.5216904260722457 -0.49442719099991583 12
      vertex -1.0815594803123159 -3.3286978070330373 12
      vertex -1.294427190999916 -0.940456403667957 12
    endloop
  endfacet
  facet normal 0.8910065241883681 -0.45399049973954636 0
    outer loop
      vertex -1.5216904260722457 0.49442719099991583 4.5
      vertex -1.294427190999916 0.940456403667957 4.5
      vertex -1.294427190999916 0.940456403667957 12
    endloop
  endfacet
  facet normal 0.8910065241883681 -0.45399049973954636 0
    outer loop
      vertex -1.5216904260722457 0.49442719099991583 4.5
      vertex -1.294427190999916 0.940456403667957 12
      vertex -1.5216904260722457 0.49442719099991583 12
    endloop
  endfacet
  facet normal 0.7071067811865475 0.7071067811865475 0
    outer loop
      vertex -1.294427190999916 -0.940456403667957 4.5
      vertex -1.294427190999916 -0.940456403667957 12
      vertex -1 -1.2348835946678731 4.5
    endloop
  endfacet
  facet normal 0 0 1
    outer loop
      vertex -1.294427190999916 -0.940456403667957 4.5
      vertex -1 -1.2348835946678731 4.5
      vertex -1 0.9184837194692805 4.5
    endloop
  endfacet
  facet normal 0 0 1
    outer loop
      vertex -1.294427190999916 -0.940456403667957 4.5
      vertex -1 0.9184837194692805 4.5
      vertex -1.294427190999916 0.940456403667957 4.5
    endloop
  endfacet
  facet normal 0 0 1
    outer loop
      vertex -1.294427190999916 -0.940456403667957 12
      vertex -1.0815594803123159 -3.3286978070330373 12
      vertex -1 -1.2348835946678731 12
    endloop
  endfacet
  facet normal 0.7071067811865475 0.7071067811865475 0
    outer loop
      vertex -1.294427190999916 -0.940456403667957 12
      vertex -1 -1.2348835946678731 12
      vertex -1 -1.2348835946678731 4.5
    endloop
  endfacet
  facet normal 0 0 1
    outer loop
      vertex -1.294427190999916 0.940456403667957 4.5
      vertex -1 0.9184837194692805 4.5
      vertex -1 1.2348835946678731 4.5
    endloop
  endfacet
  facet normal 0.7071067811865475 -0.7071067811865475 0
    outer loop
      vertex -1.294427190999916 0.940456403667957 4.5
      vertex -1 1.2348835946678731 4.5
      vertex -1 1.2348835946678731 12
    endloop
  endfacet
  facet normal 0.7071067811865475 -0.7071067811865475 0
    outer loop
      vertex -1.294427190999916 0.940456403667957 4.5
      vertex -1 1.2348835946678731 12
      vertex -1.294427190999916 0.940456403667957 12
    endloop
  endfacet
  facet normal -0.17328451202762724 -0.8152395327914502 0.5525911527208204
    outer loop
      vertex -1.1372189368151722 -3.5 11.729823322749096
      vertex -1 -3.5 11.77285317653863
      vertex -1 -3.3460338097398172 12
    endloop
  endfacet
  facet normal -0.17328451202762804 -0.81523953279145 0.5525911527208207
    outer loop
      vertex -1.1372189368151722 -3.5 11.729823322749096
      vertex -1 -3.3460338097398172 12
      vertex -1.0815594803123159 -3.3286978070330373 12
    endloop
  endfacet
  facet normal -0.17328451202762732 0.8152395327914501 0.5525911527208206
    outer loop
      vertex -1.1372189368151722 3.5 11.729823322749096
      vertex -1.0815594803123159 3.3286978070330373 12
      vertex -1 3.5 11.77285317653863
    endloop
  endfacet
  facet normal 0 0 -1
    outer loop
      vertex -1.124287887514349 -5.893723504372131 0
      vertex -1.1242878875143474 5.893723504372132 0
      vertex -0.37674311717587966 5.988160370569629 0
    endloop
  endfacet
  facet normal -0.12533323356430498 -0.9921147013144777 0
    outer loop
      vertex -1.124287887514349 -5.893723504372131 0
      vertex -0.3767431171758826 -5.988160370569629 0
      vertex -0.3767431171758826 -5.988160370569629 2
    endloop
  endfacet
  facet normal -0.12533323356430498 -0.9921147013144777 0
    outer loop
      vertex -1.124287887514349 -5.893723504372131 0
      vertex -0.3767431171758826 -5.988160370569629 2
      vertex -1.124287887514349 -5.893723504372131 2
    endloop
  endfacet
  facet normal 0 0 -1
    outer loop
      vertex -1.124287887514349 -5.893723504372131 0
      vertex -0.37674311717587966 5.988160370569629 0
      vertex -0.3767431171758826 -5.988160370569629 0
    endloop
  endfacet
  facet normal -0.1253332335643036 0.9921147013144779 0
    outer loop
      vertex -1.1242878875143474 5.893723504372132 0
      vertex -1.1242878875143474 5.893723504372132 2
      vertex -0.37674311717587966 5.988160370569629 0
    endloop
  endfacet
  facet normal -0.1253332335643036 0.9921147013144779 0
    outer loop
      vertex -1.1242878875143474 5.893723504372132 2
      vertex -0.37674311717587966 5.988160370569629 2
      vertex -0.37674311717587966 5.988160370569629 0
    endloop
  endfacet
  facet normal 0 0 1
    outer loop
      vertex -1.1242878875143474 5.893723504372132 2
      vertex 1.91937090747563 3.5 2
      vertex -0.37674311717587966 5.988160370569629 2
    endloop
  endfacet
  facet normal 0 0 1
    outer loop
      vertex -1.0815594803123159 -3.3286978070330373 12
      vertex -1 -3.3460338097398172 12
      vertex -1 -1.2348835946678731 12
    endloop
  endfacet
  facet normal 0 0 1
    outer loop
      vertex -1.0815594803123159 3.3286978070330373 12
      vertex -1 1.2348835946678731 12
      vertex -1 3.3460338097398172 12
    endloop
  endfacet
  facet normal -0.17328451202762798 0.8152395327914501 0.5525911527208205
    outer loop
      vertex -1.0815594803123159 3.3286978070330373 12
      vertex -1 3.3460338097398172 12
      vertex -1 3.5 11.77285317653863
    endloop
  endfacet
  facet normal 1 0 0
    outer loop
      vertex -1 -3.5 4.5
      vertex -1 -3.3460338097398172 12
      vertex -1 -3.5 11.77285317653863
    endloop
  endfacet
  facet normal 1 0 0
    outer loop
      vertex -1 -3.5 4.5
      vertex -1 -1.2348835946678731 4.5
      vertex -1 -1.2348835946678731 12
    endloop
  endfacet
  facet normal 1 0 0
    outer loop
      vertex -1 -3.5 4.5
      vertex -1 -1.2348835946678731 12
      vertex -1 -3.3460338097398172 12
    endloop
  endfacet
  facet normal 0 0 1
    outer loop
      vertex -1 -3.5 4.5
      vertex 1 -3.5 4.5
      vertex -1 -1.2348835946678731 4.5
    endloop
  endfacet
  facet normal 0 0 1
    outer loop
      vertex -1 -1.2348835946678731 4.5
      vertex 1 -3.5 4.5
      vertex -1 0.9184837194692805 4.5
    endloop
  endfacet
  facet normal 0 0 1
    outer loop
      vertex -1 0.9184837194692805 4.5
      vertex 1 -3.5 4.5
      vertex -1 1.2348835946678731 4.5
    endloop
  endfacet
  facet normal 1 0 0
    outer loop
      vertex -1 1.2348835946678731 4.5
      vertex -1 3.3460338097398172 12
      vertex -1 1.2348835946678731 12
    endloop
  endfacet
  facet normal 1 0 0
    outer loop
      vertex -1 1.2348835946678731 4.5
      vertex -1 3.5 4.5
      vertex -1 3.5 11.77285317653863
    endloop
  endfacet
  facet normal 1 0 0
    outer loop
      vertex -1 1.2348835946678731 4.5
      vertex -1 3.5 11.77285317653863
      vertex -1 3.3460338097398172 12
    endloop
  endfacet
  facet normal 0 0 1
    outer loop
      vertex -1 1.2348835946678731 4.5
      vertex 1 -3.5 4.5
      vertex -1 3.5 4.5
    endloop
  endfacet
  facet normal 0 0 1
    outer loop
      vertex -1 3.5 4.5
      vertex 1 -3.5 4.5
      vertex 1 -1.2348835946678731 4.5
    endloop
  endfacet
  facet normal 0 0 1
    outer loop
      vertex -1 3.5 4.5
      vertex 1 -1.2348835946678731 4.5
      vertex 1 -0.9184837194692805 4.5
    endloop
  endfacet
  facet normal 0 0 1
    outer loop
      vertex -1 3.5 4.5
      vertex 1 -0.9184837194692805 4.5
      vertex 1 1.2348835946678731 4.5
    endloop
  endfacet
  facet normal 0 0 1
    outer loop
      vertex -1 3.5 4.5
      vertex 1 1.2348835946678731 4.5
      vertex 1 3.5 4.5
    endloop
  endfacet
  facet normal 0 1 0
    outer loop
      vertex -1 3.5 4.5
      vertex 1 3.5 4.5
      vertex 1.91937090747563 3.5 2
    endloop
  endfacet
  facet normal 0 0 -1
    outer loop
      vertex -0.3767431171758826 -5.988160370569629 0
      vertex -0.37674311717587966 5.988160370569629 0
      vertex 0.37674311717587966 5.988160370569629 0
    endloop
  endfacet
  facet normal 0 0 -1
    outer loop
      vertex -0.3767431171758826 -5.988160370569629 0
      vertex 0.37674311717587966 5.988160370569629 0
      vertex 0.3767431171758826 -5.988160370569629 0
    endloop
  endfacet
  facet normal 0 -1 0
    outer loop
      vertex -0.3767431171758826 -5.988160370569629 0
      vertex 0.3767431171758826 -5.988160370569629 0
      vertex 0.3767431171758826 -5.988160370569629 2
    endloop
  endfacet
  facet normal 0 -1 0
    outer loop
      vertex -0.3767431171758826 -5.988160370569629 0
      vertex 0.3767431171758826 -5.988160370569629 2
      vertex -0.3767431171758826 -5.988160370569629 2
    endloop
  endfacet
  facet normal 0 1 0
    outer loop
      vertex -0.37674311717587966 5.988160370569629 0
      vertex -0.37674311717587966 5.988160370569629 2
      vertex 0.37674311717587966 5.988160370569629 0
    endloop
  endfacet
  facet normal 0 1 0
    outer loop
      vertex -0.37674311717587966 5.988160370569629 2
      vertex 0.37674311717587966 5.988160370569629 2
      vertex 0.37674311717587966 5.988160370569629 0
    endloop
  endfacet
  facet normal 0 0 1
    outer loop
      vertex -0.37674311717587966 5.988160370569629 2
      vertex 1.91937090747563 3.5 2
      vertex 0.37674311717587966 5.988160370569629 2
    endloop
  endfacet
  facet normal 0.1253332335643036 0.9921147013144779 0
    outer loop
      vertex 0.37674311717587966 5.988160370569629 0
      vertex 0.37674311717587966 5.988160370569629 2
      vertex 1.1242878875143474 5.893723504372132 0
    endloop
  endfacet
  facet normal 0 0 -1
    outer loop
      vertex 0.37674311717587966 5.988160370569629 0
      vertex 1.1242878875143474 5.893723504372132 0
      vertex 0.3767431171758826 -5.988160370569629 0
    endloop
  endfacet
  facet normal 0.1253332335643036 0.9921147013144779 0
    outer loop
      vertex 0.37674311717587966 5.988160370569629 2
      vertex 1.1242878875143474 5.893723504372132 2
      vertex 1.1242878875143474 5.893723504372132 0
    endloop
  endfacet
  facet normal 0 0 1
    outer loop
      vertex 0.37674311717587966 5.988160370569629 2
      vertex 1.91937090747563 3.5 2
      vertex 1.1242878875143474 5.893723504372132 2
    endloop
  endfacet
  facet normal 0 0 -1
    outer loop
      vertex 0.3767431171758826 -5.988160370569629 0
      vertex 1.1242878875143474 5.893723504372132 0
      vertex 1.124287887514349 -5.893723504372131 0
    endloop
  endfacet
  facet normal 0.12533323356430498 -0.9921147013144777 0
    outer loop
      vertex 0.3767431171758826 -5.988160370569629 0
      vertex 1.124287887514349 -5.893723504372131 0
      vertex 1.124287887514349 -5.893723504372131 2
    endloop
  endfacet
  facet normal 0.12533323356430498 -0.9921147013144777 0
    outer loop
      vertex 0.3767431171758826 -5.988160370569629 0
      vertex 1.124287887514349 -5.893723504372131 2
      vertex 0.3767431171758826 -5.988160370569629 2
    endloop
  endfacet
  facet normal -1 0 0
    outer loop
      vertex 1 -3.5 4.5
      vertex 1 -3.5 11.77285317653863
      vertex 1 -1.2348835946678731 4.5
    endloop
  endfacet
  facet normal 0 -1 0
    outer loop
      vertex 1 -3.5 4.5
      vertex 1.91937090747563 -3.5 2
      vertex 1 -3.5 11.77285317653863
    endloop
  endfacet
  facet normal -1 0 0
    outer loop
      vertex 1 -3.5 11.77285317653863
      vertex 1 -3.3460338097398172 12
      vertex 1 -1.2348835946678731 4.5
    endloop
  endfacet
  facet normal 0.1732845120276278 -0.8152395327914501 0.5525911527208204
    outer loop
      vertex 1 -3.5 11.77285317653863
      vertex 1.0815594803123159 -3.3286978070330373 12
      vertex 1 -3.3460338097398172 12
    endloop
  endfacet
  facet normal 0.17328451202762732 -0.8152395327914501 0.5525911527208206
    outer loop
      vertex 1 -3.5 11.77285317653863
      vertex 1.1372189368151722 -3.5 11.729823322749096
      vertex 1.0815594803123159 -3.3286978070330373 12
    endloop
  endfacet
  facet normal 0 -1 0
    outer loop
      vertex 1 -3.5 11.77285317653863
      vertex 1.91937090747563 -3.5 2
      vertex 1.91937090747563 -3.5 9
    endloop
  endfacet
  facet normal 0 -1 0
    outer loop
      vertex 1 -3.5 11.77285317653863
      vertex 1.91937090747563 -3.5 9
      vertex 1.1372189368151722 -3.5 11.729823322749096
    endloop
  endfacet
  facet normal -1 0 0
    outer loop
      vertex 1 -3.3460338097398172 12
      vertex 1 -1.2348835946678731 12
      vertex 1 -1.2348835946678731 4.5
    endloop
  endfacet
  facet normal 0 0 1
    outer loop
      vertex 1 -3.3460338097398172 12
      vertex 1.0815594803123159 -3.3286978070330373 12
      vertex 1 -1.2348835946678731 12
    endloop
  endfacet
  facet normal -0.7071067811865475 0.7071067811865475 0
    outer loop
      vertex 1 -1.2348835946678731 4.5
      vertex 1 -1.2348835946678731 12
      vertex 1.294427190999916 -0.940456403667957 4.5
    endloop
  endfacet
  facet normal 0 0 1
    outer loop
      vertex 1 -1.2348835946678731 4.5
      vertex 1.294427190999916 -0.940456403667957 4.5
      vertex 1 -0.9184837194692805 4.5
    endloop
  endfacet
  facet normal 0 0 1
    outer loop
      vertex 1 -1.2348835946678731 12
      vertex 1.0815594803123159 -3.3286978070330373 12
      vertex 1.75 -3.031088913245535 12
    endloop
  endfacet
  facet normal -0.7071067811865475 0.7071067811865475 0
    outer loop
      vertex 1 -1.2348835946678731 12
      vertex 1.294427190999916 -0.940456403667957 12
      vertex 1.294427190999916 -0.940456403667957 4.5
    endloop
  endfacet
  facet normal 0 0 1
    outer loop
      vertex 1 -1.2348835946678731 12
      vertex 1.75 -3.031088913245535 12
      vertex 1.294427190999916 -0.940456403667957 12
    endloop
  endfacet
  facet normal 0 0 1
    outer loop
      vertex 1 -0.9184837194692805 4.5
      vertex 1.294427190999916 -0.940456403667957 4.5
      vertex 1.294427190999916 0.940456403667957 4.5
    endloop
  endfacet
  facet normal 0 0 1
    outer loop
      vertex 1 -0.9184837194692805 4.5
      vertex 1.294427190999916 0.940456403667957 4.5
      vertex 1 1.2348835946678731 4.5
    endloop
  endfacet
  facet normal -1 0 0
    outer loop
      vertex 1 1.2348835946678731 4.5
      vertex 1 1.2348835946678731 12
      vertex 1 3.5 4.5
    endloop
  endfacet
  facet normal -0.7071067811865475 -0.7071067811865475 0
    outer loop
      vertex 1 1.2348835946678731 4.5
      vertex 1.294427190999916 0.940456403667957 4.5
      vertex 1.294427190999916 0.940456403667957 12
    endloop
  endfacet
  facet normal -0.7071067811865475 -0.7071067811865475 0
    outer loop
      vertex 1 1.2348835946678731 4.5
      vertex 1.294427190999916 0.940456403667957 12
      vertex 1 1.2348835946678731 12
    endloop
  endfacet
  facet normal -1 0 0
    outer loop
      vertex 1 1.2348835946678731 12
      vertex 1 3.3460338097398172 12
      vertex 1 3.5 4.5
    endloop
  endfacet
  facet normal 0 0 1
    outer loop
      vertex 1 1.2348835946678731 12
      vertex 1.0815594803123159 3.3286978070330373 12
      vertex 1 3.3460338097398172 12
    endloop
  endfacet
  facet normal 0 0 1
    outer loop
      vertex 1 1.2348835946678731 12
      vertex 1.294427190999916 0.940456403667957 12
      vertex 1.0815594803123159 3.3286978070330373 12
    endloop
  endfacet
  facet normal -1 0 0
    outer loop
      vertex 1 3.3460338097398172 12
      vertex 1 3.5 11.77285317653863
      vertex 1 3.5 4.5
    endloop
  endfacet
  facet normal 0.17328451202762796 0.81523953279145 0.5525911527208207
    outer loop
      vertex 1 3.3460338097398172 12
      vertex 1.0815594803123159 3.3286978070330373 12
      vertex 1.1372189368151722 3.5 11.729823322749096
    endloop
  endfacet
  facet normal 0.1732845120276272 0.8152395327914503 0.5525911527208205
    outer loop
      vertex 1 3.3460338097398172 12
      vertex 1.1372189368151722 3.5 11.729823322749096
      vertex 1 3.5 11.77285317653863
    endloop
  endfacet
  facet normal 0 1 0
    outer loop
      vertex 1 3.5 4.5
      vertex 1 3.5 11.77285317653863
      vertex 1.91937090747563 3.5 9
    endloop
  endfacet
  facet normal 0 1 0
    outer loop
      vertex 1 3.5 4.5
      vertex 1.91937090747563 3.5 9
      vertex 1.91937090747563 3.5 2
    endloop
  endfacet
  facet normal 0 1 0
    outer loop
      vertex 1 3.5 11.77285317653863
      vertex 1.1372189368151722 3.5 11.729823322749096
      vertex 1.91937090747563 3.5 9
    endloop
  endfacet
  facet normal 0.3389956593683008 -0.7613967171351119 0.5525911527208205
    outer loop
      vertex 1.0815594803123159 -3.3286978070330373 12
      vertex 1.1372189368151722 -3.5 11.729823322749096
      vertex 2.0207259421636903 -3.5 11.187822173508929
    endloop
  endfacet
  facet normal 0.33899565936830095 -0.7613967171351117 0.5525911527208206
    outer loop
      vertex 1.0815594803123159 -3.3286978070330373 12
      vertex 2.0207259421636903 -3.5 11.187822173508929
      vertex 1.75 -3.031088913245535 12
    endloop
  endfacet
  facet normal 0 0 1
    outer loop
      vertex 1.0815594803123159 3.3286978070330373 12
      vertex 1.294427190999916 0.940456403667957 12
      vertex 1.5216904260722457 0.49442719099991583 12
    endloop
  endfacet
  facet normal 0 0 1
    outer loop
      vertex 1.0815594803123159 3.3286978070330373 12
      vertex 1.5216904260722457 0.49442719099991583 12
      vertex 1.75 3.031088913245535 12
    endloop
  endfacet
  facet normal 0.338995659368301 0.7613967171351119 0.5525911527208206
    outer loop
      vertex 1.0815594803123159 3.3286978070330373 12
      vertex 1.75 3.031088913245535 12
      vertex 1.1372189368151722 3.5 11.729823322749096
    endloop
  endfacet
  facet normal 0.24868988716485535 0.968583161128631 0
    outer loop
      vertex 1.1242878875143474 5.893723504372132 0
      vertex 1.1242878875143474 5.893723504372132 2
      vertex 1.8541019662496843 5.706339097770921 0
    endloop
  endfacet
  facet normal 0 0 -1
    outer loop
      vertex 1.1242878875143474 5.893723504372132 0
      vertex 1.8541019662496843 5.706339097770921 0
      vertex 1.124287887514349 -5.893723504372131 0
    endloop
  endfacet
  facet normal 0.24868988716485535 0.968583161128631 0
    outer loop
      vertex 1.1242878875143474 5.893723504372132 2
      vertex 1.8541019662496843 5.706339097770921 2
      vertex 1.8541019662496843 5.706339097770921 0
    endloop
  endfacet
  facet normal 0 0 1
    outer loop
      vertex 1.1242878875143474 5.893723504372132 2
      vertex 1.91937090747563 3.5 2
      vertex 1.8541019662496843 5.706339097770921 2
    endloop
  endfacet
  facet normal 0.24868988716485477 -0.9685831611286312 0
    outer loop
      vertex 1.124287887514349 -5.893723504372131 0
      vertex 1.8541019662496843 -5.706339097770921 0
      vertex 1.8541019662496843 -5.706339097770921 2
    endloop
  endfacet
  facet normal 0.24868988716485477 -0.9685831611286312 0
    outer loop
      vertex 1.124287887514349 -5.893723504372131 0
      vertex 1.8541019662496843 -5.706339097770921 2
      vertex 1.124287887514349 -5.893723504372131 2
    endloop
  endfacet
  facet normal 0 0 -1
    outer loop
      vertex 1.124287887514349 -5.893723504372131 0
      vertex 1.8541019662496843 5.706339097770921 0
      vertex 1.8541019662496843 -5.706339097770921 0
    endloop
  endfacet
  facet normal 0 -1 0
    outer loop
      vertex 1.1372189368151722 -3.5 11.729823322749096
      vertex 1.91937090747563 -3.5 9
      vertex 2.0207259421636903 -3.5 11.187822173508929
    endloop
  endfacet
  facet normal 0.3389956593683009 0.7613967171351118 0.5525911527208208
    outer loop
      vertex 1.1372189368151722 3.5 11.729823322749096
      vertex 1.75 3.031088913245535 12
      vertex 2.0207259421636903 3.5 11.187822173508929
    endloop
  endfacet
  facet normal 0 1 0
    outer loop
      vertex 1.1372189368151722 3.5 11.729823322749096
      vertex 2.0207259421636903 3.5 9.062177826491071
      vertex 1.91937090747563 3.5 9
    endloop
  endfacet
  facet normal 0 1 0
    outer loop
      vertex 1.1372189368151722 3.5 11.729823322749096
      vertex 2.0207259421636903 3.5 11.187822173508929
      vertex 2.0207259421636903 3.5 9.062177826491071
    endloop
  endfacet
  facet normal -0.8910065241883681 0.45399049973954636 0
    outer loop
      vertex 1.294427190999916 -0.940456403667957 4.5
      vertex 1.294427190999916 -0.940456403667957 12
      vertex 1.5216904260722457 -0.49442719099991583 4.5
    endloop
  endfacet
  facet normal 0 0 1
    outer loop
      vertex 1.294427190999916 -0.940456403667957 4.5
      vertex 1.5216904260722457 -0.49442719099991583 4.5
      vertex 1.5216904260722457 0.49442719099991583 4.5
    endloop
  endfacet
  facet normal 0 0 1
    outer loop
      vertex 1.294427190999916 -0.940456403667957 4.5
      vertex 1.5216904260722457 0.49442719099991583 4.5
      vertex 1.294427190999916 0.940456403667957 4.5
    endloop
  endfacet
  facet normal -0.8910065241883681 0.45399049973954636 0
    outer loop
      vertex 1.294427190999916 -0.940456403667957 12
      vertex 1.5216904260722457 -0.49442719099991583 12
      vertex 1.5216904260722457 -0.49442719099991583 4.5
    endloop
  endfacet
  facet normal 0 0 1
    outer loop
      vertex 1.294427190999916 -0.940456403667957 12
      vertex 1.75 -3.031088913245535 12
      vertex 1.5216904260722457 -0.49442719099991583 12
    endloop
  endfacet
  facet normal -0.8910065241883681 -0.45399049973954636 0
    outer loop
      vertex 1.294427190999916 0.940456403667957 4.5
      vertex 1.5216904260722457 0.49442719099991583 4.5
      vertex 1.5216904260722457 0.49442719099991583 12
    endloop
  endfacet
  facet normal -0.8910065241883681 -0.45399049973954636 0
    outer loop
      vertex 1.294427190999916 0.940456403667957 4.5
      vertex 1.5216904260722457 0.49442719099991583 12
      vertex 1.294427190999916 0.940456403667957 12
    endloop
  endfacet
  facet normal -0.9876883405951377 0.1564344650402311 0
    outer loop
      vertex 1.5216904260722457 -0.49442719099991583 4.5
      vertex 1.5216904260722457 -0.49442719099991583 12
      vertex 1.6 0 4.5
    endloop
  endfacet
  facet normal 0 0 1
    outer loop
      vertex 1.5216904260722457 -0.49442719099991583 4.5
      vertex 1.6 0 4.5
      vertex 1.5216904260722457 0.49442719099991583 4.5
    endloop
  endfacet
  facet normal -0.9876883405951377 0.1564344650402311 0
    outer loop
      vertex 1.5216904260722457 -0.49442719099991583 12
      vertex 1.6 0 12
      vertex 1.6 0 4.5
    endloop
  endfacet
  facet normal 0 0 1
    outer loop
      vertex 1.5216904260722457 -0.49442719099991583 12
      vertex 1.75 -3.031088913245535 12
      vertex 1.6 0 12
    endloop
  endfacet
  facet normal -0.9876883405951377 -0.1564344650402311 0
    outer loop
      vertex 1.5216904260722457 0.49442719099991583 4.5
      vertex 1.6 0 4.5
      vertex 1.6 0 12
    endloop
  endfacet
  facet normal -0.9876883405951377 -0.1564344650402311 0
    outer loop
      vertex 1.5216904260722457 0.49442719099991583 4.5
      vertex 1.6 0 12
      vertex 1.5216904260722457 0.49442719099991583 12
    endloop
  endfacet
  facet normal 0 0 1
    outer loop
      vertex 1.5216904260722457 0.49442719099991583 12
      vertex 1.6 0 12
      vertex 1.75 3.031088913245535 12
    endloop
  endfacet
  facet normal 0 0 1
    outer loop
      vertex 1.6 0 12
      vertex 1.75 -3.031088913245535 12
      vertex 1.75 3.031088913245535 12
    endloop
  endfacet
  facet normal 0.48989106971293034 -0.6742772113531611 0.5525911527208207
    outer loop
      vertex 1.75 -3.031088913245535 12
      vertex 2.0207259421636903 -3.5 11.187822173508929
      vertex 2.341957122256004 -2.60100688917088 12
    endloop
  endfacet
  facet normal 0 0 1
    outer loop
      vertex 1.75 -3.031088913245535 12
      vertex 2.341957122256004 -2.60100688917088 12
      vertex 1.75 3.031088913245535 12
    endloop
  endfacet
  facet normal 0 0 1
    outer loop
      vertex 1.75 3.031088913245535 12
      vertex 2.341957122256004 -2.60100688917088 12
      vertex 2.341957122256004 2.60100688917088 12
    endloop
  endfacet
  facet normal 0.48989106971293034 0.6742772113531611 0.5525911527208207
    outer loop
      vertex 1.75 3.031088913245535 12
      vertex 2.341957122256004 2.60100688917088 12
      vertex 2.0207259421636903 3.5 11.187822173508929
    endloop
  endfacet
  facet normal 0 0 -1
    outer loop
      vertex 1.8541019662496843 -5.706339097770921 0
      vertex 1.8541019662496843 5.706339097770921 0
      vertex 2.5546757493904364 5.428962314796117 0
    endloop
  endfacet
  facet normal 0.36812455268467753 -0.9297764858882516 0
    outer loop
      vertex 1.8541019662496843 -5.706339097770921 0
      vertex 2.5546757493904346 -5.4289623147961175 0
      vertex 2.5546757493904346 -5.4289623147961175 2
    endloop
  endfacet
  facet normal 0.36812455268467753 -0.9297764858882516 0
    outer loop
      vertex 1.8541019662496843 -5.706339097770921 0
      vertex 2.5546757493904346 -5.4289623147961175 2
      vertex 1.8541019662496843 -5.706339097770921 2
    endloop
  endfacet
  facet normal 0 0 -1
    outer loop
      vertex 1.8541019662496843 -5.706339097770921 0
      vertex 2.5546757493904364 5.428962314796117 0
      vertex 2.5546757493904346 -5.4289623147961175 0
    endloop
  endfacet
  facet normal 0.36812455268467775 0.9297764858882515 0
    outer loop
      vertex 1.8541019662496843 5.706339097770921 0
      vertex 1.8541019662496843 5.706339097770921 2
      vertex 2.5546757493904364 5.428962314796117 0
    endloop
  endfacet
  facet normal 0 0 1
    outer loop
      vertex 1.8541019662496843 5.706339097770921 2
      vertex 1.91937090747563 3.5 2
      vertex 2 3.4641016151377544 2
    endloop
  endfacet
  facet normal 0 0 1
    outer loop
      vertex 1.8541019662496843 5.706339097770921 2
      vertex 2 3.4641016151377544 2
      vertex 2.5546757493904364 5.428962314796117 2
    endloop
  endfacet
  facet normal 0.36812455268467775 0.9297764858882515 0
    outer loop
      vertex 1.8541019662496843 5.706339097770921 2
      vertex 2.5546757493904364 5.428962314796117 2
      vertex 2.5546757493904364 5.428962314796117 0
    endloop
  endfacet
  facet normal 0.4067366430758005 -0.9135454576426006 0
    outer loop
      vertex 1.91937090747563 -3.5 2
      vertex 2 -3.4641016151377544 2
      vertex 2 -3.4641016151377544 9
    endloop
  endfacet
  facet normal 0.4067366430758005 -0.9135454576426006 0
    outer loop
      vertex 1.91937090747563 -3.5 2
      vertex 2 -3.4641016151377544 9
      vertex 1.91937090747563 -3.5 9
    endloop
  endfacet
  facet normal 0 0 1
    outer loop
      vertex 1.91937090747563 -3.5 2
      vertex 2.5546757493904346 -5.4289623147961175 2
      vertex 2 -3.4641016151377544 2
    endloop
  endfacet
  facet normal 0.33899565936830206 -0.7613967171351129 -0.5525911527208185
    outer loop
      vertex 1.91937090747563 -3.5 9
      vertex 2 -3.4641016151377544 9
      vertex 2.0207259421636903 -3.5 9.062177826491071
    endloop
  endfacet
  facet normal 0 -1 0
    outer loop
      vertex 1.91937090747563 -3.5 9
      vertex 2.0207259421636903 -3.5 9.062177826491071
      vertex 2.0207259421636903 -3.5 11.187822173508929
    endloop
  endfacet
  facet normal 0.4067366430758005 0.9135454576426006 0
    outer loop
      vertex 1.91937090747563 3.5 2
      vertex 1.91937090747563 3.5 9
      vertex 2 3.4641016151377544 2
    endloop
  endfacet
  facet normal 0.4067366430758005 0.9135454576426006 0
    outer loop
      vertex 1.91937090747563 3.5 9
      vertex 2 3.4641016151377544 9
      vertex 2 3.4641016151377544 2
    endloop
  endfacet
  facet normal 0.33899565936830206 0.7613967171351129 -0.5525911527208185
    outer loop
      vertex 1.91937090747563 3.5 9
      vertex 2.0207259421636903 3.5 9.062177826491071
      vertex 2 3.4641016151377544 9
    endloop
  endfacet
  facet normal 0 0 1
    outer loop
      vertex 2 -3.4641016151377544 2
      vertex 2.5546757493904346 -5.4289623147961175 2
      vertex 3.2149607698739775 -5.065967553012092 2
    endloop
  endfacet
  facet normal 0.5877852522924729 -0.8090169943749476 0
    outer loop
      vertex 2 -3.4641016151377544 2
      vertex 2.676522425435433 -2.972579301909577 2
      vertex 2.676522425435433 -2.972579301909577 9
    endloop
  endfacet
  facet normal 0.5877852522924729 -0.8090169943749476 0
    outer loop
      vertex 2 -3.4641016151377544 2
      vertex 2.676522425435433 -2.972579301909577 9
      vertex 2 -3.4641016151377544 9
    endloop
  endfacet
  facet normal 0 0 1
    outer loop
      vertex 2 -3.4641016151377544 2
      vertex 3.2149607698739775 -5.065967553012092 2
      vertex 2.676522425435433 -2.972579301909577 2
    endloop
  endfacet
  facet normal 0.4898910697129312 -0.6742772113531622 -0.5525911527208184
    outer loop
      vertex 2 -3.4641016151377544 9
      vertex 2.676522425435433 -2.972579301909577 9
      vertex 2.0207259421636903 -3.5 9.062177826491071
    endloop
  endfacet
  facet normal 0.5877852522924729 0.8090169943749476 0
    outer loop
      vertex 2 3.4641016151377544 2
      vertex 2 3.4641016151377544 9
      vertex 2.676522425435433 2.972579301909577 2
    endloop
  endfacet
  facet normal 0 0 1
    outer loop
      vertex 2 3.4641016151377544 2
      vertex 2.676522425435433 2.972579301909577 2
      vertex 2.5546757493904364 5.428962314796117 2
    endloop
  endfacet
  facet normal 0.48989106971292795 0.6742772113531644 -0.5525911527208186
    outer loop
      vertex 2 3.4641016151377544 9
      vertex 2.0207259421636903 3.5 9.062177826491071
      vertex 2.7965809663203136 3.5 9.75
    endloop
  endfacet
  facet normal 0.5877852522924729 0.8090169943749476 0
    outer loop
      vertex 2 3.4641016151377544 9
      vertex 2.676522425435433 2.972579301909577 9
      vertex 2.676522425435433 2.972579301909577 2
    endloop
  endfacet
  facet normal 0.4898910697129303 0.674277211353161 -0.5525911527208208
    outer loop
      vertex 2 3.4641016151377544 9
      vertex 2.7965809663203136 3.5 9.75
      vertex 2.676522425435433 2.972579301909577 9
    endloop
  endfacet
  facet normal 0.48989106971293006 -0.6742772113531611 -0.5525911527208209
    outer loop
      vertex 2.0207259421636903 -3.5 9.062177826491071
      vertex 2.676522425435433 -2.972579301909577 9
      vertex 3.011087728614862 -3.344151714648274 9.75
    endloop
  endfacet
  facet normal 0 -1 0
    outer loop
      vertex 2.0207259421636903 -3.5 9.062177826491071
      vertex 2.7965809663203136 -3.5 9.75
      vertex 2.0207259421636903 -3.5 11.187822173508929
    endloop
  endfacet
  facet normal 0.48989106971293006 -0.674277211353161 -0.5525911527208209
    outer loop
      vertex 2.0207259421636903 -3.5 9.062177826491071
      vertex 3.011087728614862 -3.344151714648274 9.75
      vertex 2.7965809663203136 -3.5 9.75
    endloop
  endfacet
  facet normal 0 -1 0
    outer loop
      vertex 2.0207259421636903 -3.5 11.187822173508929
      vertex 2.7965809663203136 -3.5 9.75
      vertex 2.7965809663203136 -3.5 10.5
    endloop
  endfacet
  facet normal 0.48989106971293006 -0.674277211353161 0.5525911527208209
    outer loop
      vertex 2.0207259421636903 -3.5 11.187822173508929
      vertex 2.7965809663203136 -3.5 10.5
      vertex 2.341957122256004 -2.60100688917088 12
    endloop
  endfacet
  facet normal 0 1 0
    outer loop
      vertex 2.0207259421636903 3.5 9.062177826491071
      vertex 2.0207259421636903 3.5 11.187822173508929
      vertex 2.7965809663203136 3.5 9.75
    endloop
  endfacet
  facet normal 0.48989106971293006 0.6742772113531611 0.5525911527208209
    outer loop
      vertex 2.0207259421636903 3.5 11.187822173508929
      vertex 2.341957122256004 2.60100688917088 12
      vertex 3.011087728614862 3.344151714648274 10.5
    endloop
  endfacet
  facet normal 0 1 0
    outer loop
      vertex 2.0207259421636903 3.5 11.187822173508929
      vertex 2.7965809663203136 3.5 10.5
      vertex 2.7965809663203136 3.5 9.75
    endloop
  endfacet
  facet normal 0.48989106971293006 0.674277211353161 0.5525911527208209
    outer loop
      vertex 2.0207259421636903 3.5 11.187822173508929
      vertex 3.011087728614862 3.344151714648274 10.5
      vertex 2.7965809663203136 3.5 10.5
    endloop
  endfacet
  facet normal 0.4898910697129299 -0.6742772113531611 0.5525911527208208
    outer loop
      vertex 2.341957122256004 -2.60100688917088 12
      vertex 2.7965809663203136 -3.5 10.5
      vertex 3.011087728614862 -3.344151714648274 10.5
    endloop
  endfacet
  facet normal 0 0 1
    outer loop
      vertex 2.341957122256004 -2.60100688917088 12
      vertex 2.831559480312316 -2.057248383023656 12
      vertex 2.341957122256004 2.60100688917088 12
    endloop
  endfacet
  facet normal 0.6193758895529397 -0.5576885558940393 0.5525911527208209
    outer loop
      vertex 2.341957122256004 -2.60100688917088 12
      vertex 3.011087728614862 -3.344151714648274 10.5
      vertex 3.6405764746872635 -2.6450336353161292 10.5
    endloop
  endfacet
  facet normal 0.6193758895529399 -0.5576885558940391 0.5525911527208212
    outer loop
      vertex 2.341957122256004 -2.60100688917088 12
      vertex 3.6405764746872635 -2.6450336353161292 10.5
      vertex 2.831559480312316 -2.057248383023656 12
    endloop
  endfacet
  facet normal 0 0 1
    outer loop
      vertex 2.341957122256004 2.60100688917088 12
      vertex 2.831559480312316 -2.057248383023656 12
      vertex 2.831559480312316 2.057248383023656 12
    endloop
  endfacet
  facet normal 0.6193758895529399 0.5576885558940391 0.5525911527208212
    outer loop
      vertex 2.341957122256004 2.60100688917088 12
      vertex 2.831559480312316 2.057248383023656 12
      vertex 3.6405764746872635 2.6450336353161292 10.5
    endloop
  endfacet
  facet normal 0.6193758895529397 0.5576885558940393 0.5525911527208209
    outer loop
      vertex 2.341957122256004 2.60100688917088 12
      vertex 3.6405764746872635 2.6450336353161292 10.5
      vertex 3.011087728614862 3.344151714648274 10.5
    endloop
  endfacet
  facet normal 0 0 -1
    outer loop
      vertex 2.5546757493904346 -5.4289623147961175 0
      vertex 2.5546757493904364 5.428962314796117 0
      vertex 3.21496076987398 5.06596755301209 0
    endloop
  endfacet
  facet normal 0.48175367410171477 -0.8763066800438638 0
    outer loop
      vertex 2.5546757493904346 -5.4289623147961175 0
      vertex 3.2149607698739775 -5.065967553012092 0
      vertex 3.2149607698739775 -5.065967553012092 2
    endloop
  endfacet
  facet normal 0.48175367410171477 -0.8763066800438638 0
    outer loop
      vertex 2.5546757493904346 -5.4289623147961175 0
      vertex 3.2149607698739775 -5.065967553012092 2
      vertex 2.5546757493904346 -5.4289623147961175 2
    endloop
  endfacet
  facet normal 0 0 -1
    outer loop
      vertex 2.5546757493904346 -5.4289623147961175 0
      vertex 3.21496076987398 5.06596755301209 0
      vertex 3.2149607698739775 -5.065967553012092 0
    endloop
  endfacet
  facet normal 0.48175367410171516 0.8763066800438636 0
    outer loop
      vertex 2.5546757493904364 5.428962314796117 0
      vertex 2.5546757493904364 5.428962314796117 2
      vertex 3.21496076987398 5.06596755301209 0
    endloop
  endfacet
  facet normal 0 0 1
    outer loop
      vertex 2.5546757493904364 5.428962314796117 2
      vertex 2.676522425435433 2.972579301909577 2
      vertex 3.23606797749979 2.3511410091698925 2
    endloop
  endfacet
  facet normal 0.48175367410171516 0.8763066800438636 0
    outer loop
      vertex 2.5546757493904364 5.428962314796117 2
      vertex 3.21496076987398 5.06596755301209 2
      vertex 3.21496076987398 5.06596755301209 0
    endloop
  endfacet
  facet normal 0 0 1
    outer loop
      vertex 2.5546757493904364 5.428962314796117 2
      vertex 3.23606797749979 2.3511410091698925 2
      vertex 3.21496076987398 5.06596755301209 2
    endloop
  endfacet
  facet normal 0 0 1
    outer loop
      vertex 2.676522425435433 -2.972579301909577 2
      vertex 3.2149607698739775 -5.065967553012092 2
      vertex 3.82454393849214 -4.623079456654734 2
    endloop
  endfacet
  facet normal 0.7431448254773941 -0.6691306063588582 0
    outer loop
      vertex 2.676522425435433 -2.972579301909577 2
      vertex 3.23606797749979 -2.3511410091698925 2
      vertex 2.676522425435433 -2.972579301909577 9
    endloop
  endfacet
  facet normal 0 0 1
    outer loop
      vertex 2.676522425435433 -2.972579301909577 2
      vertex 3.82454393849214 -4.623079456654734 2
      vertex 3.23606797749979 -2.3511410091698925 2
    endloop
  endfacet
  facet normal 0.7431448254773941 -0.6691306063588582 0
    outer loop
      vertex 2.676522425435433 -2.972579301909577 9
      vertex 3.23606797749979 -2.3511410091698925 2
      vertex 3.23606797749979 -2.3511410091698925 9
    endloop
  endfacet
  facet normal 0.6193758895529397 -0.5576885558940391 -0.552591152720821
    outer loop
      vertex 2.676522425435433 -2.972579301909577 9
      vertex 3.23606797749979 -2.3511410091698925 9
      vertex 3.6405764746872635 -2.6450336353161292 9.75
    endloop
  endfacet
  facet normal 0.6193758895529397 -0.5576885558940393 -0.5525911527208209
    outer loop
      vertex 2.676522425435433 -2.972579301909577 9
      vertex 3.6405764746872635 -2.6450336353161292 9.75
      vertex 3.011087728614862 -3.344151714648274 9.75
    endloop
  endfacet
  facet normal 0.7431448254773941 0.6691306063588582 0
    outer loop
      vertex 2.676522425435433 2.972579301909577 2
      vertex 2.676522425435433 2.972579301909577 9
      vertex 3.23606797749979 2.3511410091698925 9
    endloop
  endfacet
  facet normal 0.7431448254773941 0.6691306063588582 0
    outer loop
      vertex 2.676522425435433 2.972579301909577 2
      vertex 3.23606797749979 2.3511410091698925 9
      vertex 3.23606797749979 2.3511410091698925 2
    endloop
  endfacet
  facet normal 0.4898910697129299 0.6742772113531611 -0.5525911527208208
    outer loop
      vertex 2.676522425435433 2.972579301909577 9
      vertex 2.7965809663203136 3.5 9.75
      vertex 3.011087728614862 3.344151714648274 9.75
    endloop
  endfacet
  facet normal 0.6193758895529397 0.5576885558940393 -0.5525911527208209
    outer loop
      vertex 2.676522425435433 2.972579301909577 9
      vertex 3.011087728614862 3.344151714648274 9.75
      vertex 3.6405764746872635 2.6450336353161292 9.75
    endloop
  endfacet
  facet normal 0.6193758895529397 0.5576885558940391 -0.552591152720821
    outer loop
      vertex 2.676522425435433 2.972579301909577 9
      vertex 3.6405764746872635 2.6450336353161292 9.75
      vertex 3.23606797749979 2.3511410091698925 9
    endloop
  endfacet
  facet normal 0.5877852522924725 -0.8090169943749478 0
    outer loop
      vertex 2.7965809663203136 -3.5 9.75
      vertex 3.011087728614862 -3.344151714648274 9.75
      vertex 3.011087728614862 -3.344151714648274 10.5
    endloop
  endfacet
  facet normal 0.5877852522924725 -0.8090169943749478 0
    outer loop
      vertex 2.7965809663203136 -3.5 9.75
      vertex 3.011087728614862 -3.344151714648274 10.5
      vertex 2.7965809663203136 -3.5 10.5
    endloop
  endfacet
  facet normal 0.5877852522924725 0.8090169943749478 0
    outer loop
      vertex 2.7965809663203136 3.5 9.75
      vertex 2.7965809663203136 3.5 10.5
      vertex 3.011087728614862 3.344151714648274 9.75
    endloop
  endfacet
  facet normal 0.5877852522924725 0.8090169943749478 0
    outer loop
      vertex 2.7965809663203136 3.5 10.5
      vertex 3.011087728614862 3.344151714648274 10.5
      vertex 3.011087728614862 3.344151714648274 9.75
    endloop
  endfacet
  facet normal 0 0 1
    outer loop
      vertex 2.831559480312316 -2.057248383023656 12
      vertex 3.197409101749103 -1.4235782507653008 12
      vertex 2.831559480312316 2.057248383023656 12
    endloop
  endfacet
  facet normal 0.7217910109242188 -0.4167262344557497 0.552591152720821
    outer loop
      vertex 2.831559480312316 -2.057248383023656 12
      vertex 3.6405764746872635 -2.6450336353161292 10.5
      vertex 4.110954559391704 -1.830314893841101 10.5
    endloop
  endfacet
  facet normal 0.7217910109242189 -0.4167262344557496 0.5525911527208212
    outer loop
      vertex 2.831559480312316 -2.057248383023656 12
      vertex 4.110954559391704 -1.830314893841101 10.5
      vertex 3.197409101749103 -1.4235782507653008 12
    endloop
  endfacet
  facet normal 0 0 1
    outer loop
      vertex 2.831559480312316 2.057248383023656 12
      vertex 3.197409101749103 -1.4235782507653008 12
      vertex 3.197409101749103 1.4235782507653008 12
    endloop
  endfacet
  facet normal 0.7217910109242189 0.4167262344557496 0.5525911527208212
    outer loop
      vertex 2.831559480312316 2.057248383023656 12
      vertex 3.197409101749103 1.4235782507653008 12
      vertex 4.110954559391704 1.830314893841101 10.5
    endloop
  endfacet
  facet normal 0.7217910109242188 0.4167262344557497 0.552591152720821
    outer loop
      vertex 2.831559480312316 2.057248383023656 12
      vertex 4.110954559391704 1.830314893841101 10.5
      vertex 3.6405764746872635 2.6450336353161292 10.5
    endloop
  endfacet
  facet normal 0.7431448254773941 -0.6691306063588583 0
    outer loop
      vertex 3.011087728614862 -3.344151714648274 9.75
      vertex 3.6405764746872635 -2.6450336353161292 9.75
      vertex 3.011087728614862 -3.344151714648274 10.5
    endloop
  endfacet
  facet normal 0.7431448254773941 -0.6691306063588583 0
    outer loop
      vertex 3.011087728614862 -3.344151714648274 10.5
      vertex 3.6405764746872635 -2.6450336353161292 9.75
      vertex 3.6405764746872635 -2.6450336353161292 10.5
    endloop
  endfacet
  facet normal 0.7431448254773941 0.6691306063588583 0
    outer loop
      vertex 3.011087728614862 3.344151714648274 9.75
      vertex 3.011087728614862 3.344151714648274 10.5
      vertex 3.6405764746872635 2.6450336353161292 10.5
    endloop
  endfacet
  facet normal 0.7431448254773941 0.6691306063588583 0
    outer loop
      vertex 3.011087728614862 3.344151714648274 9.75
      vertex 3.6405764746872635 2.6450336353161292 10.5
      vertex 3.6405764746872635 2.6450336353161292 9.75
    endloop
  endfacet
  facet normal 0 0 1
    outer loop
      vertex 3.197409101749103 -1.4235782507653008 12
      vertex 3.42351660256832 -0.7276909178621577 12
      vertex 3.197409101749103 1.4235782507653008 12
    endloop
  endfacet
  facet normal 0.7926604015805655 -0.2575509768974111 0.5525911527208212
    outer loop
      vertex 3.197409101749103 -1.4235782507653008 12
      vertex 4.110954559391704 -1.830314893841101 10.5
      vertex 4.401664203302126 -0.9356026086799171 10.5
    endloop
  endfacet
  facet normal 0.7926604015805656 -0.2575509768974114 0.552591152720821
    outer loop
      vertex 3.197409101749103 -1.4235782507653008 12
      vertex 4.401664203302126 -0.9356026086799171 10.5
      vertex 3.42351660256832 -0.7276909178621577 12
    endloop
  endfacet
  facet normal 0 0 1
    outer loop
      vertex 3.197409101749103 1.4235782507653008 12
      vertex 3.42351660256832 -0.7276909178621577 12
      vertex 3.42351660256832 0.7276909178621577 12
    endloop
  endfacet
  facet normal 0.7926604015805656 0.2575509768974114 0.552591152720821
    outer loop
      vertex 3.197409101749103 1.4235782507653008 12
      vertex 3.42351660256832 0.7276909178621577 12
      vertex 4.401664203302126 0.9356026086799171 10.5
    endloop
  endfacet
  facet normal 0.7926604015805655 0.2575509768974111 0.5525911527208212
    outer loop
      vertex 3.197409101749103 1.4235782507653008 12
      vertex 4.401664203302126 0.9356026086799171 10.5
      vertex 4.110954559391704 1.830314893841101 10.5
    endloop
  endfacet
  facet normal 0 0 -1
    outer loop
      vertex 3.2149607698739775 -5.065967553012092 0
      vertex 3.21496076987398 5.06596755301209 0
      vertex 3.8245439384921385 4.623079456654735 0
    endloop
  endfacet
  facet normal 0 0 -1
    outer loop
      vertex 3.2149607698739775 -5.065967553012092 0
      vertex 3.8245439384921385 4.623079456654735 0
      vertex 3.82454393849214 -4.623079456654734 0
    endloop
  endfacet
  facet normal 0.587785252292473 -0.8090169943749476 0
    outer loop
      vertex 3.2149607698739775 -5.065967553012092 0
      vertex 3.82454393849214 -4.623079456654734 0
      vertex 3.82454393849214 -4.623079456654734 2
    endloop
  endfacet
  facet normal 0.587785252292473 -0.8090169943749476 0
    outer loop
      vertex 3.2149607698739775 -5.065967553012092 0
      vertex 3.82454393849214 -4.623079456654734 2
      vertex 3.2149607698739775 -5.065967553012092 2
    endloop
  endfacet
  facet normal 0.5877852522924731 0.8090169943749475 0
    outer loop
      vertex 3.21496076987398 5.06596755301209 0
      vertex 3.21496076987398 5.06596755301209 2
      vertex 3.8245439384921385 4.623079456654735 0
    endloop
  endfacet
  facet normal 0 0 1
    outer loop
      vertex 3.21496076987398 5.06596755301209 2
      vertex 3.23606797749979 2.3511410091698925 2
      vertex 3.6541818305704035 1.6269465723032008 2
    endloop
  endfacet
  facet normal 0 0 1
    outer loop
      vertex 3.21496076987398 5.06596755301209 2
      vertex 3.6541818305704035 1.6269465723032008 2
      vertex 3.8245439384921385 4.623079456654735 2
    endloop
  endfacet
  facet normal 0.5877852522924731 0.8090169943749475 0
    outer loop
      vertex 3.21496076987398 5.06596755301209 2
      vertex 3.8245439384921385 4.623079456654735 2
      vertex 3.8245439384921385 4.623079456654735 0
    endloop
  endfacet
  facet normal 0.8660254037844387 -0.4999999999999998 0
    outer loop
      vertex 3.23606797749979 -2.3511410091698925 2
      vertex 3.6541818305704035 -1.6269465723032008 2
      vertex 3.23606797749979 -2.3511410091698925 9
    endloop
  endfacet
  facet normal 0 0 1
    outer loop
      vertex 3.23606797749979 -2.3511410091698925 2
      vertex 3.82454393849214 -4.623079456654734 2
      vertex 3.6541818305704035 -1.6269465723032008 2
    endloop
  endfacet
  facet normal 0.8660254037844387 -0.4999999999999998 0
    outer loop
      vertex 3.23606797749979 -2.3511410091698925 9
      vertex 3.6541818305704035 -1.6269465723032008 2
      vertex 3.6541818305704035 -1.6269465723032008 9
    endloop
  endfacet
  facet normal 0.7217910109242187 -0.4167262344557496 -0.5525911527208212
    outer loop
      vertex 3.23606797749979 -2.3511410091698925 9
      vertex 3.6541818305704035 -1.6269465723032008 9
      vertex 4.110954559391704 -1.830314893841101 9.75
    endloop
  endfacet
  facet normal 0.7217910109242188 -0.4167262344557497 -0.552591152720821
    outer loop
      vertex 3.23606797749979 -2.3511410091698925 9
      vertex 4.110954559391704 -1.830314893841101 9.75
      vertex 3.6405764746872635 -2.6450336353161292 9.75
    endloop
  endfacet
  facet normal 0.8660254037844387 0.4999999999999998 0
    outer loop
      vertex 3.23606797749979 2.3511410091698925 2
      vertex 3.23606797749979 2.3511410091698925 9
      vertex 3.6541818305704035 1.6269465723032008 9
    endloop
  endfacet
  facet normal 0.8660254037844387 0.4999999999999998 0
    outer loop
      vertex 3.23606797749979 2.3511410091698925 2
      vertex 3.6541818305704035 1.6269465723032008 9
      vertex 3.6541818305704035 1.6269465723032008 2
    endloop
  endfacet
  facet normal 0.7217910109242188 0.4167262344557497 -0.552591152720821
    outer loop
      vertex 3.23606797749979 2.3511410091698925 9
      vertex 3.6405764746872635 2.6450336353161292 9.75
      vertex 4.110954559391704 1.830314893841101 9.75
    endloop
  endfacet
  facet normal 0.7217910109242187 0.4167262344557496 -0.5525911527208212
    outer loop
      vertex 3.23606797749979 2.3511410091698925 9
      vertex 4.110954559391704 1.830314893841101 9.75
      vertex 3.6541818305704035 1.6269465723032008 9
    endloop
  endfacet
  facet normal 0 0 1
    outer loop
      vertex 3.42351660256832 -0.7276909178621577 12
      vertex 3.5 0 12
      vertex 3.42351660256832 0.7276909178621577 12
    endloop
  endfacet
  facet normal 0.8288867290812315 -0.08711950578195057 0.552591152720821
    outer loop
      vertex 3.42351660256832 -0.7276909178621577 12
      vertex 4.401664203302126 -0.9356026086799171 10.5
      vertex 4.5 0 10.5
    endloop
  endfacet
  facet normal 0.8288867290812315 -0.08711950578195059 0.552591152720821
    outer loop
      vertex 3.42351660256832 -0.7276909178621577 12
      vertex 4.5 0 10.5
      vertex 3.5 0 12
    endloop
  endfacet
  facet normal 0.8288867290812315 0.08711950578195059 0.552591152720821
    outer loop
      vertex 3.42351660256832 0.7276909178621577 12
      vertex 3.5 0 12
      vertex 4.5 0 10.5
    endloop
  endfacet
  facet normal 0.8288867290812315 0.08711950578195057 0.552591152720821
    outer loop
      vertex 3.42351660256832 0.7276909178621577 12
      vertex 4.5 0 10.5
      vertex 4.401664203302126 0.9356026086799171 10.5
    endloop
  endfacet
  facet normal 0.8660254037844388 -0.49999999999999983 0
    outer loop
      vertex 3.6405764746872635 -2.6450336353161292 9.75
      vertex 4.110954559391704 -1.830314893841101 9.75
      vertex 3.6405764746872635 -2.6450336353161292 10.5
    endloop
  endfacet
  facet normal 0.8660254037844388 -0.49999999999999983 0
    outer loop
      vertex 3.6405764746872635 -2.6450336353161292 10.5
      vertex 4.110954559391704 -1.830314893841101 9.75
      vertex 4.110954559391704 -1.830314893841101 10.5
    endloop
  endfacet
  facet normal 0.8660254037844388 0.49999999999999983 0
    outer loop
      vertex 3.6405764746872635 2.6450336353161292 9.75
      vertex 3.6405764746872635 2.6450336353161292 10.5
      vertex 4.110954559391704 1.830314893841101 10.5
    endloop
  endfacet
  facet normal 0.8660254037844388 0.49999999999999983 0
    outer loop
      vertex 3.6405764746872635 2.6450336353161292 9.75
      vertex 4.110954559391704 1.830314893841101 10.5
      vertex 4.110954559391704 1.830314893841101 9.75
    endloop
  endfacet
  facet normal 0 0 1
    outer loop
      vertex 3.6541818305704035 -1.6269465723032008 2
      vertex 3.82454393849214 -4.623079456654734 2
      vertex 4.37381176452847 -4.1072826355721315 2
    endloop
  endfacet
  facet normal 0.9510565162951534 -0.3090169943749478 0
    outer loop
      vertex 3.6541818305704035 -1.6269465723032008 2
      vertex 3.9125904029352228 -0.8316467632710374 2
      vertex 3.6541818305704035 -1.6269465723032008 9
    endloop
  endfacet
  facet normal 0 0 1
    outer loop
      vertex 3.6541818305704035 -1.6269465723032008 2
      vertex 4.37381176452847 -4.1072826355721315 2
      vertex 3.9125904029352228 -0.8316467632710374 2
    endloop
  endfacet
  facet normal 0.9510565162951534 -0.3090169943749478 0
    outer loop
      vertex 3.6541818305704035 -1.6269465723032008 9
      vertex 3.9125904029352228 -0.8316467632710374 2
      vertex 3.9125904029352228 -0.8316467632710374 9
    endloop
  endfacet
  facet normal 0.7926604015805655 -0.25755097689741124 -0.552591152720821
    outer loop
      vertex 3.6541818305704035 -1.6269465723032008 9
      vertex 3.9125904029352228 -0.8316467632710374 9
      vertex 4.401664203302126 -0.9356026086799171 9.75
    endloop
  endfacet
  facet normal 0.7926604015805655 -0.2575509768974111 -0.552591152720821
    outer loop
      vertex 3.6541818305704035 -1.6269465723032008 9
      vertex 4.401664203302126 -0.9356026086799171 9.75
      vertex 4.110954559391704 -1.830314893841101 9.75
    endloop
  endfacet
  facet normal 0.9510565162951534 0.3090169943749478 0
    outer loop
      vertex 3.6541818305704035 1.6269465723032008 2
      vertex 3.6541818305704035 1.6269465723032008 9
      vertex 3.9125904029352228 0.8316467632710374 9
    endloop
  endfacet
  facet normal 0 0 1
    outer loop
      vertex 3.6541818305704035 1.6269465723032008 2
      vertex 3.9125904029352228 0.8316467632710374 2
      vertex 3.8245439384921385 4.623079456654735 2
    endloop
  endfacet
  facet normal 0.9510565162951534 0.3090169943749478 0
    outer loop
      vertex 3.6541818305704035 1.6269465723032008 2
      vertex 3.9125904029352228 0.8316467632710374 9
      vertex 3.9125904029352228 0.8316467632710374 2
    endloop
  endfacet
  facet normal 0.7926604015805655 0.2575509768974111 -0.552591152720821
    outer loop
      vertex 3.6541818305704035 1.6269465723032008 9
      vertex 4.110954559391704 1.830314893841101 9.75
      vertex 4.401664203302126 0.9356026086799171 9.75
    endloop
  endfacet
  facet normal 0.7926604015805655 0.25755097689741124 -0.552591152720821
    outer loop
      vertex 3.6541818305704035 1.6269465723032008 9
      vertex 4.401664203302126 0.9356026086799171 9.75
      vertex 3.9125904029352228 0.8316467632710374 9
    endloop
  endfacet
  facet normal 0.6845471059286886 0.7289686274214117 0
    outer loop
      vertex 3.8245439384921385 4.623079456654735 0
      vertex 3.8245439384921385 4.623079456654735 2
      vertex 4.373811764528469 4.107282635572132 0
    endloop
  endfacet
  facet normal 0 0 -1
    outer loop
      vertex 3.8245439384921385 4.623079456654735 0
      vertex 4.373811764528469 4.107282635572132 0
      vertex 3.82454393849214 -4.623079456654734 0
    endloop
  endfacet
  facet normal 0 0 1
    outer loop
      vertex 3.8245439384921385 4.623079456654735 2
      vertex 3.9125904029352228 0.8316467632710374 2
      vertex 4 0 2
    endloop
  endfacet
  facet normal 0 0 1
    outer loop
      vertex 3.8245439384921385 4.623079456654735 2
      vertex 4 0 2
      vertex 4.37381176452847 -4.1072826355721315 2
    endloop
  endfacet
  facet normal 0.6845471059286886 0.7289686274214117 0
    outer loop
      vertex 3.8245439384921385 4.623079456654735 2
      vertex 4.373811764528469 4.107282635572132 2
      vertex 4.373811764528469 4.107282635572132 0
    endloop
  endfacet
  facet normal 0 0 1
    outer loop
      vertex 3.8245439384921385 4.623079456654735 2
      vertex 4.37381176452847 -4.1072826355721315 2
      vertex 4.373811764528469 4.107282635572132 2
    endloop
  endfacet
  facet normal 0 0 -1
    outer loop
      vertex 3.82454393849214 -4.623079456654734 0
      vertex 4.373811764528469 4.107282635572132 0
      vertex 4.37381176452847 -4.1072826355721315 0
    endloop
  endfacet
  facet normal 0.6845471059286888 -0.7289686274214113 0
    outer loop
      vertex 3.82454393849214 -4.623079456654734 0
      vertex 4.37381176452847 -4.1072826355721315 0
      vertex 4.37381176452847 -4.1072826355721315 2
    endloop
  endfacet
  facet normal 0.6845471059286888 -0.7289686274214113 0
    outer loop
      vertex 3.82454393849214 -4.623079456654734 0
      vertex 4.37381176452847 -4.1072826355721315 2
      vertex 3.82454393849214 -4.623079456654734 2
    endloop
  endfacet
  facet normal 0.9945218953682734 -0.10452846326765323 0
    outer loop
      vertex 3.9125904029352228 -0.8316467632710374 2
      vertex 4 0 2
      vertex 3.9125904029352228 -0.8316467632710374 9
    endloop
  endfacet
  facet normal 0 0 1
    outer loop
      vertex 3.9125904029352228 -0.8316467632710374 2
      vertex 4.37381176452847 -4.1072826355721315 2
      vertex 4 0 2
    endloop
  endfacet
  facet normal 0.9945218953682734 -0.10452846326765323 0
    outer loop
      vertex 3.9125904029352228 -0.8316467632710374 9
      vertex 4 0 2
      vertex 4 0 9
    endloop
  endfacet
  facet normal 0.8288867290812315 -0.08711950578195059 -0.552591152720821
    outer loop
      vertex 3.9125904029352228 -0.8316467632710374 9
      vertex 4 0 9
      vertex 4.5 0 9.75
    endloop
  endfacet
  facet normal 0.8288867290812314 -0.08711950578195057 -0.552591152720821
    outer loop
      vertex 3.9125904029352228 -0.8316467632710374 9
      vertex 4.5 0 9.75
      vertex 4.401664203302126 -0.9356026086799171 9.75
    endloop
  endfacet
  facet normal 0.9945218953682734 0.10452846326765323 0
    outer loop
      vertex 3.9125904029352228 0.8316467632710374 2
      vertex 3.9125904029352228 0.8316467632710374 9
      vertex 4 0 9
    endloop
  endfacet
  facet normal 0.9945218953682734 0.10452846326765323 0
    outer loop
      vertex 3.9125904029352228 0.8316467632710374 2
      vertex 4 0 9
      vertex 4 0 2
    endloop
  endfacet
  facet normal 0.8288867290812314 0.08711950578195057 -0.552591152720821
    outer loop
      vertex 3.9125904029352228 0.8316467632710374 9
      vertex 4.401664203302126 0.9356026086799171 9.75
      vertex 4.5 0 9.75
    endloop
  endfacet
  facet normal 0.8288867290812315 0.08711950578195059 -0.552591152720821
    outer loop
      vertex 3.9125904029352228 0.8316467632710374 9
      vertex 4.5 0 9.75
      vertex 4 0 9
    endloop
  endfacet
  facet normal 0.9510565162951535 -0.3090169943749476 0
    outer loop
      vertex 4.110954559391704 -1.830314893841101 9.75
      vertex 4.401664203302126 -0.9356026086799171 9.75
      vertex 4.110954559391704 -1.830314893841101 10.5
    endloop
  endfacet
  facet normal 0.9510565162951535 -0.3090169943749476 0
    outer loop
      vertex 4.110954559391704 -1.830314893841101 10.5
      vertex 4.401664203302126 -0.9356026086799171 9.75
      vertex 4.401664203302126 -0.9356026086799171 10.5
    endloop
  endfacet
  facet normal 0.9510565162951535 0.3090169943749476 0
    outer loop
      vertex 4.110954559391704 1.830314893841101 9.75
      vertex 4.110954559391704 1.830314893841101 10.5
      vertex 4.401664203302126 0.9356026086799171 10.5
    endloop
  endfacet
  facet normal 0.9510565162951535 0.3090169943749476 0
    outer loop
      vertex 4.110954559391704 1.830314893841101 9.75
      vertex 4.401664203302126 0.9356026086799171 10.5
      vertex 4.401664203302126 0.9356026086799171 9.75
    endloop
  endfacet
  facet normal 0.7705132427757891 0.6374239897486899 0
    outer loop
      vertex 4.373811764528469 4.107282635572132 0
      vertex 4.373811764528469 4.107282635572132 2
      vertex 4.854101966249685 3.526711513754839 2
    endloop
  endfacet
  facet normal 0 0 -1
    outer loop
      vertex 4.373811764528469 4.107282635572132 0
      vertex 4.854101966249685 3.526711513754839 0
      vertex 4.37381176452847 -4.1072826355721315 0
    endloop
  endfacet
  facet normal 0.7705132427757891 0.6374239897486899 0
    outer loop
      vertex 4.373811764528469 4.107282635572132 0
      vertex 4.854101966249685 3.526711513754839 2
      vertex 4.854101966249685 3.526711513754839 0
    endloop
  endfacet
  facet normal 0 0 1
    outer loop
      vertex 4.373811764528469 4.107282635572132 2
      vertex 4.37381176452847 -4.1072826355721315 2
      vertex 4.854101966249685 -3.526711513754839 2
    endloop
  endfacet
  facet normal 0 0 1
    outer loop
      vertex 4.373811764528469 4.107282635572132 2
      vertex 4.854101966249685 -3.526711513754839 2
      vertex 4.854101966249685 3.526711513754839 2
    endloop
  endfacet
  facet normal 0.7705132427757891 -0.6374239897486897 0
    outer loop
      vertex 4.37381176452847 -4.1072826355721315 0
      vertex 4.854101966249685 -3.526711513754839 0
      vertex 4.37381176452847 -4.1072826355721315 2
    endloop
  endfacet
  facet normal 0 0 -1
    outer loop
      vertex 4.37381176452847 -4.1072826355721315 0
      vertex 4.854101966249685 3.526711513754839 0
      vertex 4.854101966249685 -3.526711513754839 0
    endloop
  endfacet
  facet normal 0.7705132427757891 -0.6374239897486897 0
    outer loop
      vertex 4.37381176452847 -4.1072826355721315 2
      vertex 4.854101966249685 -3.526711513754839 0
      vertex 4.854101966249685 -3.526711513754839 2
    endloop
  endfacet
  facet normal 0.9945218953682733 -0.10452846326765321 0
    outer loop
      vertex 4.401664203302126 -0.9356026086799171 9.75
      vertex 4.5 0 9.75
      vertex 4.401664203302126 -0.9356026086799171 10.5
    endloop
  endfacet
  facet normal 0.9945218953682733 -0.10452846326765321 0
    outer loop
      vertex 4.401664203302126 -0.9356026086799171 10.5
      vertex 4.5 0 9.75
      vertex 4.5 0 10.5
    endloop
  endfacet
  facet normal 0.9945218953682733 0.10452846326765321 0
    outer loop
      vertex 4.401664203302126 0.9356026086799171 9.75
      vertex 4.401664203302126 0.9356026086799171 10.5
      vertex 4.5 0 10.5
    endloop
  endfacet
  facet normal 0.9945218953682733 0.10452846326765321 0
    outer loop
      vertex 4.401664203302126 0.9356026086799171 9.75
      vertex 4.5 0 10.5
      vertex 4.5 0 9.75
    endloop
  endfacet
  facet normal 0 0 -1
    outer loop
      vertex 4.854101966249685 -3.526711513754839 0
      vertex 4.854101966249685 3.526711513754839 0
      vertex 5.257840080263182 2.890522044610292 0
    endloop
  endfacet
  facet normal 0.8443279255020154 -0.5358267949789961 0
    outer loop
      vertex 4.854101966249685 -3.526711513754839 0
      vertex 5.257840080263181 -2.890522044610292 0
      vertex 4.854101966249685 -3.526711513754839 2
    endloop
  endfacet
  facet normal 0 0 -1
    outer loop
      vertex 4.854101966249685 -3.526711513754839 0
      vertex 5.257840080263182 2.890522044610292 0
      vertex 5.257840080263181 -2.890522044610292 0
    endloop
  endfacet
  facet normal 0.8443279255020154 -0.5358267949789961 0
    outer loop
      vertex 4.854101966249685 -3.526711513754839 2
      vertex 5.257840080263181 -2.890522044610292 0
      vertex 5.257840080263181 -2.890522044610292 2
    endloop
  endfacet
  facet normal 0 0 1
    outer loop
      vertex 4.854101966249685 -3.526711513754839 2
      vertex 5.257840080263181 -2.890522044610292 2
      vertex 4.854101966249685 3.526711513754839 2
    endloop
  endfacet
  facet normal 0.844327925502015 0.535826794978997 0
    outer loop
      vertex 4.854101966249685 3.526711513754839 0
      vertex 4.854101966249685 3.526711513754839 2
      vertex 5.257840080263182 2.890522044610292 2
    endloop
  endfacet
  facet normal 0.844327925502015 0.535826794978997 0
    outer loop
      vertex 4.854101966249685 3.526711513754839 0
      vertex 5.257840080263182 2.890522044610292 2
      vertex 5.257840080263182 2.890522044610292 0
    endloop
  endfacet
  facet normal 0 0 1
    outer loop
      vertex 4.854101966249685 3.526711513754839 2
      vertex 5.257840080263181 -2.890522044610292 2
      vertex 5.257840080263182 2.890522044610292 2
    endloop
  endfacet
  facet normal 0 0 -1
    outer loop
      vertex 5.257840080263181 -2.890522044610292 0
      vertex 5.257840080263182 2.890522044610292 0
      vertex 5.578658915329508 2.208747316108068 0
    endloop
  endfacet
  facet normal 0.9048270524660194 -0.42577929156507305 0
    outer loop
      vertex 5.257840080263181 -2.890522044610292 0
      vertex 5.578658915329507 -2.20874731610807 0
      vertex 5.257840080263181 -2.890522044610292 2
    endloop
  endfacet
  facet normal 0 0 -1
    outer loop
      vertex 5.257840080263181 -2.890522044610292 0
      vertex 5.578658915329508 2.208747316108068 0
      vertex 5.578658915329507 -2.20874731610807 0
    endloop
  endfacet
  facet normal 0.9048270524660194 -0.42577929156507305 0
    outer loop
      vertex 5.257840080263181 -2.890522044610292 2
      vertex 5.578658915329507 -2.20874731610807 0
      vertex 5.578658915329507 -2.20874731610807 2
    endloop
  endfacet
  facet normal 0 0 1
    outer loop
      vertex 5.257840080263181 -2.890522044610292 2
      vertex 5.578658915329507 -2.20874731610807 2
      vertex 5.257840080263182 2.890522044610292 2
    endloop
  endfacet
  facet normal 0.9048270524660199 0.42577929156507194 0
    outer loop
      vertex 5.257840080263182 2.890522044610292 0
      vertex 5.257840080263182 2.890522044610292 2
      vertex 5.578658915329508 2.208747316108068 2
    endloop
  endfacet
  facet normal 0.9048270524660199 0.42577929156507194 0
    outer loop
      vertex 5.257840080263182 2.890522044610292 0
      vertex 5.578658915329508 2.208747316108068 2
      vertex 5.578658915329508 2.208747316108068 0
    endloop
  endfacet
  facet normal 0 0 1
    outer loop
      vertex 5.257840080263182 2.890522044610292 2
      vertex 5.578658915329507 -2.20874731610807 2
      vertex 5.578658915329508 2.208747316108068 2
    endloop
  endfacet
  facet normal 0 0 -1
    outer loop
      vertex 5.578658915329507 -2.20874731610807 0
      vertex 5.578658915329508 2.208747316108068 0
      vertex 5.8114989667717865 1.4921393229891287 0
    endloop
  endfacet
  facet normal 0 0 -1
    outer loop
      vertex 5.578658915329507 -2.20874731610807 0
      vertex 5.8114989667717865 1.4921393229891287 0
      vertex 5.811498966771787 -1.4921393229891267 0
    endloop
  endfacet
  facet normal 0.9510565162951534 -0.3090169943749479 0
    outer loop
      vertex 5.578658915329507 -2.20874731610807 0
      vertex 5.811498966771787 -1.4921393229891267 0
      vertex 5.578658915329507 -2.20874731610807 2
    endloop
  endfacet
  facet normal 0.9510565162951534 -0.3090169943749479 0
    outer loop
      vertex 5.578658915329507 -2.20874731610807 2
      vertex 5.811498966771787 -1.4921393229891267 0
      vertex 5.811498966771787 -1.4921393229891267 2
    endloop
  endfacet
  facet normal 0 0 1
    outer loop
      vertex 5.578658915329507 -2.20874731610807 2
      vertex 5.811498966771787 -1.4921393229891267 2
      vertex 5.578658915329508 2.208747316108068 2
    endloop
  endfacet
  facet normal 0.9510565162951535 0.3090169943749474 0
    outer loop
      vertex 5.578658915329508 2.208747316108068 0
      vertex 5.578658915329508 2.208747316108068 2
      vertex 5.8114989667717865 1.4921393229891287 2
    endloop
  endfacet
  facet normal 0.9510565162951535 0.3090169943749474 0
    outer loop
      vertex 5.578658915329508 2.208747316108068 0
      vertex 5.8114989667717865 1.4921393229891287 2
      vertex 5.8114989667717865 1.4921393229891287 0
    endloop
  endfacet
  facet normal 0 0 1
    outer loop
      vertex 5.578658915329508 2.208747316108068 2
      vertex 5.811498966771787 -1.4921393229891267 2
      vertex 5.8114989667717865 1.4921393229891287 2
    endloop
  endfacet
  facet normal 0.9822872507286886 0.18738131458572507 0
    outer loop
      vertex 5.8114989667717865 1.4921393229891287 0
      vertex 5.8114989667717865 1.4921393229891287 2
      vertex 5.952688207886867 0.7519994013858255 2
    endloop
  endfacet
  facet normal 0 0 -1
    outer loop
      vertex 5.8114989667717865 1.4921393229891287 0
      vertex 5.952688207886867 0.7519994013858255 0
      vertex 5.811498966771787 -1.4921393229891267 0
    endloop
  endfacet
  facet normal 0.9822872507286886 0.18738131458572507 0
    outer loop
      vertex 5.8114989667717865 1.4921393229891287 0
      vertex 5.952688207886867 0.7519994013858255 2
      vertex 5.952688207886867 0.7519994013858255 0
    endloop
  endfacet
  facet normal 0 0 1
    outer loop
      vertex 5.8114989667717865 1.4921393229891287 2
      vertex 5.811498966771787 -1.4921393229891267 2
      vertex 5.952688207886867 -0.7519994013858244 2
    endloop
  endfacet
  facet normal 0 0 1
    outer loop
      vertex 5.8114989667717865 1.4921393229891287 2
      vertex 5.952688207886867 -0.7519994013858244 2
      vertex 5.952688207886867 0.7519994013858255 2
    endloop
  endfacet
  facet normal 0.9822872507286888 -0.18738131458572416 0
    outer loop
      vertex 5.811498966771787 -1.4921393229891267 0
      vertex 5.952688207886867 -0.7519994013858244 0
      vertex 5.811498966771787 -1.4921393229891267 2
    endloop
  endfacet
  facet normal 0 0 -1
    outer loop
      vertex 5.811498966771787 -1.4921393229891267 0
      vertex 5.952688207886867 0.7519994013858255 0
      vertex 5.952688207886867 -0.7519994013858244 0
    endloop
  endfacet
  facet normal 0.9822872507286888 -0.18738131458572416 0
    outer loop
      vertex 5.811498966771787 -1.4921393229891267 2
      vertex 5.952688207886867 -0.7519994013858244 0
      vertex 5.952688207886867 -0.7519994013858244 2
    endloop
  endfacet
  facet normal 0 0 -1
    outer loop
      vertex 5.952688207886867 -0.7519994013858244 0
      vertex 5.952688207886867 0.7519994013858255 0
      vertex 6 0 0
    endloop
  endfacet
  facet normal 0.9980267284282717 -0.0627905195293134 0
    outer loop
      vertex 5.952688207886867 -0.7519994013858244 0
      vertex 6 0 0
      vertex 5.952688207886867 -0.7519994013858244 2
    endloop
  endfacet
  facet normal 0.9980267284282717 -0.0627905195293134 0
    outer loop
      vertex 5.952688207886867 -0.7519994013858244 2
      vertex 6 0 0
      vertex 6 0 2
    endloop
  endfacet
  facet normal 0 0 1
    outer loop
      vertex 5.952688207886867 -0.7519994013858244 2
      vertex 6 0 2
      vertex 5.952688207886867 0.7519994013858255 2
    endloop
  endfacet
  facet normal 0.9980267284282717 0.0627905195293133 0
    outer loop
      vertex 5.952688207886867 0.7519994013858255 0
      vertex 5.952688207886867 0.7519994013858255 2
      vertex 6 0 2
    endloop
  endfacet
  facet normal 0.9980267284282717 0.0627905195293133 0
    outer loop
      vertex 5.952688207886867 0.7519994013858255 0
      vertex 6 0 2
      vertex 6 0 0
    endloop
  endfacet
endsolid OpenSCAD_Model
